id,code,name,tdwg4_id,tdwg4_equivalent,tdwg3_equivalent,more_than_tdwg,iso_equivalent,island,OBJIDsic,pol_res,parent_id,alternate_name
1,ABW,Aruba,ARU-OO,1,1,0,1,1,508,1,,
2,AGO,Angola,ANG-OO,1,1,0,1,0,509,2,,
3,AIA,Anguilla,LEE-AG,1,0,0,1,1,510,1,1930,
4,ALB,Albania,ALB-OO,1,1,0,1,0,511,2,,
5,ARG.BA,Buenos Aires,AGE-BA,1,0,0,0,0,512,1,856,
6,ARG.CA,Catamarca,AGW-CA,1,0,0,0,0,513,1,856,
7,ARG.CHA,Chaco,AGE-CH,1,0,0,0,0,514,1,856,
8,ARG.CHU,Chubut,AGS-CB,1,0,0,0,0,515,1,856,
9,ARG.CO,Córdoba,AGE-CD,1,0,0,0,0,516,1,856,
10,ARG.COR,Corrientes,AGE-CN,1,0,0,0,0,517,1,856,
11,ARG.DF,Ciudad de Buenos Aires,AGE-DF,1,0,0,0,0,518,1,856,
12,ARG.ER,Entre Ríos,AGE-ER,1,0,0,0,0,519,1,856,
13,ARG.FO,Formosa,AGE-FO,1,0,0,0,0,520,1,856,
14,ARG.JU,Jujuy,AGW-JU,1,0,0,0,0,521,1,856,
15,ARG.LP,La Pampa,AGE-LP,1,0,0,0,0,522,1,856,
16,ARG.LR,La Rioja,AGW-LR,1,0,0,0,0,523,1,856,
17,ARG.ME,Mendoza,AGW-ME,1,0,0,0,0,524,1,856,
18,ARG.MI,Misiones,AGE-MI,1,0,0,0,0,525,1,856,
19,ARG.NE,Neuquén,AGS-NE,1,0,0,0,0,526,1,856,
20,ARG.RN,Río Negro,AGS-RN,1,0,0,0,0,527,1,856,
21,ARG.SA,Salta,AGW-SA,1,0,0,0,0,528,1,856,
22,ARG.SC,Santa Cruz,AGS-SC,0,0,0,0,0,529,1,856,
23,ARG.SE,Santiago del Estero,AGW-SE,1,0,0,0,0,530,1,856,
24,ARG.SF,Santa Fe,AGE-SF,1,0,0,0,0,531,1,856,
25,ARG.SJ,San Juan,AGW-SJ,1,0,0,0,0,532,1,856,
26,ARG.SL,San Luis,AGW-SL,1,0,0,0,0,533,1,856,
27,ARG.TF,Tierra del Fuego,AGS-TF,1,0,0,0,1,534,1,856,
28,ARG.TU,Tucumán,AGW-TU,1,0,0,0,0,535,1,856,
29,ASM.AUU,Aunuu,SAM-AS,0,0,0,0,1,536,1,857,
30,ASM.OFU,Ofu,SAM-AS,0,0,0,0,1,537,1,857,
31,ASM.OLO,Olosega,SAM-AS,0,0,0,0,1,538,1,857,
32,ASM.SWA,Swains,TOK-SW,0,0,0,0,1,539,1,857,
33,ASM.TAU,Tau,SAM-AS,0,0,0,0,1,540,1,857,
34,ASM.TUA,Tutuila,SAM-AS,0,0,0,0,1,541,1,857,
35,ATA,Antarctica,ANT-OO,1,1,0,1,0,542,1,,
38,AUS.AI,"Alexander Island (Australia, not Antarctica)",WAU-WA,0,0,1,0,1,545,1,1887,
39,AUS.AR,Ashmore Reef,WAU-AC,0,0,0,0,1,546,1,904,
40,AUS.BI,Beacon Island,WAU-WA,0,0,1,0,1,547,1,1887,
41,AUS.CSIT,Coral Sea Islands Territory,QLD-CS,1,0,1,0,1,548,1,904,
42,AUS.EWI,East Wallabi Island,WAU-WA,0,0,1,0,1,549,1,1887,
43,AUS.GI,Gilbert Island,WAU-WA,0,0,1,0,1,550,1,1887,
44,AUS.GUI,Gun Island,WAU-WA,0,0,1,0,1,551,1,1887,
45,AUS.HI,Helms Island,WAU-WA,0,0,1,0,1,552,1,1887,
46,AUS.HUI,Hummock Island,WAU-WA,0,0,1,0,1,553,1,1887,
47,AUS.LEI,Leo Island,WAU-WA,0,0,1,0,1,554,1,1887,
48,AUS.LI,"Long Island, Houtman Abrolhos",WAU-WA,0,0,1,0,1,555,1,1887,
49,AUS.LRI,Little Rat Island,WAU-WA,0,0,1,0,1,556,1,1887,
50,AUS.MI,Morley Island,WAU-WA,0,0,1,0,1,557,1,1887,
51,AUS.MII,Middle Island,WAU-WA,0,0,1,0,1,558,1,1887,
52,AUS.MUI,Murray Island,WAU-WA,0,0,1,0,1,559,1,1887,
53,AUS.NEI,Newman Island,WAU-WA,0,0,1,0,1,560,1,1887,
54,AUS.NI,"North Island, Houtman Abrolhos",WAU-WA,0,0,1,0,1,561,1,1887,
55,AUS.NSW.CC,Central Coast,NSW-NS,0,0,0,0,0,562,1,1888,
56,AUS.NSW.CT,Central Tablelands,NSW-NS,0,0,0,0,0,563,1,1888,
57,AUS.NSW.CWS,Central Western Slopes,NSW-NS,0,0,0,0,0,320,1,1888,
58,AUS.NSW.LHI,Lord Howe Island,NSW-NS,1,0,0,0,1,564,1,1888,
59,AUS.NSW.NC,North Coast,NSW-NS,0,0,0,0,0,565,1,1888,
60,AUS.NSW.NFWP,North Far Western Plains,NSW-NS,0,0,0,0,0,566,1,1888,
61,AUS.NSW.NT,Northern Tablelands,NSW-NS,0,0,0,0,0,567,1,1888,
62,AUS.NSW.NWP,North Western Plains,NSW-NS,0,0,0,0,0,568,1,1888,
63,AUS.NSW.NWS,North Western Slopes,NSW-NS,0,0,0,0,0,569,1,1888,
64,AUS.NSW.SC,South Coast,NSW-NS,0,0,0,0,0,570,1,1888,
65,AUS.NSW.SFWP,South Far Western Plains,NSW-NS,0,0,0,0,0,571,1,1888,
66,AUS.NSW.ST,Southern Tablelands,NSW-NS,0,0,0,0,0,572,1,1888,
67,AUS.NSW.SWP,South Western Plains,NSW-NS,0,0,0,0,0,573,1,1888,
68,AUS.NSW.SWS,South Western Slopes,NSW-NS,0,0,0,0,0,574,1,1888,
69,AUS.NT,Northern Territory,NTA-OO,1,1,0,0,0,575,1,904,
70,AUS.PEI,Pelsaert Island,WAU-WA,0,0,1,0,1,576,1,1887,
71,AUS.PI,Pigeon Island,WAU-WA,0,0,1,0,1,577,1,1887,
72,AUS.QNS.BK,Burke,QLD-QU,0,0,0,0,0,578,1,1889,
73,AUS.QNS.BN,Burnett,QLD-QU,0,0,0,0,0,579,1,1889,
74,AUS.QNS.CO,Cook,QLD-QU,0,0,0,0,0,580,1,1889,
75,AUS.QNS.DD,Darling Downs,QLD-QU,0,0,0,0,0,581,1,1889,
76,AUS.QNS.GN,Gregory North,QLD-QU,0,0,0,0,0,582,1,1889,
77,AUS.QNS.GS,Gregory South,QLD-QU,0,0,0,0,0,583,1,1889,
78,AUS.QNS.LE,Leichhardt,QLD-QU,0,0,0,0,0,584,1,1889,
79,AUS.QNS.MA,Maranoa,QLD-QU,0,0,0,0,0,585,1,1889,
80,AUS.QNS.MI,Mitchell,QLD-QU,0,0,0,0,0,586,1,1889,
81,AUS.QNS.MO,Moreton,QLD-QU,0,0,0,0,0,587,1,1889,
82,AUS.QNS.NK,North Kennedy,QLD-QU,0,0,0,0,0,588,1,1889,
83,AUS.QNS.PC,Port Curtis,QLD-QU,0,0,0,0,0,589,1,1889,
84,AUS.QNS.SK,South Kennedy,QLD-QU,0,0,0,0,0,590,1,1889,
85,AUS.QNS.WA,Warrego,QLD-QU,0,0,0,0,0,591,1,1889,
86,AUS.QNS.WB,Wide Bay,QLD-QU,0,0,0,0,0,592,1,1889,
87,AUS.RI,Rat Island,WAU-WA,0,0,1,0,1,593,1,1887,
88,AUS.SA.EA,Eastern,SOA-OO,0,0,0,0,0,594,1,2343,
89,AUS.SA.EP,Eyre Peninsula,SOA-OO,0,0,0,0,0,595,1,2343,
90,AUS.SA.FR,Flinders Ranges,SOA-OO,0,0,0,0,0,596,1,2343,
91,AUS.SA.GT,Gairdner-Torrens,SOA-OO,0,0,0,0,0,597,1,2343,
92,AUS.SA.KI,Kangaroo Island,SOA-OO,0,0,0,0,1,598,1,2343,
93,AUS.SA.LE,Lake Eyre,SOA-OO,0,0,0,0,0,599,1,2343,
94,AUS.SA.MU,Murray,SOA-OO,0,0,0,0,0,600,1,2343,
95,AUS.SA.NL,Northern Lofty,SOA-OO,0,0,0,0,0,601,1,2343,
96,AUS.SA.NU,Nullarbor,SOA-OO,0,0,0,0,0,602,1,2343,
97,AUS.SA.NW,North-Western,SOA-OO,0,0,0,0,0,603,1,2343,
98,AUS.SA.SE,South-Eastern,SOA-OO,0,0,0,0,0,604,1,2343,
99,AUS.SA.SL,Southern Lofty,SOA-OO,0,0,0,0,0,605,1,2343,
100,AUS.SA.YP,Yorke Peninsula,SOA-OO,0,0,0,0,0,606,1,2343,
101,AUS.SEI,Serventy Island,WAU-WA,0,0,1,0,1,607,1,1887,
102,AUS.SI,Seagull Island,WAU-WA,0,0,1,0,1,608,1,1887,
103,AUS.SUI,Suomi Island,WAU-WA,0,0,1,0,1,609,1,1887,
104,AUS.TAS,Tasmania,TAS-OO,0,0,0,0,1,610,1,858,
105,AUS.TAS.MI,Macquarie Island,MAQ-OO,1,1,0,0,1,611,1,858,
106,AUS.UMI,Uncle Margie Island,WAU-WA,0,0,1,0,1,612,1,1887,
107,AUS.VIC,Australia Victoria,VIC-OO,1,1,0,0,0,484,1,904,
108,AUS.WA.AW,Avon Wheatbelt,WAU-WA,0,0,0,0,0,613,1,1887,
109,AUS.WA.CAR,Carnarvon,WAU-WA,0,0,0,0,0,614,1,1887,
110,AUS.WA.CK,Central Kimberley,WAU-WA,0,0,0,0,0,615,1,1887,
111,AUS.WA.COO,Coolgardie,WAU-WA,0,0,0,0,0,616,1,1887,
112,AUS.WA.CR,Central Ranges,WAU-WA,0,0,0,0,0,617,1,1887,
113,AUS.WA.DL,Dampierland,WAU-WA,0,0,0,0,0,618,1,1887,
114,AUS.WA.ESP,Esperance Plains,WAU-WA,0,0,0,0,0,619,1,1887,
115,AUS.WA.GAS,Gascoyne,WAU-WA,0,0,0,0,0,620,1,1887,
116,AUS.WA.GD,Gibson Desert,WAU-WA,0,0,0,0,0,621,1,1887,
117,AUS.WA.GSD,Great Sandy Desert,WAU-WA,0,0,0,0,0,622,1,1887,
118,AUS.WA.GSP,Geraldton Sandplains,WAU-WA,0,0,0,0,0,623,1,1887,
119,AUS.WA.GVD,Great Victoria Desert,WAU-WA,0,0,0,0,0,624,1,1887,
120,AUS.WA.HAM,Hampton,WAU-WA,0,0,0,0,0,625,1,1887,
121,AUS.WA.JF,Jarrah Forest,WAU-WA,0,0,0,0,0,626,1,1887,
122,AUS.WA.LSD,Little Sandy Desert,WAU-WA,0,0,0,0,0,627,1,1887,
123,AUS.WA.MAL,Mallee,WAU-WA,0,0,0,0,0,628,1,1887,
124,AUS.WA.MUR,Murchison,WAU-WA,0,0,0,0,0,629,1,1887,
125,AUS.WA.NK,Northern Kimberley,WAU-WA,0,0,0,0,0,630,1,1887,
126,AUS.WA.NUL,Nullarbor,WAU-WA,0,0,0,0,0,631,1,1887,
127,AUS.WA.OVP,Ord Victoria Plain,WAU-WA,0,0,0,0,0,632,1,1887,
128,AUS.WA.PIL,Pilbara,WAU-WA,0,0,0,0,0,633,1,1887,
129,AUS.WA.SWA,Swan Coastal Plain,WAU-WA,0,0,0,0,0,634,1,1887,
130,AUS.WA.TAN,Tanami,WAU-WA,0,0,0,0,0,635,1,1887,
131,AUS.WA.VB,Victoria Bonaparte,WAU-WA,0,0,0,0,0,636,1,1887,
132,AUS.WA.WAR,Warren,WAU-WA,0,0,0,0,0,637,1,1887,
133,AUS.WA.YAL,Yalgoo,WAU-WA,0,0,0,0,0,638,1,1887,
134,AUS.WHI,White Island,WAU-WA,0,0,1,0,1,639,1,1887,
135,AUS.WI,Wooded Island,WAU-WA,0,0,1,0,1,640,1,1887,
136,AUS.WWI,West Wallabi Island,WAU-WA,0,0,1,0,1,641,1,1887,
137,AUT,Austria,AUT-AU,1,0,0,1,0,642,2,,
138,BDI,Burundi,BUR-OO,1,1,0,1,0,643,2,,
139,BEL,Belgium,BGM-BE,1,0,0,1,0,644,2,,
140,BEN,Benin,BEN-OO,1,1,0,1,0,645,2,,
141,BES.BON,Bonaire,NLA-BO,1,0,0,0,1,646,1,855,
142,BES.EUS,Sint Eustatius,LEE-NL,1,0,0,0,1,647,1,1930,
143,BES.SAB,Saba,LEE-NL,1,0,1,0,1,648,1,1930,
144,BFA,Burkina Faso,BKN-OO,1,1,0,1,0,649,2,,
145,BGR,Bulgaria,BUL-OO,1,1,0,1,0,650,2,,
146,BHS,Bahamas,BAH-OO,1,1,0,1,1,651,2,,
147,BLM,Saint Barthelemy,LEE-SM,0,0,0,0,1,652,1,1930,
148,BLR,Belarus,BLR-OO,1,1,0,1,0,653,2,,
149,BLZ,Belize,BLZ-OO,1,1,0,1,0,506,2,,
150,BMU,Bermuda,BER-OO,1,1,0,1,1,661,1,,
151,BOL,Bolivia,BOL-OO,1,1,0,1,0,662,2,,
152,BRA.AC,Acre,BZN-AC,1,0,0,0,0,663,1,859,
153,BRA.AL,Alagoas,BZE-AL,1,0,0,0,0,664,1,859,
154,BRA.AM,Amazonas,BZN-AM,0,0,0,0,0,665,1,859,
155,BRA.AP,Amapá,BZN-AP,1,0,0,0,0,666,1,859,
156,BRA.BA,Bahia,BZE-BA,1,0,0,0,0,667,1,859,
157,BRA.CE,Ceará,BZE-CE,0,0,0,0,0,668,1,859,
158,BRA.DF,Distrito Federal,BZC-DF,1,0,0,0,0,669,1,859,
159,BRA.ES,Espírito Santo,BZL-ES,0,0,0,0,0,670,1,859,
160,BRA.ES.TMZ,Trindade and Martin Vaz,BZL-ES,0,0,0,0,1,671,1,859,
161,BRA.GO,Goiás,BZC-GO,1,0,0,0,0,672,1,859,
162,BRA.MA,Maranhão,BZE-MA,1,0,0,0,0,673,1,859,
163,BRA.MG,Minas Gerais,BZL-MG,1,0,0,0,0,674,1,859,
164,BRA.MS,Mato Grosso do Sul,BZC-MS,1,0,0,0,0,675,1,859,
165,BRA.MT,Mato Grosso,BZC-MT,1,0,0,0,0,676,1,859,
166,BRA.PA,Pará,BZN-PA,1,0,0,0,0,677,1,859,
167,BRA.PB,Paraíba,BZE-PB,1,0,0,0,0,678,1,859,
168,BRA.PE,Pernambuco,BZE-PE,1,0,0,0,0,679,1,859,
169,BRA.PI,Piauí,BZE-PI,1,0,0,0,0,680,1,859,
170,BRA.PR,Paraná,BZS-PR,1,0,0,0,0,681,1,859,
171,BRA.RJ,Rio de Janeiro,BZL-RJ,1,0,0,0,0,682,1,859,
172,BRA.RN,Rio Grande do Norte,BZE-RN,1,0,0,0,0,683,1,859,
173,BRA.RO,Rondônia,BZN-RO,1,0,0,0,0,684,1,859,
174,BRA.RR,Roraima,BZN-RM,1,0,0,0,0,685,1,859,
175,BRA.RS,Rio Grande do Sul,BZS-RS,1,0,0,0,0,686,1,859,
176,BRA.SC,Santa Catarina,BZS-SC,1,0,0,0,0,687,1,859,
177,BRA.SE,Sergipe,BZE-SE,1,0,0,0,0,688,1,859,
178,BRA.SP,São Paulo,BZL-SP,1,0,0,0,0,689,1,859,
179,BRA.TO,Tocantins,BZN-TO,1,0,0,0,0,690,1,859,
180,BRB,Barbados,WIN-BA,1,0,0,1,1,691,2,1930,
181,BWA,Botswana,BOT-OO,1,1,0,1,0,692,2,,
182,CAF,Central African Republic,CAF-OO,1,1,0,1,0,693,2,,
183,CAN.AB,Alberta,ABT-OO,1,1,0,0,0,694,1,860,
184,CAN.BC,British Columbia,BRC-OO,1,1,0,0,0,695,1,860,
185,CAN.LB,Labrador,LAB-OO,1,1,0,0,0,696,1,860,
186,CAN.MB,Manitoba,MAN-OO,1,1,0,0,0,697,1,860,
187,CAN.NB,New Brunswick,NBR-OO,1,1,0,0,0,698,1,860,
188,CAN.NF,Newfoundland,NFL-NE,1,0,0,0,1,699,1,860,
189,CAN.NS,Nova Scotia,NSC-OO,0,0,0,0,0,700,1,860,
190,CAN.NT,Northwest Territories,NWT-OO,1,1,0,0,0,701,1,860,
191,CAN.NU,Nunavut,NUN-OO,1,1,0,0,0,702,1,860,
192,CAN.ON,Ontario,ONT-OO,1,1,0,0,0,703,1,860,
193,CAN.PE,Prince Edward Island,PEI-OO,1,1,0,0,1,704,1,860,
194,CAN.QU,Québec,QUE-OO,1,1,0,0,0,705,1,860,
196,CAN.SK,Saskatchewan,SAS-OO,1,1,0,0,0,707,1,860,
197,CAN.YT,Yukon,YUK-OO,1,1,0,0,0,708,1,860,
198,CCK.MA,Cocos (Keeling) Main Atoll,CKI-OO,0,0,0,0,1,91,1,861,
199,CCK.NKI,Cocos (Keeling) North Keeling Island,CKI-OO,0,0,1,0,1,709,1,861,
200,CHE,Switzerland,SWI-OO,1,1,0,1,0,710,2,,
201,CHL.AC,Antártica Chilena,CLS-MG,0,0,0,0,0,17,1,1231,
202,CHL.AI,Aisén,CLS-AI,0,0,0,0,0,712,1,1230,
203,CHL.AN,Antofagasta,CLN-AN,0,0,0,0,0,19,1,1221,
204,CHL.AR,Arica,CLN-TA,0,0,0,0,0,714,1,1868,
205,CHL.ASI,"Alejandro Selkirk Island, Juan Fernadez Islands",JNF-OO,0,0,0,0,1,715,1,1234,
206,CHL.AU,Arauco,CLC-BI,0,0,0,0,0,716,1,1227,
207,CHL.BI,Biobío,CLC-BI,0,0,0,0,0,717,1,1227,
208,CHL.CA,Cachapoal,CLC-OH,0,0,0,0,0,718,1,1225,
209,CHL.CB,Chacabuco,CLC-SA,0,0,0,0,0,83,1,1232,
210,CHL.CC,Cardenal Caro,CLC-OH,0,0,0,0,0,720,1,1225,
211,CHL.CD,Cordillera,CLC-SA,0,0,0,0,0,721,1,1232,
212,CHL.CE,Chiloé,CLS-LL,0,0,0,0,0,722,1,1865,
213,CHL.CH,Choapa,CLC-CO,0,0,0,0,0,723,1,1223,
214,CHL.CI,Coihaique,CLS-AI,0,0,0,0,0,724,1,1230,
215,CHL.CL,Colchagua,CLC-OH,0,0,0,0,0,725,1,1225,
216,CHL.CN,Concepción,CLC-BI,0,0,0,0,0,726,1,1227,
217,CHL.CO,Copiapó,CLN-AT,0,0,0,0,0,727,1,1222,
218,CHL.CP,Capitán Prat,CLS-AI,0,0,0,0,0,728,1,1230,
219,CHL.CQ,Cauquenes,CLC-MA,0,0,0,0,0,729,1,1226,
220,CHL.CR,Chañaral,CLN-AT,0,0,0,0,0,1257,1,1222,
221,CHL.CT,Cautín,CLC-LA,0,0,0,0,0,730,1,1228,
222,CHL.CU,Curicó,CLC-MA,0,0,0,0,0,731,1,1226,
223,CHL.EL,El Loa,CLN-AN,0,0,0,0,0,732,1,1221,
224,CHL.EQ,Elqui,CLC-CO,0,0,0,0,0,733,1,1223,
225,CHL.GC,General Carrera,CLS-AI,0,0,0,0,0,734,1,1230,
226,CHL.HU,Huasco,CLN-AT,0,0,0,0,0,735,1,1222,
227,CHL.IE,Iquique,CLN-TA,0,0,0,0,0,736,1,1869,
228,CHL.LA,Los Andes,CLC-VA,0,0,0,0,0,737,1,1224,
229,CHL.LL,Llanquihue,CLS-LL,0,0,0,0,0,738,1,1865,
230,CHL.LM,Limarí,CLC-CO,0,0,0,0,0,739,1,1223,
231,CHL.LN,Linares,CLC-MA,0,0,0,0,0,740,1,1226,
232,CHL.ME,Melipilla,CLC-SA,0,0,0,0,0,741,1,1232,
233,CHL.MG,Magallanes,CLS-MG,0,0,0,0,0,742,1,1231,
234,CHL.MI,Maipo,CLC-SA,0,0,0,0,0,743,1,1232,
235,CHL.ML,Malleco,CLC-LA,0,0,0,0,0,744,1,1228,
236,CHL.NU,Ñuble,CLC-BI,0,0,0,0,0,745,1,1227,
237,CHL.OS,Osorno,CLS-LL,0,0,0,0,0,746,1,1865,
238,CHL.PE,Petorca,CLC-VA,0,0,0,0,0,747,1,1224,
239,CHL.PL,Palena,CLS-LL,0,0,0,0,0,748,1,1865,
240,CHL.PR,Parinacota,CLN-TA,0,0,0,0,0,749,1,1868,
241,CHL.QU,Quillota,CLC-VA,0,0,0,0,0,750,1,1224,
242,CHL.RCI,"Robinso Crusoe Island, Juan Fernandez Islands",JNF-OO,0,0,0,0,1,751,1,1234,
243,CHL.SA,San Antonio,CLC-VA,0,0,0,0,0,752,1,1224,
244,CHL.SCI,"Santa Clara Island, Juan Fernadez Islands",JNF-OO,0,0,0,0,1,753,1,1234,
245,CHL.SF,San Felipe de Aconcagua,CLC-VA,0,0,0,0,0,754,1,1224,
246,CHL.SG,Santiago,CLC-SA,0,0,0,0,0,755,1,1232,
247,CHL.TC,Talca,CLC-MA,0,0,0,0,0,756,1,1226,
248,CHL.TG,Talagante,CLC-SA,0,0,0,0,0,757,1,1232,
249,CHL.TI,Tierra del Fuego,CLS-MG,0,0,0,0,1,758,1,1231,
250,CHL.TO,Tocopilla,CLN-AN,0,0,0,0,0,759,1,1221,
251,CHL.UE,Última Esperanza,CLS-MG,0,0,0,0,0,760,1,1231,
252,CHL.VD,Valdivia,CLS-LL,0,0,0,0,0,761,1,1229,
253,CHL.VP,Valparaíso,CLC-VA,0,0,0,0,0,762,1,1224,
254,CHN.11,Beijing,CHN-BJ,1,0,0,0,0,763,1,1501,
255,CHN.12,Tianjin,CHN-TJ,1,0,0,0,0,764,1,1501,
256,CHN.13,Hebei,CHN-HB,1,0,0,0,0,765,1,1501,
257,CHN.14,Shanxi,CHN-SX,1,0,0,0,0,766,1,1501,
258,CHN.21,Liaoning,CHM-LN,1,0,0,0,0,767,1,1501,
259,CHN.22,Jilin,CHM-JL,1,0,0,0,0,768,1,1501,
260,CHN.23,Heilongjiang,CHM-HJ,1,0,0,0,0,769,1,1501,
261,CHN.31,Shanghai,CHS-SH,1,0,0,0,0,770,1,1501,
262,CHN.32,Jiangsu,CHS-JS,1,0,0,0,0,771,1,1501,
263,CHN.33,Zhejiang,CHS-ZJ,1,0,0,0,0,772,1,1501,
264,CHN.34,Anhui,CHS-AH,1,0,0,0,0,773,1,1501,
265,CHN.35,Fujian,CHS-FJ,2,0,0,0,0,774,1,1501,
266,CHN.36,Jiangxi,CHS-JX,1,0,0,0,0,775,1,1501,
267,CHN.37,Shandong,CHN-SD,1,0,0,0,0,776,1,1501,
268,CHN.41,Henan,CHS-HE,1,0,0,0,0,777,1,1501,
269,CHN.42,Hubei,CHC-HU,1,0,0,0,0,778,1,1501,
270,CHN.43,Hunan,CHS-HN,1,0,0,0,0,779,1,1501,
271,CHN.44,Guangdong,CHS-GD,1,0,0,0,0,780,1,1501,
272,CHN.45,Guangxi,CHS-GX,1,0,0,0,0,781,1,1501,
273,CHN.46,Hainan,CHH-OO,1,1,0,0,1,782,1,1501,
274,CHN.50,Chongqing,CHC-CQ,1,0,0,0,0,783,1,1501,
275,CHN.51,Sichuan,CHC-SC,1,0,0,0,0,784,1,1501,
276,CHN.52,Guizhou,CHC-GZ,1,0,0,0,0,785,1,1501,
277,CHN.53,Yunnan,CHC-YN,1,0,0,0,0,786,1,1501,
278,CHN.55,Nei Mongol,CHI-NM,1,0,0,0,0,787,1,1501,
279,CHN.61,Shaanxi,CHN-SA,1,0,0,0,0,788,1,1501,
280,CHN.62,Gansu,CHN-GS,1,0,0,0,0,789,1,1501,
281,CHN.63,Qinghai,CHQ-OO,1,1,0,0,0,790,1,1501,
282,CHN.64,Ningxia Hui,CHI-NX,1,0,0,0,0,791,1,1501,
283,CHN.91,Hongkong,CHS-HK,1,0,0,1,0,792,1,1501,
284,CHN.92,Macau,CHS-MA,1,0,0,1,0,793,1,1501,
285,CHN.SIN,Xinjiang Uygur,CHX-OO,1,1,0,0,0,794,1,1501,
286,CHN.TIB,Xizang,CHT-OO,1,1,0,0,0,795,1,1501,
287,CIV,Cote d'Ivoire,IVO-OO,1,1,0,1,0,796,2,,
288,CMR,Cameroon,CMN-OO,1,1,0,1,0,797,2,,
289,COD,Democratic Republic of the Congo,ZAI-OO,1,1,0,1,0,798,2,,
290,COG,Congo,CON-OO,1,1,0,1,0,799,2,,
291,COK.AI,"Aitutaki, Cook Islands",COO-OO,0,0,0,0,1,800,1,862,
292,COK.AT,"Atiu, Cook Islands",COO-OO,0,0,0,0,1,801,1,862,
293,COK.MA,"Mangaia, Cook Islands",COO-OO,0,0,0,0,1,802,1,862,
294,COK.MAU,"Mauke, Cook Islands",COO-OO,0,0,0,0,1,803,1,862,
295,COK.ME,"Manuae, Cook Islands",COO-OO,0,0,0,0,1,804,1,862,
296,COK.MI,"Manihiki, Cook Islands",TOK-MA,0,0,0,0,1,805,1,862,
297,COK.MIT,"Mitiaro, Cook Islands",COO-OO,0,0,0,0,1,806,1,862,
298,COK.NAS,"Nassau, Cook Islands",TOK-MA,0,0,0,0,1,807,1,862,
299,COK.PAL,"Palmerston, Cook Islands",COO-OO,0,0,0,0,1,808,1,862,
300,COK.PEN,"Penrhyn, Cook Islands",TOK-MA,0,0,0,0,1,809,1,862,
301,COK.PUK,"Pukapuka, Cook Islands",TOK-MA,0,0,0,0,1,810,1,862,
302,COK.RA,"Rarotonga, Cook Islands",COO-OO,0,0,0,0,1,811,1,862,
303,COK.RAK,"Rakahanga, Cook Islands",TOK-MA,0,0,0,0,1,812,1,862,
304,COK.SUW,"Suwarrow, Cook Islands",TOK-MA,0,0,1,0,1,813,1,862,
305,COK.TAK,"Takutea, Cook Islands",COO-OO,0,0,0,0,1,814,1,862,
306,COL,Colombia,CLM-OO,1,1,0,1,0,815,2,,
307,COM,Comoros,COM-CO,1,0,0,1,1,816,2,1450,
308,CPV,Cape Verde,CVI-OO,1,1,1,1,1,817,2,,The Republic of Cabo Verde
309,CRI,Costa Rica,COS-OO,1,1,0,1,0,818,2,,
310,CUB,Cuba,CUB-OO,1,1,0,1,1,819,2,,
311,CUW,Curacao,NLA-CU,1,0,0,0,1,820,1,855,
312,CXR,Christmas Island,XMS-OO,1,1,0,1,1,821,1,,
313,CYM,Cayman Islands,CAY-OO,1,1,0,1,1,822,1,,
314,CYP,Cyprus,CYP-OO,1,1,0,1,1,823,2,,
315,CZE,Czech Republic,CZE-CZ,1,0,0,1,0,824,2,,
316,DEU,Germany,GER-OO,1,1,0,1,0,825,2,,
317,DJI,Djibouti,DJI-OO,1,1,0,1,0,826,2,,
318,DMA,Dominica,WIN-DO,1,0,0,1,1,827,2,1930,
319,DNK,Denmark,DEN-OO,1,1,0,1,0,828,2,,
320,DOM,Dominican Republic,DOM-OO,1,1,0,1,1,829,2,,
321,DZA,Algeria,ALG-OO,1,1,0,1,0,830,2,,
322,ECU,Ecuador (mainland),ECU-OO,1,1,0,0,0,831,1,865,
323,ECU.GAL,Galapagos,GAL-OO,1,1,0,0,1,832,1,865,
324,EGY,Egypt,EGY-OO,2,2,1,1,0,833,2,,
325,ERI,Eritrea,ERI-OO,1,1,0,1,0,834,2,,
326,ESP.BAL,Balearic Islands,BAL-OO,1,1,0,0,1,836,1,866,
327,ESP.CI,Canary Islands,CNY-OO,1,1,0,0,1,837,1,866,
328,ESP.ESP,Spain (mainland),SPA-SP,1,0,0,0,0,1360,1,866,
329,EST,Estonia,BLT-ES,1,0,0,1,0,838,2,,
330,ETH,Ethiopia,ETH-OO,1,1,0,1,0,839,2,,
331,FIN,Finland,FIN-OO,1,1,0,1,0,840,2,,
332,FJI.AIW,"Aiwa, Lau Islands",FIJ-OO,0,0,0,0,1,841,1,,
333,FJI.LAK,"Lakeba, Lau Islands",FIJ-OO,0,0,0,0,1,842,1,,
334,FJI.NAS,"Nasoata, Fiji Islands",FIJ-OO,0,0,0,0,1,843,1,,
335,FJI.NAY,"Nayau, Lau Islands",FIJ-OO,0,0,0,0,1,844,1,,
337,FRA.CI,Crozet Islands,CRZ-OO,1,1,0,0,1,847,1,1440,
338,FRA.CLI,Clipperton Island,CPI-CL,1,0,0,0,1,848,1,,
339,FRA.COR,Corsica,COR-OO,1,1,0,0,1,849,1,1441,
340,FRA.FRA,France (mainland),FRA-FR,1,0,0,0,0,1362,1,1441,
341,FRA.KI,Kerguelen Islands,KEG-OO,1,1,0,0,1,850,1,1440,
342,FRO,Faroe Islands,FOR-OO,1,1,0,1,1,851,1,,
343,GAB,Gabon,GAB-OO,1,1,0,1,0,852,2,,
344,GBR.DG,Diego Garcia,CGS-OO,0,0,0,0,1,853,1,874,
345,GBR.ENG,England,GRB-OO,0,0,0,0,1,854,1,868,
346,GBR.NIR,Northern Ireland,IRE-NI,1,0,0,0,1,855,1,868,
347,GBR.SCO,Scotland,GRB-OO,0,0,0,0,1,856,1,868,
348,GBR.WAL,Wales,GRB-OO,0,0,0,0,1,857,1,868,
349,GEO,Georgia,TCS-GR,2,0,1,0,0,858,2,,
350,GHA,Ghana,GHA-OO,1,1,0,1,0,859,2,,
351,GIN,Guinea,GUI-OO,1,1,0,1,0,860,2,,
353,GNB.EA,GNB_East,GNB-OO,0,0,0,0,0,862,1,870,
354,GNB.NO,GNB_North,GNB-OO,0,0,0,0,0,863,1,870,
355,GNB.SO,GNB_South,GNB-OO,0,0,0,0,0,864,1,870,
356,GNQ,Equatorial Guinea,EQG-OO,2,2,1,1,0,129,2,,
357,GRC,Greece,GRC-OO,2,2,1,1,0,865,2,,
358,GRD,Grenada,WIN-GR,1,0,0,1,1,866,2,1930,
359,GRL,Greenland,GNL-OO,1,1,0,1,1,867,1,,
360,GUF,French Guiana,FRG-OO,1,1,0,1,0,868,1,,
361,GUM,Guam,MRN-GU,1,0,0,1,1,869,1,,
362,GUY,Guyana,GUY-OO,1,1,0,1,0,870,2,,
363,HMD.HI,Heard Island,HMD-OO,0,0,0,0,1,871,1,871,
364,HRV,Croatia,YUG-CR,1,0,0,1,0,873,2,,
367,HUN,Hungary,HUN-OO,1,1,0,1,0,876,2,,
368,IDN,Indonesia,000-02,2,2,0,1,1,877,2,,
369,IMN,Isle of Man,GRB-OO,0,0,0,0,1,878,1,,
370,IND.AAN,Andaman and Nicobar,000-03,2,2,0,0,1,879,1,873,
371,IND.ANP,Andhra Pradesh,IND-AP,1,0,0,0,0,880,1,873,
372,IND.ARP,Arunachal Pradesh,EHM-AP,1,0,0,0,0,881,1,873,
373,IND.ASS,Assam,ASS-AS,1,0,0,0,0,882,1,873,
374,IND.BIH,Bihar,IND-BI,1,0,0,0,0,883,1,873,
375,IND.CHA,Chandigarh,IND-CH,1,0,0,0,0,884,1,873,
376,IND.CHH,Chhattisgarh,IND-CT,1,0,0,0,0,885,1,873,
377,IND.DEL,Delhi,IND-DE,1,0,0,0,0,886,1,873,
378,IND.GOA,Goa,IND-GO,1,0,0,0,0,887,1,873,
379,IND.GUJ,Gujarat,IND-GU,1,0,0,0,0,888,1,873,
380,IND.HAR,Haryana,IND-HA,1,0,0,0,0,889,1,873,
381,IND.HIP,Himachal Pradesh,WHM-HP,1,0,0,0,0,890,1,873,
382,IND.JAK,Jammu and Kashmir,WHM-JK,0,0,0,0,0,891,1,873,
383,IND.JHA,Jharkhand,IND-JK,1,0,0,0,0,892,1,873,
384,IND.KAR,Karnataka,IND-KT,1,0,0,0,0,893,1,873,
385,IND.KER,Kerala,IND-KE,1,0,0,0,0,894,1,873,
386,IND.LAK,Lakshadweep,LDV-OO,1,1,0,0,1,895,1,873,
387,IND.MAH,Maharashtra,IND-MR,1,0,0,0,0,896,1,873,
388,IND.MAN,Manipur,ASS-MA,1,0,0,0,0,897,1,873,
389,IND.MAP,Madhya Pradesh,IND-MP,1,0,0,0,0,898,1,873,
390,IND.MEG,Meghalaya,ASS-ME,1,0,0,0,0,899,1,873,
391,IND.MIZ,Mizoram,ASS-MI,1,0,0,0,0,900,1,873,
392,IND.NAG,Nagaland,ASS-NA,1,0,0,0,0,901,1,873,
393,IND.ODI,Orissa,IND-OR,1,0,0,0,0,902,1,873,
394,IND.PUD,Puducherry,000-09,2,0,0,0,0,903,1,873,
395,IND.PUN,Punjab,IND-PU,1,0,0,0,0,904,1,873,
396,IND.RAJ,Rajasthan,IND-RA,1,0,0,0,0,905,1,873,
397,IND.SIK,Sikkim,EHM-SI,1,0,0,0,0,906,1,873,
398,IND.TAN,Tamil Nadu,IND-TN,1,0,0,0,0,907,1,873,
399,IND.TRI,Tripura,ASS-TR,1,0,0,0,0,908,1,873,
400,IND.UTH,Uttaranchal,WHM-UT,1,0,1,0,0,909,1,873,
401,IND.UTP,Uttar Pradesh,IND-UP,1,0,0,0,0,910,1,873,
402,IND.WBE,West Bengal,IND-WB,2,2,1,0,0,911,1,873,
403,IRL,Ireland,IRE-IR,1,0,0,1,1,912,2,,
404,ISL.IAU,"East province, Iceland",ICE-OO,0,0,0,0,1,913,1,875,
405,ISL.IMI,"Central Highlands, Iceland",ICE-OO,0,0,0,0,1,914,1,875,
406,ISL.INO,"North province, Iceland",ICE-OO,0,0,0,0,1,915,1,875,
407,ISL.INV,"North-West province, Iceland",ICE-OO,0,0,0,0,1,916,1,875,
408,ISL.ISU,"South province, Iceland",ICE-OO,0,0,0,0,1,917,1,875,
409,ISL.IVE,"Westprovince, Iceland",ICE-OO,0,0,0,0,1,918,1,875,
410,ISR,Israel,PAL-IS,0,0,1,1,0,919,2,,
412,ITA.SAR,Sardinia,SAR-OO,1,1,0,0,1,921,1,876,
413,ITA.SIC,Sicily,SIC-SI,1,0,0,0,1,922,1,876,
414,JAM,Jamaica,JAM-OO,1,1,0,1,1,923,2,,
415,JEY_GGY,Channel Islands,FRA-CI,1,0,0,0,1,84,1,,
416,JPN,Japan,000-04,2,1,1,1,1,925,2,,
417,KEN,Kenya,KEN-OO,1,1,0,1,0,926,2,,
418,KGZ,Kyrgyzstan,KGZ-OO,1,1,0,1,0,927,2,,
419,KIR.KII,"Kiritimati, Northern Line Islands",LIN-KI,0,0,0,0,1,928,1,1503,
420,KIR.PAL,"Palmyra, Norther Line Islands",LIN-KI,0,0,0,0,1,929,1,,
427,KIR.TAB,Tabueran,LIN-KI,0,0,0,0,1,936,1,,
428,KIR.TER,"Teraina, Norther Line Islands",LIN-KI,0,0,0,0,1,937,1,,
431,KOR,"Korea, Republic of",KOR-SK,1,0,0,1,0,940,2,1875,
432,LAO,Lao People's Democratic Republic,LAO-OO,1,1,0,1,0,941,2,,Laos
433,LBR,Liberia,LBR-OO,1,1,0,1,0,942,2,,
434,LBY,Libyan Arab Jamahiriya,LBY-OO,1,1,0,1,0,943,2,,
435,LCA,Saint Lucia,WIN-SL,1,0,0,1,1,944,2,1930,
436,LIE,Liechtenstein,AUT-LI,1,0,0,1,0,945,2,,
437,LKA,Sri Lanka,SRL-OO,1,1,0,1,1,946,2,,
438,LSO,Lesotho,LES-OO,1,1,0,1,0,947,2,,
439,LTU,Lithuania,BLT-LI,1,0,0,1,0,948,2,,
440,LUX,Luxembourg,BGM-LU,1,0,0,1,0,949,2,,
441,LVA,Latvia,BLT-LA,1,0,0,1,0,950,2,,
442,MAR,Morocco,MOR-MO,1,0,0,1,0,951,2,,
443,MDA,Republic of Moldova,UKR-MO,1,0,0,1,0,952,2,,
444,MDG,Madagascar,MDG-OO,1,1,0,1,1,953,2,,
445,MEX.AGU,Aguascalientes,MXE-AG,1,0,0,0,0,954,1,880,
446,MEX.BC,Baja California Peninsula,000-08,2,0,0,0,0,1369,1,880,
447,MEX.CAM,Campeche,MXT-CA,1,0,0,0,0,957,1,880,
448,MEX.CHH,Chihuahua,MXE-CU,1,0,0,0,0,958,1,880,
449,MEX.CHP,Chiapas,MXT-CI,1,0,0,0,0,959,1,880,
450,MEX.COA,Coahuila,MXE-CO,1,0,0,0,0,960,1,880,
451,MEX.COL,Colima,MXS-CL,1,0,0,0,0,961,1,880,
452,MEX.DIF,Distrito Federal,MXC-DF,1,0,0,0,0,962,1,880,
453,MEX.DUR,Durango,MXE-DU,1,0,0,0,0,963,1,880,
454,MEX.GRO,Guerrero,MXS-GR,1,0,0,0,0,964,1,880,
455,MEX.GUA,Guanajuato,MXE-GU,1,0,0,0,0,965,1,880,
456,MEX.HID,Hidalgo,MXE-HI,1,0,0,0,0,966,1,880,
457,MEX.JAL,Jalisco,MXS-JA,1,0,0,0,0,967,1,880,
458,MEX.MEX,"México, México",MXC-ME,1,0,0,0,0,284,1,880,
459,MEX.MIC,Michoacán,MXS-MI,1,0,0,0,0,969,1,880,
460,MEX.MOR,Morelos,MXC-MO,1,0,0,0,0,970,1,880,
461,MEX.NAY,Nayarit,MXS-NA,1,0,0,0,0,971,1,880,
462,MEX.NLE,Nuevo León,MXE-NL,1,0,0,0,0,972,1,880,
463,MEX.OAX,Oaxaca,MXS-OA,1,0,0,0,0,973,1,880,
464,MEX.PUE,Puebla,MXC-PU,1,0,0,0,0,974,1,880,
465,MEX.QUE,Querétaro,MXE-QU,1,0,0,0,0,975,1,880,
466,MEX.ROO,Quintana Roo,MXT-QR,1,0,0,0,0,976,1,880,
467,MEX.SIN,Sinaloa,MXN-SI,1,0,0,0,0,977,1,880,
468,MEX.SLP,San Luis Potosí,MXE-SL,1,0,0,0,0,978,1,880,
469,MEX.SOC,Socorro,MXI-RG,0,0,0,0,1,979,1,880,
470,MEX.SON,Sonora,MXN-SO,1,0,0,0,0,980,1,880,
471,MEX.TAB,Tabasco,MXT-TB,1,0,0,0,0,981,1,880,
472,MEX.TAM,Tamaulipas,MXE-TA,1,0,0,0,0,982,1,880,
473,MEX.TLA,Tlaxcala,MXC-TL,1,0,0,0,0,983,1,880,
474,MEX.VER,Veracruz,MXG-VC,1,0,0,0,0,984,1,880,
475,MEX.YUC,Yucatán,MXT-YU,1,0,0,0,0,985,1,880,
476,MEX.ZAC,Zacatecas,MXE-ZA,1,0,0,0,0,986,1,880,
477,MHL.AA,Ailinginae Atoll,MRS-OO,0,0,0,0,1,987,1,878,
478,MHL.ENI,"Eniwetok, Mashall Islands",MRS-OO,0,0,0,0,1,988,1,878,
479,MHL.MA,"Majuro Atoll, Marshall Islands",MRS-OO,0,0,0,0,1,989,1,878,
480,MHL.RA,Rongelap Atoll,MRS-OO,0,0,0,0,1,990,1,878,
481,MKD,The former Yugoslav Republic of Macedonia,YUG-MA,1,0,0,1,0,991,2,,North Macedonia
482,MLI,Mali,MLI-OO,1,1,0,1,0,992,2,,
483,MLT,Malta,SIC-MA,1,0,0,1,1,993,2,,
507,MRT,Mauritania,MTN-OO,1,1,0,1,0,1017,2,,
508,MSR,Montserrat,LEE-MO,1,0,0,1,1,1018,1,1930,
509,MTQ,Martinique,WIN-MA,1,0,0,1,1,1019,1,1930,
510,MUS,"Mauritius, Republic of",MAU-OO,2,2,1,1,1,1020,2,,
511,MWI,Malawi,MLW-OO,1,1,0,1,0,1021,2,,
512,MYS.PEN,Malaysia Peninsula,MLY-PM,1,0,0,0,0,1022,1,881,
513,NAM,Namibia,NAM-OO,2,2,1,1,0,1023,2,,
514,NCL,New Caledonia,NWC-OO,1,1,0,1,1,1024,1,,
515,NER,Niger,NGR-OO,1,1,0,1,0,1025,2,,
516,NFK,Norfolk Island,NFK-NI,1,0,0,1,1,1026,1,,
517,NGA,Nigeria,NGA-OO,1,1,0,1,0,1027,2,,
518,NIC,Nicaragua,NIC-OO,1,1,0,1,0,1028,2,,
519,NLD,Netherlands,NET-OO,1,1,0,1,0,1029,2,,
520,NOR,Norway (mainland),NOR-OO,1,1,0,1,0,1030,2,,
521,NOR.JM,Jan Mayen,SVA-OO,0,0,0,0,1,1031,1,888,
522,NOR.SVA,Svalbard,SVA-OO,0,0,0,0,1,1032,1,888,
523,NPL,Nepal,NEP-OO,1,1,0,1,0,1033,2,,
524,NRU,Nauru,NRU-OO,1,1,0,1,1,1034,2,,
525,NZL,New Zealand,000-05,2,2,1,1,1,1035,2,,
526,NZL.AUC,Auckland Islands,ATP-OO,0,0,0,0,1,1036,1,525,
527,NZL.CI,Chatham Islands,CTM-OO,1,1,0,0,1,1037,1,525,
528,OMN,Oman,OMA-OO,1,1,0,1,0,329,2,,
529,PAN,Panama,PAN-OO,1,1,0,1,0,1067,2,,
530,PER,Peru,PER-OO,1,1,0,1,0,1068,2,,
531,PHL,Philippines,PHI-OO,1,1,0,1,1,1069,2,,
532,POL,Poland,POL-OO,1,1,0,1,0,1070,2,,
533,PRI,Puerto Rico,PUE-OO,1,1,0,1,1,1071,1,,
534,PRK,"Korea, Democratic People's Republic of",KOR-NK,1,0,0,1,0,1072,2,1875,
535,PRT.AZO,Azores,AZO-OO,1,1,1,0,1,1074,1,885,
536,PRT.DES,Desertas,MDR-OO,0,0,0,0,1,1075,1,885,
537,PRT.MAD,Madeira,MDR-OO,0,0,0,0,1,1076,1,885,
538,PRT.PRT,Portugal (mainland),POR-OO,1,1,0,0,0,1361,1,885,
539,PRT.PSA,Porto Santo,MDR-OO,0,0,0,0,1,1077,1,885,
540,PRT.SIS,Salvage Islands,SEL-OO,1,1,1,0,1,1078,1,885,
541,PYF.AGA,"Agakauitai, French Polynesia (Gambier Islands)",TUA-OO,0,0,1,0,1,1079,1,1415,
543,PYF.AI.MAR,"Maria, French Polynesia (Austral Islands)",TUB-OO,0,0,1,0,1,1081,1,1414,
544,PYF.AI.RAI,"Raivavae, French Polynesia (Austral Islands)",TUB-OO,0,0,0,0,1,1082,1,1414,
545,PYF.AI.RIM,"Rimatara, French Polynesia (Austral Islands)",TUB-OO,0,0,0,0,1,1083,1,1414,
546,PYF.AI.RUR,"Rurutu, French Polynesia (Austral Islands)",TUB-OO,0,0,0,0,1,1084,1,1414,
547,PYF.AI.TUB,"Tubuai, French Polynesia (Austral Islands)",TUB-OO,0,0,0,0,1,1085,1,1414,
548,PYF.BEL,"Bellingshausen, French Polynesia",SCI-OO,0,0,1,0,1,1086,1,1417,
549,PYF.BI.RAP,"Rapa, French Polynesia (Bass Islands)",TUB-OO,0,0,1,0,1,1087,1,1414,
550,PYF.GI.AKA,"Akamaru, French Polynesia (Gambier Islands)",TUA-OO,0,0,1,0,1,1088,1,1415,
551,PYF.GI.AUK,"Aukena, French Polynesia (Gambier Islands)",TUA-OO,0,0,1,0,1,1089,1,1415,
554,PYF.GI.MAN,"Mangareva, French Polynesia (Gambier Islands)",TUA-OO,0,0,1,0,1,1092,1,1415,
555,PYF.GI.TAR,"Taravai, French Polynesia (Gambier Islands)",TUA-OO,0,0,1,0,1,1093,1,1415,
556,PYF.GI.TAU,"Tauna, French Polynesia (Gambier Islands)",TUA-OO,0,0,1,0,1,1094,1,1415,
557,PYF.GI.TEK,"Tekava, French Polynesia (Gambier Islands)",TUA-OO,0,0,1,0,1,1095,1,1415,
558,PYF.GI.TEM,"Temoe, French Polynesia (Gambier Islands)",TUA-OO,0,0,1,0,1,1096,1,1415,
559,PYF.GI.TRO,"Tarauru Roa, French Polynesia (Gambier Islands)",TUA-OO,0,0,1,0,1,1097,1,1415,
560,PYF.HE,"Henderson, Pitcairn Islands",PIT-OO,0,0,0,0,1,1098,1,884,
561,PYF.MI.EI,"Eiao, French Polynesia (Marquesas Islands)",MRQ-OO,0,0,0,0,1,1099,1,1416,
562,PYF.MI.FHI,"Fatu Hiva, French Polynesia (Marquesas Islands)",MRQ-OO,0,0,0,0,1,1100,1,1416,
563,PYF.MI.FHU,"Fatu Huku, French Polynesia (Marquesas Islands)",MRQ-OO,0,0,1,0,1,1101,1,1416,
564,PYF.MI.HA,"Hatutaa, French Polynesia (Marquesas Islands)",MRQ-OO,0,0,0,0,1,1102,1,1416,
565,PYF.MI.HO,"Hiva Oa, French Polynesia (Marquesas Islands)",MRQ-OO,0,0,0,0,1,1103,1,1416,
566,PYF.MI.MO,"Mohotani, French Polynesia (Marquesas Islands)",MRQ-OO,0,0,0,0,1,1104,1,1416,
567,PYF.MI.NH,"Nuku Hiva, French Polynesia (Marquesas Islands)",MRQ-OO,0,0,0,0,1,1105,1,1416,
568,PYF.MI.TA,"Tahuata, French Polynesia (Marquesas Islands)",MRQ-OO,0,0,0,0,1,1106,1,1416,
569,PYF.MI.UH,"Ua Huka, French Polynesia (Marquesas Islands)",MRQ-OO,0,0,0,0,1,1107,1,1416,
570,PYF.MI.UP,"Ua Pou, French Polynesia (Marquesas Islands)",MRQ-OO,0,0,0,0,1,1108,1,1416,
571,PYF.OE,"Oeno, Pitcairn Islands",PIT-OO,0,0,1,0,1,1109,1,884,
572,PYF.PC,"Pitcairn, Pitcairn Islands",PIT-OO,0,0,0,0,1,1110,1,884,
573,PYF.SI.BOR,"Bora Bora, French Polynesia (Society Islands)",SCI-OO,0,0,0,0,1,1111,1,1417,
574,PYF.SI.HUA,"Huahine, French Polynesia (Society Islands)",SCI-OO,0,0,0,0,1,1112,1,1417,
575,PYF.SI.MAI,"Maiao, French Polynesia (Society Islands)",SCI-OO,0,0,0,0,1,1113,1,1417,
576,PYF.SI.MAU,"Maupiti, French Polynesia (Society Islands)",SCI-OO,0,0,0,0,1,1114,1,1417,
577,PYF.SI.MEH,"Mehetia, French Polynesia (Society Islands)",SCI-OO,0,0,1,0,1,1115,1,1417,
578,PYF.SI.MOO,"Moorea, French Polynesia (Society Islands)",SCI-OO,0,0,0,0,1,1116,1,1417,
579,PYF.SI.MOP,"Mopelia, French Polynesia (Society Islands)",SCI-OO,0,0,1,0,1,1117,1,1417,
580,PYF.SI.RAI,"Raiatea, French Polynesia (Society Islands)",SCI-OO,0,0,0,0,1,1118,1,1417,
581,PYF.SI.TAH,"Tahaa, French Polynesia (Society Islands)",SCI-OO,0,0,0,0,1,1119,1,1417,
582,PYF.SI.TET,"Tetiaroa, French Polynesia (Society Islands)",SCI-OO,0,0,0,0,1,1120,1,1417,
583,PYF.SI.THI,"Tahiti, French Polynesia (Society Islands)",SCI-OO,0,0,0,0,1,1121,1,1417,
584,PYF.SI.TUP,"Tupai, French Polynesia (Society Islands)",SCI-OO,0,0,0,0,1,1122,1,1417,
588,PYF.TA.FAK,"Fakahina, French Polynesia (Tuamotu Archipelago)",TUA-OO,0,0,1,0,1,1126,1,1418,
589,PYF.TA.FAN,"Fangataufa, French Polynesia (Tuamotu Archipelago)",TUA-OO,0,0,1,0,1,1127,1,1418,
590,PYF.TA.HAO,"Hao, French Polynesia (Tuamotu Archipelago)",TUA-OO,0,0,0,0,1,1128,1,1418,
592,PYF.TA.KAU,"Kaukura, French Polynesia (Tuamotu Archipelago)",TUA-OO,0,0,0,0,1,1130,1,1418,
594,PYF.TA.MAK,"Makatea, French Polynesia (Tuamotu Archipelago)",TUA-OO,0,0,0,0,1,1132,1,1418,
595,PYF.TA.MAN,"Manihi, French Polynesia (Tuamotu Archipelago)",TUA-OO,0,0,0,0,1,1133,1,1418,
596,PYF.TA.MAO,"Matureivavao, French Polynesia (Tuamotu Archipelago)",TUA-OO,0,0,1,0,1,1134,1,1418,
597,PYF.TA.MOR,"Moruroa, French Polynesia (Tuamotu Archipelago)",TUA-OO,0,0,1,0,1,1135,1,1418,
600,PYF.TA.NIA,"Niau, French Polynesia (Tuamotu Archipelago)",TUA-OO,0,0,0,0,1,1138,1,1418,
601,PYF.TA.RAN,"Rangiroa, French Polynesia (Tuamotu Archipelago)",TUA-OO,0,0,0,0,1,1139,1,1418,
603,PYF.TA.TAI,"Taiaro, French Polynesia (Tuamotu Archipelago)",TUA-OO,0,0,0,0,1,1140,1,1418,
604,PYF.TA.TAO,"Takapoto, French Polynesia (Tuamotu Archipelago)",TUA-OO,0,0,0,0,1,1144,1,1418,
605,PYF.TA.TEN,"Tenararo, French Polynesia (Tuamotu Archipelago)",TUA-OO,0,0,1,0,1,1141,1,1418,
606,PYF.TA.TGA,"Tenarunga, French Polynesia (Tuamotu Archipelago)",TUA-OO,0,0,1,0,1,1142,1,1418,
607,PYF.TA.TIK,"Tikehau, French Polynesia (Tuamotu Archipelago)",TUA-OO,0,0,0,0,1,1143,1,1418,
610,PYF.TA.TNO,"Tepoto North, French Polynesia (Tuamotu Archipelago)",TUA-OO,0,0,1,0,1,1146,1,1418,
611,PYF.TA.TOA,"Toau, French Polynesia (Tuamotu Archipelago)",TUA-OO,0,0,0,0,1,1147,1,1418,
612,PYF.TA.VAH,"Vahanga, French Polynesia (Tuamotu Archipelago)",TUA-OO,0,0,1,0,1,1148,1,1418,
613,QAT,Qatar,GST-QA,1,0,0,1,0,1149,2,,
614,ROU,Romania,ROM-OO,1,1,0,1,0,1150,2,,
615,RUS.KHA,Khabarovsk,KHA-OO,0,0,0,0,0,1151,1,1512,
617,RUS.KI.ANU,"Anuchina, Kuril Islands",KUR-OO,0,0,0,0,1,1152,1,1699,
618,RUS.KI.DEM,"Demina, Kuril Islands",KUR-OO,0,0,0,0,1,1153,1,1699,
620,RUS.KI.ITU,"Iturup, Kuril Islands",KUR-OO,0,0,0,0,1,1155,1,1699,
621,RUS.KI.KET,"Ketoi, Kuril Islands",KUR-OO,0,0,0,0,1,1156,1,1696,
622,RUS.KI.KHA,"Kharimkotan, Kuril Islands",KUR-OO,0,0,0,0,1,1157,1,1696,
623,RUS.KI.KUR,"Kunashir, Kuril Islands",KUR-OO,0,0,0,0,1,1158,1,1699,
625,RUS.KI.MAT,"Matua, Kuril Islands",KUR-OO,0,0,0,0,1,1160,1,1696,
626,RUS.KI.PAR,"Paramushir, Kuril Islands",KUR-OO,0,0,0,0,1,1161,1,1696,
627,RUS.KI.POL,"Polonskogo, Kuril Islands",KUR-OO,0,0,0,0,1,1162,1,1699,
628,RUS.KI.SHI,"Shimushir, Kuril Islands",KUR-OO,0,0,0,0,1,1163,1,1696,
629,RUS.KI.SHN,"Shikotan, Kuril Islands",KUR-OO,0,0,0,0,1,1164,1,1699,
630,RUS.KI.SHU,"Shumushu, Kuril Islands",KUR-OO,0,0,0,0,1,1165,1,1696,
631,RUS.KI.STO,"Storozhevoy, Kuril Islands",KUR-OO,0,0,0,0,1,1166,1,1699,
632,RUS.KI.TAN,"Tanfilyeva, Kuril Islands",KUR-OO,0,0,0,0,1,1167,1,1699,
633,RUS.KI.URU,"Urup, Kuril Islands",KUR-OO,0,0,0,0,1,1168,1,1699,
634,RUS.KI.USH,"Ushishir, Kuril Islands",KUR-OO,0,0,0,0,1,1169,1,1696,
635,RUS.KI.YUR,"Yuri, Kuril Islands",KUR-OO,0,0,0,0,1,1170,1,1699,
636,RUS.KI.ZEJ,"Zeleny, Kuril Islands",KUR-OO,0,0,0,0,1,1171,1,1699,
637,RUS.LN,Leningrad,RUW-OO,0,0,0,0,0,1172,1,897,
638,RUS.LP,Lipetsk,RUC-OO,0,0,0,0,0,1173,1,897,
639,RUS.MAG,Magadan region,MAG-OO,0,0,0,0,0,264,1,1512,
640,RUS.MR,Mordovia,RUC-OO,0,0,0,0,0,1174,1,897,
641,RUS.MS,Moskva,RUC-OO,0,0,0,0,0,1175,1,897,
642,RUS.RZ,Ryazan,RUC-OO,0,0,0,0,0,1176,1,897,
643,RUS.SIB.AK,Altay,ALT-OO,0,0,0,0,0,5,1,886,
644,RUS.SIB.AR,Altai Republic,ALT-OO,0,0,0,0,0,1178,1,886,
645,RUS.SIB.IO,Irkutsk,IRK-OO,1,1,0,0,0,1179,1,886,
646,RUS.SIB.KK,Krasnoyarsk,KRA-OO,0,0,0,0,0,1180,1,1858,
647,RUS.SIB.KR,Kemerovo,WSB-OO,0,0,0,0,0,1181,1,886,
648,RUS.SIB.NR,Novosibirsk,WSB-OO,0,0,0,0,0,1182,1,886,
649,RUS.SIB.OR,Omsk,WSB-OO,0,0,0,0,0,1183,1,886,
650,RUS.SIB.RB,Buryat,BRY-OO,1,1,0,0,0,1184,1,886,
651,RUS.SIB.RK,Khakass,KRA-OO,0,0,0,0,0,1185,1,886,
652,RUS.SIB.RT,Republic of Tyva,TVA-OO,1,1,0,0,0,1186,1,886,
653,RUS.SIB.TO,Tomsk,WSB-OO,0,0,0,0,0,1187,1,886,
654,RUS.SIB.ZK,Zabaykalsky Krai,CTA-OO,1,1,0,0,0,1188,1,886,
655,RUS.TL,Tula,RUC-OO,0,0,0,0,0,1189,1,897,
656,RUS.TV,Tver,RUC-OO,0,0,0,0,0,1190,1,897,
657,RUS.VR,Voronezh,RUC-OO,0,0,0,0,0,1191,1,897,
658,RWA,Rwanda,RWA-OO,1,1,0,1,0,1192,2,,
659,SAU,Saudi Arabia,SAU-OO,1,1,0,1,0,1193,2,,
660,SDN,Sudan (incl. South Sudan),SUD-OO,1,1,0,2,0,1194,2,,
661,SEN,Senegal,SEN-OO,1,1,0,1,0,1195,2,,
662,SGP,Singapore,MLY-SI,1,0,0,1,1,1196,2,,
663,SGS.SGI,South Georgia Island,SGE-OO,1,1,0,0,1,1197,1,,
664,SHN.AC,Ascension Island,ASC-OO,1,1,0,0,1,32,1,,
665,SHN.GI,Gough Island,TDC-OO,0,0,0,0,1,1198,1,,
666,SHN.II,Inaccessible Island,TDC-OO,0,0,0,0,1,1199,1,,
667,SHN.NI,Nightingale,TDC-OO,0,0,0,0,1,1200,1,,
668,SHN.SH,St Helena,STH-OO,1,1,0,0,1,432,1,,
669,SHN.TC,Tristan da Cunha,TDC-OO,0,0,0,0,1,1201,1,,
670,SLE,Sierra Leone,SIE-OO,1,1,0,1,0,1202,2,,
671,SOM,Somalia,SOM-OO,1,1,0,1,0,1203,2,,
672,SPM,Saint Pierre and Miquelon,NFL-SP,1,0,0,1,1,1204,1,,
673,STP,Sao Tome and Principe,000-06,2,0,0,1,1,1205,2,,
674,SUR,Suriname,SUR-OO,1,1,0,1,0,1206,2,,
675,SVK,Slovakia,CZE-SK,1,0,0,1,0,1207,2,,
676,SVN,Slovenia,YUG-SL,1,0,0,1,0,1208,2,,
677,SWE,Sweden,SWE-OO,1,1,0,1,0,1209,2,,
678,SWZ,Swaziland,SWZ-OO,1,1,0,1,0,1210,2,,Eswatini
679,STM,St. Martin (island),000-38,2,0,,0,1,1211,,1930,
680,SYC.AFB,"African Banks, Seychelles",SEY-OO,0,0,0,0,1,1212,1,887,
681,SYC.ALD,"Aldabra, Seychelles",SEY-OO,0,0,1,0,1,1213,1,887,
682,SYC.ALP,"Alphonse, Seychelles",SEY-OO,0,0,0,0,1,1214,1,887,
683,SYC.ARI,"Aride, Seychelles",SEY-OO,0,0,0,0,1,1215,1,887,
684,SYC.ASS,"Assumption, Seychelles",SEY-OO,0,0,0,0,1,1216,1,887,
685,SYC.AST,"Astove, Seychelles",SEY-OO,0,0,1,0,1,1217,1,887,
686,SYC.BIR,"Bird, Seychelles",SEY-OO,0,0,0,0,1,1218,1,887,
687,SYC.BOI,"Booby Island, Seychelles",SEY-OO,0,0,0,0,1,1219,1,887,
688,SYC.COC,"Cocos, Seychelles",SEY-OO,0,0,0,0,1,1220,1,887,
689,SYC.COE,"Coetivy, Seychelles",SEY-OO,0,0,0,0,1,1221,1,887,
690,SYC.CON,"Conception, Seychelles",SEY-OO,0,0,0,0,1,1222,1,887,
691,SYC.COS,"Cosmoledo, Seychelles",SEY-OO,0,0,1,0,1,1223,1,887,
692,SYC.COU,"Cousin, Seychelles",SEY-OO,0,0,0,0,1,1224,1,887,
693,SYC.CSE,"Cousine, Seychelles",SEY-OO,0,0,0,0,1,1225,1,887,
694,SYC.CUR,"Curieuse, Seychelles",SEY-OO,0,0,0,0,1,1226,1,887,
695,SYC.DAR,"Darros, Seychelles",SEY-OO,0,0,0,0,1,1227,1,887,
696,SYC.DEN,"Denis, Seychelles",SEY-OO,0,0,0,0,1,1228,1,887,
697,SYC.DES,"Desroches, Seychelles",SEY-OO,0,0,0,0,1,1229,1,887,
698,SYC.DNO,"Desnoefs, Seychelles",SEY-OO,0,0,0,0,1,1230,1,887,
699,SYC.FAR,"Farquhar, Seychelles",SEY-OO,0,0,1,0,1,1231,1,887,
700,SYC.FEL,"Felicite, Seychelles",SEY-OO,0,0,0,0,1,1232,1,887,
701,SYC.FRE,"Fregate, Seychelles",SEY-OO,0,0,0,0,1,1233,1,887,
702,SYC.GSO,"Grande Soeur, Seychelles",SEY-OO,0,0,0,0,1,1234,1,887,
703,SYC.IAC,"Ile au Cerf, Seychelles",SEY-OO,0,0,0,0,1,1235,1,887,
704,SYC.IAN,"Ile Anonyme, Seychelles",SEY-OO,0,0,0,0,1,1236,1,887,
705,SYC.ILO,"Ile Longue, Seychelles",SEY-OO,0,0,0,0,1,1237,1,887,
706,SYC.ISA,"Ile St Anne, Seychelles",SEY-OO,0,0,0,0,1,1238,1,887,
707,SYC.IVM,"Ile aux Vaches Marines, Seychelles",SEY-OO,0,0,0,0,1,1239,1,887,
708,SYC.LDI,"La Digue, Seychelles",SEY-OO,0,0,0,0,1,1240,1,887,
709,SYC.MAH,"Mahe, Seychelles",SEY-OO,0,0,0,0,1,1241,1,887,
710,SYC.MAR,"Marianne, Seychelles",SEY-OO,0,0,0,0,1,1242,1,887,
711,SYC.MLO,"Marie-Louise, Seychelles",SEY-OO,0,0,0,0,1,1243,1,887,
712,SYC.NOI,"North Island, Seychelles",SEY-OO,0,0,0,0,1,1244,1,887,
713,SYC.PLA,"Platte, Seychelles",SEY-OO,0,0,0,0,1,1245,1,887,
714,SYC.POI,"Poivre, Seychelles",SEY-OO,0,0,0,0,1,1246,1,887,
715,SYC.PRA,"Praslin, Seychelles",SEY-OO,0,0,0,0,1,1247,1,887,
716,SYC.PRO,"Providence, Seychelles",SEY-OO,0,0,1,0,1,1248,1,887,
717,SYC.PSO,"Petit Soeur, Seychelles",SEY-OO,0,0,0,0,1,1249,1,887,
718,SYC.REC,"Recifs, Seychelles",SEY-OO,0,0,0,0,1,1250,1,887,
719,SYC.REM,"Remire, Seychelles",SEY-OO,0,0,0,0,1,1251,1,887,
720,SYC.SFR,"St Francois, Seychelles",SEY-OO,0,0,0,0,1,1252,1,887,
721,SYC.SIL,"Silhouette, Seychelles",SEY-OO,0,0,0,0,1,1253,1,887,
722,SYC.SJO,"St Joseph, Seychelles",SEY-OO,0,0,0,0,1,1254,1,887,
723,SYC.STP,"St Pierre, Seychelles",SEY-OO,0,0,1,0,1,1255,1,887,
724,SYC.THE,"Therese, Seychelles",SEY-OO,0,0,0,0,1,1256,1,887,
725,TCD,Chad,CHA-OO,1,1,0,1,0,719,2,,
726,TGO,Togo,TOG-OO,1,1,0,1,0,1258,2,,
727,THA,Thailand,THA-OO,1,1,0,1,0,1259,2,,
728,TON,Tonga,TON-OO,1,1,0,1,1,1260,2,,
729,TUN,Tunisia,TUN-OO,1,1,0,1,0,1261,2,,
730,TUR.EUR,Turkey_Europe,TUE-OO,0,0,0,0,0,1262,1,889,
731,TWN,Taiwan,TAI-OO,1,1,0,1,1,1263,2,864,
732,TZA,United Republic of Tanzania,TAN-OO,1,1,0,1,0,1264,2,,
733,UGA,Uganda,UGA-OO,1,1,0,1,0,1265,2,,
734,UKR,Ukraine,UKR-UK,2,2,1,1,0,1266,2,,
735,URY,Uruguay,URU-OO,1,1,0,1,0,1267,2,,
736,USA.AK,Alaska,ASK-OO,1,1,0,0,0,1268,1,890,
737,USA.AL,Alabama,ALA-OO,1,1,0,0,0,1269,1,906,
738,USA.AR,Arkansas,ARK-OO,1,1,0,0,0,1270,1,906,
739,USA.AZ,Arizona,ARI-OO,1,1,0,0,0,1271,1,906,
740,USA.CA,California,CAL-OO,1,1,0,0,0,1272,1,906,
741,USA.CO,Colorado,COL-OO,1,1,0,0,0,1273,1,906,
742,USA.CT,Connecticut,CNT-OO,1,1,0,0,0,1274,1,906,
743,USA.DC,Washington DC,WDC-OO,1,1,0,0,0,1275,1,906,
744,USA.DE,Delaware,DEL-OO,1,1,0,0,0,1276,1,906,
745,USA.FL,Florida,FLA-OO,1,1,0,0,0,1277,1,906,
746,USA.GA,Georgia,GEO-OO,1,1,0,0,0,1278,1,906,
747,USA.HI.FFS,French Frigate Shoals,HAW-HI,0,0,0,0,1,151,1,899,
748,USA.HI.HAW,Hawai'i (Big Island),HAW-HI,0,0,0,0,1,171,1,899,
749,USA.HI.KAH,Kaho'olawe,HAW-HI,0,0,0,0,1,214,1,899,
750,USA.HI.KAR,Ka'ula Rock,HAW-HI,0,0,0,0,1,213,1,899,
751,USA.HI.KAU,Kaua'i,HAW-HI,0,0,0,0,1,222,1,899,
752,USA.HI.KUR,Kure,HAW-HI,0,0,0,0,1,232,1,899,
753,USA.HI.LAE,Läna'i,HAW-HI,0,0,0,0,1,247,1,899,
754,USA.HI.LAY,Laysan,HAW-HI,0,0,0,0,1,249,1,899,
755,USA.HI.LEH,Lehua,HAW-HI,0,0,0,0,1,251,1,899,
756,USA.HI.LIS,Lisianski,HAW-HI,0,0,0,0,1,258,1,899,
757,USA.HI.MAU,Maui,HAW-HI,0,0,0,0,1,277,1,899,
758,USA.HI.MID,Midway,HAW-HI,0,0,0,0,1,286,1,899,
759,USA.HI.MOL,Moloka'i,HAW-HI,0,0,0,0,1,288,1,899,
760,USA.HI.NIH,Nihoa,HAW-HI,0,0,0,0,1,309,1,899,
761,USA.HI.NII,Ni'ihau,HAW-HI,0,0,0,0,1,307,1,899,
762,USA.HI.OAH,O'ahu,HAW-HI,0,0,0,0,1,321,1,899,
763,USA.HI.PEH,Pearl & Hermes,HAW-HI,0,0,0,0,1,356,1,899,
764,USA.IA,Iowa,IOW-OO,1,1,0,0,0,1280,1,906,
765,USA.ID,Idaho,IDA-OO,1,1,0,0,0,1281,1,906,
766,USA.IL,Illinois,ILL-OO,1,1,0,0,0,1282,1,906,
767,USA.IN,Indiana,INI-OO,1,1,0,0,0,1283,1,906,
768,USA.JI,Johnston Island,HAW-JI,1,0,0,0,1,1284,1,,
769,USA.KS,Kansas,KAN-OO,1,1,0,0,0,1285,1,906,
770,USA.KY,Kentucky,KTY-OO,1,1,0,0,0,1286,1,906,
771,USA.LA,Louisiana,LOU-OO,1,1,0,0,0,1287,1,906,
772,USA.MA,Massachusetts,MAS-OO,1,1,0,0,0,1288,1,906,
773,USA.MD,Maryland,MRY-OO,1,1,0,0,0,1289,1,906,
774,USA.ME,Maine,MAI-OO,1,1,0,0,0,1290,1,906,
775,USA.MI,Michigan,MIC-OO,1,1,0,0,0,1291,1,906,
776,USA.MN,Minnesota,MIN-OO,1,1,0,0,0,1292,1,906,
777,USA.MO,Missouri,MSO-OO,1,1,0,0,0,1293,1,906,
778,USA.MS,Mississippi,MSI-OO,1,1,0,0,0,1294,1,906,
779,USA.MT,Montana,MNT-OO,1,1,0,0,0,1295,1,906,
780,USA.NC,North Carolina,NCA-OO,1,1,0,0,0,1296,1,906,
781,USA.ND,North Dakota,NDA-OO,1,1,0,0,0,1297,1,906,
782,USA.NE,Nebraska,NEB-OO,1,1,0,0,0,1298,1,906,
783,USA.NH,New Hampshire,NWH-OO,1,1,0,0,0,1299,1,906,
784,USA.NI,Navassa Island,HAI-NI,1,0,0,0,1,1300,1,,
785,USA.NJ,New Jersey,NWJ-OO,1,1,0,0,0,1301,1,906,
786,USA.NM,New Mexico,NWM-OO,1,1,0,0,0,1302,1,906,
787,USA.NV,Nevada,NEV-OO,1,1,0,0,0,1303,1,906,
788,USA.NY,New York,NWY-OO,1,1,0,0,0,1304,1,906,
789,USA.OH,Ohio,OHI-OO,1,1,0,0,0,1305,1,906,
790,USA.OK,Oklahoma,OKL-OO,1,1,0,0,0,1306,1,906,
791,USA.OR,Oregon,ORE-OO,1,1,0,0,0,1307,1,906,
792,USA.PA,Pennsylvania,PEN-OO,1,1,0,0,0,1308,1,906,
793,USA.RI,Rhode Island,RHO-OO,1,1,0,0,0,1309,1,906,
794,USA.SC,South Carolina,SCA-OO,1,1,0,0,0,1310,1,906,
795,USA.SD,South Dakota,SDA-OO,1,1,0,0,0,1311,1,906,
796,USA.TN,Tennessee,TEN-OO,1,1,0,0,0,1312,1,906,
797,USA.TX,Texas,TEX-OO,1,1,0,0,0,1313,1,906,
798,USA.UT,Utah,UTA-OO,1,1,0,0,0,1314,1,906,
799,USA.VA,Virginia,VRG-OO,1,1,0,0,0,1315,1,906,
800,USA.VI,United States Virgin Islands,LEE-VI,1,0,0,1,1,1316,1,1864,
801,USA.VT,Vermont,VER-OO,1,1,0,0,0,1317,1,906,
802,USA.WA,Washington,WAS-OO,1,1,0,0,0,1318,1,906,
803,USA.WI,Wisconsin,WIS-OO,1,1,0,0,0,1319,1,906,
804,USA.WV,West Virginia,WVA-OO,1,1,0,0,0,1320,1,906,
805,USA.WY,Wyoming,WYO-OO,1,1,0,0,0,1321,1,906,
808,VEN,Venezuela,VEN-OO,1,1,0,1,0,1324,2,,
809,VGB.AN,"Anegada, British Virgin Islands",LEE-BV,0,0,0,0,1,1325,1,892,
812,VGB.TO,"Tortola, British Virgin Islands",LEE-BV,0,0,0,0,1,1328,1,892,
813,VGB.VG,"Virgin Gorda, British Virgin Islands",LEE-BV,0,0,0,0,1,1329,1,892,
814,WSM.FAU,Fanuatapu,SAM-WS,0,0,0,0,1,1330,1,,
815,WSM.NAA,Namua,SAM-WS,0,0,0,0,1,1331,1,,
816,WSM.NUA,Nuulua,SAM-WS,0,0,0,0,1,1332,1,,
817,WSM.NUE,Nuutela,SAM-WS,0,0,0,0,1,1333,1,,
818,YEM,Yemen,000-07,2,2,1,1,0,1334,2,,
819,ZAF.EC,Eastern Cape,CPP-EC,1,0,0,0,0,1335,1,894,
820,ZAF.FS,Orange Free State,OFS-OO,1,1,0,0,0,1336,1,894,
821,ZAF.GA,Gauteng,TVL-GA,1,0,0,0,0,1337,1,894,
822,ZAF.KZN,KwaZulu-Natal,NAT-OO,1,1,0,0,0,1338,1,894,
823,ZAF.LI,Limpopo,TVL-NP,1,0,0,0,0,1339,1,894,
824,ZAF.MI,Marion Island,MPE-OO,0,0,0,0,1,1340,1,894,
825,ZAF.MP,Mpumalanga,TVL-MP,1,0,0,0,0,1341,1,894,
826,ZAF.NC,Northern Cape,CPP-NC,1,0,0,0,0,1342,1,894,
827,ZAF.NW,North West,TVL-NW,1,0,0,0,0,1343,1,894,
828,ZAF.PEI,"Prince Edward Island, South Africa",MPE-OO,0,0,0,0,1,1344,1,894,
829,ZAF.WC,Western Cape,CPP-WC,1,0,0,0,0,1345,1,894,
830,ZMB.CE,Central,ZAM-OO,0,0,0,0,0,1346,1,895,
831,ZMB.CO,Copperbelt,ZAM-OO,0,0,0,0,0,1347,1,895,
832,ZMB.EA,Eastern,ZAM-OO,0,0,0,0,0,1348,1,895,
833,ZMB.LP,Luapula,ZAM-OO,0,0,0,0,0,1349,1,895,
834,ZMB.LS,Lusaka,ZAM-OO,0,0,0,0,0,1350,1,895,
835,ZMB.NO,Northern,ZAM-OO,0,0,0,0,0,1351,1,895,
836,ZMB.NW,North-western,ZAM-OO,0,0,0,0,0,1352,1,895,
837,ZMB.SO,Southern,ZAM-OO,0,0,0,0,0,1353,1,895,
838,ZMB.WE,Western,ZAM-OO,0,0,0,0,0,1354,1,895,
839,ZWE.C,Central region,ZIM-OO,0,0,0,0,0,1355,1,896,
840,ZWE.E,Eastern region,ZIM-OO,0,0,0,0,0,1356,1,896,
841,ZWE.N,Northern region,ZIM-OO,0,0,0,0,0,1357,1,896,
842,ZWE.S,Southern region,ZIM-OO,0,0,0,0,0,1358,1,896,
843,ZWE.W,Western region,ZIM-OO,0,0,0,0,0,1359,1,896,
844,PAK,Pakistan,PAK-OO,1,1,,1,0,349,,,
845,PLW,Palau,CRL-PA,1,0,,1,1,350,,,
848,SOC,Socotra Island,SOC-OO,1,1,,0,1,418,,818,
849,SYR,Syria,LBS-SY,1,0,,1,0,439,,,
850,TTO,Trinidad and Tobago,TRT-OO,1,1,,1,1,460,,,
851,VNM,Vietnam,VIE-OO,1,1,,1,0,486,,,
854,ATG,Antigua and Barbuda,LEE-AB,1,0,,1,1,18,,1930,
855,ANT,Netherlands Antilles,000-23,2,2,,1,1,305,,,
856,ARG,Argentina,000-10,2,2,,1,0,25,,,
857,ASM,American Samoa,SAM-AS,1,0,,1,1,6,,,
858,AUS,Australia,000-11,2,2,,1,0,35,,,
859,BRA,Brazil,000-12,2,2,,1,0,52,,,
860,CAN,Canada,000-13,2,2,,1,0,68,,,
861,CCK,Cocos (Keeling) Islands (the),CKI-OO,1,1,,1,1,1391,,,
862,COK,Cook Islands,000-16,2,2,,1,1,99,,,
863,CHL,Chile,000-14,2,2,,1,0,85,,,
864,CHN.THK,China incl. Taiwan and Hong Kong,000-44,2,2,,1,0,86,,,
865,ECU.ALL,Ecuador (incl. Galapagos),000-17,2,2,,1,0,1392,,,
866,ESP,Spain (incl. islands),000-28,2,2,,1,0,835,,,
867,FJI,Fiji,FIJ-OO,1,1,,1,1,140,,,
868,GBR,United Kingdom of Great Britain and Northern Ireland (the),000-30,2,2,,1,1,162,,,
869,GLP,Guadeloupe,LEE-GU,1,0,,1,1,1393,,1443,
870,GNB,Guinea-Bissau,GNB-OO,1,1,,1,0,168,,,
872,HTI,"Haiti, Republic of",HAI-HA,1,1,,1,1,170,,1890,
873,IND,India,000-19,2,1,,1,0,187,,,
874,IOT,British Indian Ocean Territory (the),CGS-OO,1,1,,1,1,1395,,,
875,ISL,Iceland,ICE-OO,1,1,,1,1,183,,,
876,ITA,Italy,000-20,2,2,,1,0,205,,,
877,KNA,Saint Kitts and Nevis,LEE-SK,1,0,,1,1,434,,1930,
878,MHL,Marshall Islands (the),MRS-OO,1,1,,1,1,275,,,
879,MNP,Northern Mariana Islands (the),MRN-NM,1,0,,1,1,318,,,
880,MEX,Mexico,000-22,2,2,,1,0,283,,,
881,MYS,Malaysia,000-21,2,2,,1,0,270,,,
882,MOZ,Mozambique,MOZ-OO,1,1,,1,0,299,,,
883,PYF,French Polynesia,000-18,2,2,,1,1,152,,,
884,PCN,Pitcairn Islands,PIT-OO,1,1,,1,1,364,,,
885,PRT,Portugal,000-24,2,2,,1,0,1073,,,
886,RUS,Russian Federation (the),000-26,2,2,,1,0,376,,,
887,SYC,Seychelles,SEY-OO,1,1,,1,1,413,,,
888,NOR.SVA.JM,Svalbard and Jan Mayen,SVA-OO,1,1,,1,1,1396,,,
889,TUR,Turkey,000-29,2,2,,1,0,463,,,
890,USA,United States of America (the),000-31,2,2,,1,0,476,,,
891,VCT,Saint Vincent and the Grenadines,WIN-SV,1,0,,1,1,430,,1930,
893,WSM,Samoa,SAM-WS,1,0,,1,1,384,,,
894,ZAF,South Africa,000-27,2,2,,1,0,420,,,
895,ZMB,Zambia,ZAM-OO,1,1,,1,0,503,,,
896,ZWE,Zimbabwe,ZIM-OO,1,1,,1,0,505,,,
897,RUS.EUR,Russian Federation (European part),000-25,2,2,,0,0,377,,886,
899,USA.HI,Hawaiian Islands,HAW-HI,1,0,,0,1,1279,,890,
900,IRN,Iran (Islamic Republic of),IRN-OO,1,1,,1,0,198,,,
901,NZL.KEI,Kermadec Islands,KER-OO,1,1,,0,1,227,,525,
902,MNG,Mongolia,MON-OO,1,1,,1,0,290,,,
903,NIU,Niue,NUE-OO,1,1,,1,1,311,,,
906,USA.CON,"United States of America, contiguous (without Alaska and Hawaii)",000-33,2,2,,0,0,477,,890,
908,AFG,Afghanistan,AFG-OO,1,1,,1,0,2,,,
909,ARM,Armenia,TCS-AR,1,0,,1,0,26,,,
910,AUT.BUR,Burgenland,AUT-AU,0,0,,0,0,60,,137,
911,AUT.VIE,Wien,AUT-AU,0,0,,0,0,499,,137,
912,AUT.LOW,Niederösterreich,AUT-AU,0,0,,0,0,308,,137,
913,AUT.UPP,Oberösterreich,AUT-AU,0,0,,0,0,323,,137,
914,AUT.STY,Steiermark,AUT-AU,0,0,,0,0,436,,137,
915,AUT.CAR,Kärnten,AUT-AU,0,0,,0,0,220,,137,
916,AUT.SAL,Salzburg,AUT-AU,0,0,,0,0,382,,137,
917,AUT.TYR,Tirol,AUT-AU,0,0,,0,0,457,,137,
918,AUT.VOR,Vorarlberg,AUT-AU,0,0,,0,0,490,,137,
919,PRY,Paraguay,PAR-OO,1,1,,1,0,354,,,
920,ARE,United Arab Emirates,GST-UA,1,0,,1,0,471,,,
921,PNG,Papua New Guinea,000-34,2,1,,1,1,353,,,
922,BGD,Bangladesh,BAN-OO,1,1,,1,0,40,,,
923,MEX.BCN,Baja California Norte,MXN-BC,1,0,,0,0,955,,446,
924,MEX.BCS,Baja California Sur,MXN-BS,1,0,,0,0,956,,446,
925,FRA.REU,Reunion,REU-OO,1,1,,0,1,243,,,
971,ECU.GAL.ESP,Española,GAL-OO,0,0,,0,1,130,,323,
972,ECU.GAL.FER,Fernandina,GAL-OO,0,0,,0,1,138,,323,
973,ECU.GAL.FLO,Floreana,GAL-OO,0,0,,0,1,145,,323,
974,ECU.GAL.GEN,Genovesa,GAL-OO,0,0,,0,1,158,,323,
975,ECU.GAL.ISA,Isabela,GAL-OO,0,0,,0,1,202,,323,
977,ECU.GAL.PNT,Pinta,GAL-OO,0,0,,0,1,361,,323,
978,ECU.GAL.PNZ,Pinzón,GAL-OO,0,0,,0,1,362,,323,
979,ECU.GAL.CRI,San Cristóbal,GAL-OO,0,0,,0,1,386,,323,
980,ECU.GAL.CRU,Santa Cruz,GAL-OO,0,0,,0,1,396,,323,
981,ECU.GAL.SFE,Santa Fé,GAL-OO,0,0,,0,1,397,,323,
982,ECU.GAL.SAN,Santiago,GAL-OO,0,0,,0,1,403,,323,
984,PRT.AZO.MAR,Santa Maria,AZO-OO,0,0,,0,1,399,,535,
985,PRT.AZO.MIG,São Miguel,AZO-OO,0,0,,0,1,406,,535,
986,PRT.AZO.TER,Terceira,AZO-OO,0,0,,0,1,453,,535,
987,PRT.AZO.GRA,Graciosa,AZO-OO,0,0,,0,1,160,,535,
988,PRT.AZO.JOR,São Jorge,AZO-OO,0,0,,0,1,405,,535,
989,PRT.AZO.PIC,Pico,AZO-OO,0,0,,0,1,359,,535,
990,PRT.AZO.FAI,Faial,AZO-OO,0,0,,0,1,132,,535,
991,PRT.AZO.FLO,Flores,AZO-OO,0,0,,0,1,146,,535,
992,PRT.AZO.COR,Corvo,AZO-OO,0,0,,0,1,102,,535,
993,ESH,Western Sahara,WSA-OO,1,1,,1,0,497,,,
994,GAM,Gambia,GAM-OO,1,1,,1,0,154,,,
999,FRA.MAY,Mayotte,COM-MA,1,0,,0,1,1389,,,
1001,MDV,Maldives,MDV-OO,1,1,,1,1,1400,,,
1111,COL.AMA,"Department of Amazonas, Colombia",CLM-OO,0,0,,0,0,1402,,306,
1112,COL.ANT,"Department of Antioquia, Colombia",CLM-OO,0,0,,0,0,1412,,306,
1113,COL.ARA,"Department of Arauca, Colombia",CLM-OO,0,0,,0,0,1432,,306,
1114,COL.ATL,"Department of Atlántico, Colombia",CLM-OO,0,0,,0,0,1499,,306,
1115,COL.BOL,"Department of Bolívar, Colombia",CLM-OO,0,0,,0,0,1431,,306,
1116,COL.BOY,"Department of Boyacá, Colombia",CLM-OO,0,0,,0,0,1440,,306,
1117,COL.CAL,"Department of Caldas, Colombia",CLM-OO,0,0,,0,0,1486,,306,
1118,COL.CAQ,"Department of Caquetá, Colombia",CLM-OO,0,0,,0,0,1405,,306,
1119,COL.CAS,"Department of Casanare, Colombia",CLM-OO,0,0,,0,0,1418,,306,
1120,COL.CAU,"Department of Cauca, Colombia",CLM-OO,0,0,,0,0,1430,,306,
1121,COL.CES,"Department of Cesar, Colombia",CLM-OO,0,0,,0,0,1441,,306,
1122,COL.CHO,"Department of Chocó, Colombia",CLM-OO,0,0,,0,0,1416,,306,
1123,COL.COR,"Department of Córdoba, Colombia",CLM-OO,0,0,,0,0,1434,,306,
1124,COL.CUN,"Department of Cundinamarca, Colombia",CLM-OO,0,0,,0,0,1435,,306,
1125,COL.GUA,"Department of Guainía, Colombia",CLM-OO,0,0,,0,0,1409,,306,
1126,COL.GUV,"Department of Guaviare, Colombia",CLM-OO,0,0,,0,0,1413,,306,
1127,COL.HUI,"Department of Huila, Colombia",CLM-OO,0,0,,0,0,1450,,306,
1128,COL.GUJ,"Department of La Guajira, Colombia",CLM-OO,0,0,,0,0,1448,,306,
1129,COL.MAG,"Department of Magdalena, Colombia",CLM-OO,0,0,,0,0,1445,,306,
1130,COL.MET,"Department of Meta, Colombia",CLM-OO,0,0,,0,0,1406,,306,
1131,COL.NAR,"Department of Nariño, Colombia",CLM-OO,0,0,,0,0,1427,,306,
1132,COL.NOR,"Department of Norte de Santander, Colombia",CLM-OO,0,0,,0,0,1442,,306,
1133,COL.PUT,"Department of Putumayo, Colombia",CLM-OO,0,0,,0,0,1437,,306,
1134,COL.QUI,"Department of Quindío, Colombia",CLM-OO,0,0,,0,0,1507,,306,
1135,COL.RIS,"Department of Risaralda, Colombia",CLM-OO,0,0,,0,0,1500,,306,
1136,COL.SPS,"Department of San Andrés, Providencia y Santa Catalina, Colombia",CLM-OO,0,0,,0,1,1509,,306,
1137,COL.SAN,"Department of Santander, Colombia",CLM-OO,0,0,,0,0,1428,,306,
1138,COL.SUC,"Department of Sucre, Colombia",CLM-OO,0,0,,0,0,1474,,306,
1139,COL.TOL,"Department of Tolima, Colombia",CLM-OO,0,0,,0,0,1439,,306,
1140,COL.VAL,"Department of Valle del Cauca, Colombia",CLM-OO,0,0,,0,0,1444,,306,
1141,COL.VAU,"Department of Vaupés, Colombia",CLM-OO,0,0,,0,0,1414,,306,
1142,COL.VIC,"Department of Vichada, Colombia",CLM-OO,0,0,,0,0,1404,,306,
1163,PRY.ALT,"Department of Alto Paraná, Paraguay",PAR-OO,0,0,,0,0,1463,,919,
1164,PRY.AMA,"Department of Amambay, Paraguay",PAR-OO,0,0,,0,0,1468,,919,
1165,PRY.CAG,"Department of Caaguazú, Paraguay",PAR-OO,0,0,,0,0,1467,,919,
1166,PRY.CAZ,"Department of Caazapá, Paraguay",PAR-OO,0,0,,0,0,1479,,919,
1167,PRY.CAN,"Department of Canindeyú, Paraguay",PAR-OO,0,0,,0,0,1461,,919,
1168,PRY.CEN,"Department of Central, Paraguay",PAR-OO,0,0,,0,0,1506,,919,
1169,PRY.CON,"Department of Conceptión, Paraguay",PAR-OO,0,0,,0,0,1453,,919,
1170,PRY.COR,"Department of Cordillera, Paraguay",PAR-OO,0,0,,0,0,1496,,919,
1171,PRY.GUA,"Department of Guairá, Paraguay",PAR-OO,0,0,,0,0,1502,,919,
1174,PRY.NEE,"Department of Ñeembucú, Paraguay",PAR-OO,0,0,,0,0,1471,,919,
1175,PRY.PAR,"Department of Paraguarí, Paraguay",PAR-OO,0,0,,0,0,1484,,919,
1176,PRY.SAN,"Department of San Pedro, Paraguay",PAR-OO,0,0,,0,0,1449,,919,
1202,URY.CAN,"Department of Canelones, Uruguay",URU-OO,0,0,,0,0,1495,,735,
1203,URY.CER,"Department of Cerro Largo, Uruguay",URU-OO,0,0,,0,0,1466,,735,
1204,URY.COL,"Department of Colonia, Uruguay",URU-OO,0,0,,0,0,1489,,735,
1205,URY.DUR,"Department of Durazno, Uruguay",URU-OO,0,0,,0,0,1469,,735,
1207,URY.FLA,"Department of Florida, Uruguay",URU-OO,0,0,,0,0,1475,,735,
1208,URY.LAV,"Department of Lavelleja, Uruguay",URU-OO,0,0,,0,0,1470,,735,
1209,URY.MAL,"Department of Maldonado, Uruguay",URU-OO,0,0,,0,0,1494,,735,
1210,URY.MON,"Department of Montevideo, Uruguay",URU-OO,0,0,,0,0,1508,,735,
1211,URY.PAY,"Department of Paysandú, Uruguay",URU-OO,0,0,,0,0,1465,,735,
1212,URY.RIO,"Department of Río Negro, Uruguay",URU-OO,0,0,,0,0,1483,,735,
1213,URY.RIV,"Department of Rivera, Uruguay",URU-OO,0,0,,0,0,1477,,735,
1214,URY.ROC,"Department of Rocha, Uruguay",URU-OO,0,0,,0,0,1473,,735,
1216,URY.SAN,"Department of San José, Uruguay",URU-OO,0,0,,0,0,1492,,735,
1217,URY.SOR,"Department of Soriano, Uruguay",URU-OO,0,0,,0,0,1482,,735,
1219,URY.TAC,"Department of Tacuarembó, Uruguay",URU-OO,0,0,,0,0,1459,,735,
1220,CHL.RTA,"Región de Tarapacá and Arica and Parinacota, Chile",CLN-TA,1,0,,0,0,451,,863,
1221,CHL.RAN,"Región de Antofagasta, Chile",CLN-AN,1,0,,0,0,713,,863,
1222,CHL.RAT,"Región de Atacama, Chile",CLN-AT,1,0,,0,0,34,,863,
1223,CHL.RCO,"Región de Coquimbo, Chile",CLC-CO,1,0,,0,0,100,,863,
1224,CHL.RVA,"Región de Valparaíso, Chile",CLC-VA,1,0,,0,0,480,,863,
1225,CHL.RLI,"Región del Libertador General Bernardo O'Higgins, Chile",CLC-OH,1,0,,0,0,254,,863,
1226,CHL.RMU,"Región del Maule, Chile",CLC-MA,1,0,,0,0,278,,863,
1227,CHL.RBI,"Región del Bío Bío, Chile",CLC-BI,1,0,,0,0,44,,863,
1228,CHL.RAR,"Región de La Araucanía, Chile",CLC-LA,1,0,,0,0,1510,,863,
1229,CHL.RLL,"Región de Los Lagos, Chile",CLS-LL,0,0,,0,0,261,,863,
1230,CHL.RAI,"Región Aisén del General Carlos Ibáñez del Campo, Chile",CLS-AI,1,0,,0,0,36,,863,
1231,CHL.RMG,"Región de Magallanes y de la Antártica Chilena, Chile",CLS-MG,1,0,,0,0,265,,863,
1232,CHL.RSA,"Región Metropolitana de Santiago, Chile",CLC-SA,1,0,,0,0,401,,863,
1233,MUS.RO,Rodrigues (Mauritius),ROD-OO,1,1,,0,1,373,,510,
1234,CHL.JNF,Juan Fernandez Islands,JNF-OO,1,1,,0,1,211,,,
1235,VEN.BOL,"State of Bolívar, Venezuela",VEN-OO,0,0,,0,0,1511,,808,
1236,VEN.AMZ,"State of Amazonas, Venezuela",VEN-OO,0,0,,0,0,1512,,808,
1237,VEN.AMC,"State of Delta Amacuro, Venezuela",VEN-OO,0,0,,0,0,1513,,808,
1238,BOL.SCR,"Region de Santa Cruz, Bolivia",BOL-OO,0,0,,0,0,1514,,151,
1239,BOL.BEN,"Region del Beni, Bolivia",BOL-OO,0,0,,0,0,1515,,151,
1240,BOL.LPA,"Region de La Paz, Bolivia",BOL-OO,0,0,,0,0,1516,,151,
1241,BOL.POT,"Region de Potosí, Bolivia",BOL-OO,0,0,,0,0,1517,,151,
1242,BOL.PAN,"Region de Pando, Bolivia",BOL-OO,0,0,,0,0,1518,,151,
1243,BOL.COC,"Region de Cochabamba, Bolivia",BOL-OO,0,0,,0,0,1519,,151,
1244,BOL.ORU,"Region de Oruro, Bolivia",BOL-OO,0,0,,0,0,1520,,151,
1245,BOL.CHU,"Region de Chuquisaca, Bolivia",BOL-OO,0,0,,0,0,1521,,151,
1246,BOL.TAR,"Region de Tarija, Bolivia",BOL-OO,0,0,,0,0,1522,,151,
1247,RUS.UL,"Ulyanovsk Oblast, Russian Federation",RUC-OO,0,0,,0,0,1523,,897,
1248,PRY.BOQ,"Boquerón, Paraguay",PAR-OO,0,0,,0,0,1524,,919,
1249,PRY.ALP,"Alto Paraguay, Paraguay",PAR-OO,0,0,,0,0,1525,,919,
1250,PRY.HAY,"Presidente Hayes, Paraguay",PAR-OO,0,0,,0,0,1526,,919,
1252,CHL.EAS,"Easter Island, Chile",EAS-OO,1,1,,0,1,124,,,
1256,NZL.NOI,New Zealand North Island,NZN-OO,1,1,,0,1,1528,,525,
1257,NZL.SOI,New Zealand South Island (without Stewart Island etc.),NZS-OO,0,0,,0,1,1529,,525,
1258,NZL.STI,New Zealand Stewart Island,NZS-OO,0,0,,0,1,1530,,525,
1259,TJK.KUR,Kuram,TZK-OO,0,0,,0,0,1548,,2344,
1260,TJK.MOG,Mogoltausian,TZK-OO,0,0,,0,0,1556,,2344,
1261,TJK.PRI,Prisyrdarian,TZK-OO,0,0,,0,0,1539,,2344,
1262,TJK.TUA,Turkestanian A,TZK-OO,0,0,,0,0,1543,,2344,
1263,TJK.TUB,Turkestanian B,TZK-OO,0,0,,0,0,1554,,2344,
1264,TJK.ZEA,Zeravshanian A,TZK-OO,0,0,,0,0,1552,,2344,
1265,TJK.ZEB,Zeravshanian B,TZK-OO,0,0,,0,0,1540,,2344,
1266,TJK.ZEC,Zeravshanian C,TZK-OO,0,0,,0,0,1535,,2344,
1267,TJK.HDA,Hissaro-Darvasian A,TZK-OO,0,0,,0,0,1545,,2344,
1268,TJK.HDB,Hissaro-Darvasian B,TZK-OO,0,0,,0,0,1550,,2344,
1269,TJK.HDC,Hissaro-Darvasian C,TZK-OO,0,0,,0,0,1541,,2344,
1270,TJK.HDD,Hissaro-Darvasian D,TZK-OO,0,0,,0,0,1538,,2344,
1271,TJK.HDE,Hissaro-Darvasian E,TZK-OO,0,0,,0,0,1551,,2344,
1272,TJK.HDF,Hissaro-Darvasian F,TZK-OO,0,0,,0,0,1553,,2344,
1273,TJK.STA,South Tajikistanian A,TZK-OO,0,0,,0,0,1542,,2344,
1274,TJK.STB,South Tajikistanian B,TZK-OO,0,0,,0,0,1533,,2344,
1275,TJK.STC,South Tajikistanian C,TZK-OO,0,0,,0,0,1534,,2344,
1276,TJK.STD,South Tajikistanian D,TZK-OO,0,0,,0,0,1547,,2344,
1277,TJK.ETA,Eastern Tajikistanian A,TZK-OO,0,0,,0,0,1536,,2344,
1278,TJK.ETB,Eastern Tajikistanian B,TZK-OO,0,0,,0,0,1544,,2344,
1279,TJK.ETC,Eastern Tajikistanian C,TZK-OO,0,0,,0,0,1546,,2344,
1280,TJK.WPA,Western Pamirian A,TZK-OO,0,0,,0,0,1537,,2344,
1281,TJK.WPB,Western Pamirian B,TZK-OO,0,0,,0,0,1532,,2344,
1282,TJK.WPC,Western Pamirian C,TZK-OO,0,0,,0,0,1549,,2344,
1283,TJK.EPA,Eastern Pamirian,TZK-OO,0,0,,0,0,1531,,2344,
1284,TJK.ALA,Alayan,TZK-OO,0,0,,0,0,1555,,2344,
1285,DEU.BW,"Baden-Württemberg, Germany",GER-OO,0,0,,0,0,1557,,316,
1286,DEU.BY,"Bayern, Germany",GER-OO,0,0,,0,0,1558,,316,
1287,DEU.BE,"Berlin, Germany",GER-OO,0,0,,0,0,1559,,316,
1288,DEU.BB,"Brandenburg, Germany",GER-OO,0,0,,0,0,1560,,316,
1289,DEU.HB,"Bremen, Germany",GER-OO,0,0,,0,0,1561,,316,
1290,DEU.HH,"Hamburg, Germany",GER-OO,0,0,,0,0,1562,,316,
1291,DEU.HE,"Hessen, Germany",GER-OO,0,0,,0,0,1563,,316,
1292,DEU.MV,"Mecklenburg-Vorpommern, Germany",GER-OO,0,0,,0,0,1564,,316,
1293,DEU.NI,"Niedersachsen, Germany",GER-OO,0,0,,0,0,1565,,316,
1294,DEU.NW,"Nordrhein-Westfalen, Germany",GER-OO,0,0,,0,0,1566,,316,
1295,DEU.RP,"Rheinland-Pfalz, Germany",GER-OO,0,0,,0,0,1567,,316,
1296,DEU.SL,"Saarland, Germany",GER-OO,0,0,,0,0,1568,,316,
1297,DEU.ST,"Sachsen-Anhalt, Germany",GER-OO,0,0,,0,0,1569,,316,
1298,DEU.SN,"Sachsen, Germany",GER-OO,0,0,,0,0,1570,,316,
1299,DEU.SH,"Schleswig-Holstein, Germany",GER-OO,0,0,,0,0,1571,,316,
1300,DEU.TH,"Thüringen, Germany",GER-OO,0,0,,0,0,1572,,316,
1301,USA.VI.STT,"St. Thomas, Virgin Islands",LEE-VI,0,0,,0,1,435,,800,
1302,USA.VI.STJ,"St. John, Virgin Islands",LEE-VI,0,0,,0,1,433,,800,
1303,USA.VI.STC,"St. Croix, Virgin Islands",LEE-VI,0,0,,0,1,431,,800,
1388,ITA.PIE,"Piemonte Region, Italy",ITA-IT,0,0,,0,0,1601,,411,
1389,ITA.LOM,"Lombardia Region, Italy",ITA-IT,0,0,,0,0,1602,,411,
1390,ITA.TOS,"Toscana Region, Italy",ITA-IT,0,0,,0,0,1603,,411,
1391,ITA.EMR,"Emilia-Romagna Region, Italy",ITA-IT,0,0,,0,0,1604,,411,
1392,ITA.PUG,"Puglia Region, Italy",ITA-IT,0,0,,0,0,1605,,411,
1393,ITA.VEN,"Veneto Region, Italy",ITA-IT,0,0,,0,0,1606,,411,
1394,ITA.LAZ,"Lazio Region, Italy",ITA-IT,0,0,,0,0,1607,,411,
1395,ITA.CAL,"Calabria Region, Italy",ITA-IT,0,0,,0,0,1608,,411,
1396,ITA.CAM,"Campania Region, Italy",ITA-IT,0,0,,0,0,1609,,411,
1397,ITA.TAA,"Trentino-Alto Adige Region, Italy",ITA-IT,0,0,,0,0,1610,,411,
1398,ITA.ABR,"Abruzzo Region, Italy",ITA-IT,0,0,,0,0,1611,,411,
1399,ITA.BAS,"Basilicata Region, Italy",ITA-IT,0,0,,0,0,1612,,411,
1400,ITA.MAR,"Marche Region, Italy",ITA-IT,0,0,,0,0,1613,,411,
1401,ITA.UMB,"Umbria Region, Italy",ITA-IT,0,0,,0,0,1614,,411,
1402,ITA.FVG,"Friuli-Venezia Giulia Region, Italy",ITA-IT,0,0,,0,0,1615,,411,
1403,ITA.LIG,"Liguria Region, Italy",ITA-IT,0,0,,0,0,1616,,411,
1404,ITA.MOL,"Molise Region, Italy",ITA-IT,0,0,,0,0,1617,,411,
1405,ITA.VDA,"Valle d'Aosta Region, Italy",ITA-IT,0,0,,0,0,1618,,411,
1406,TMP,East Timor,LSI-ET,0,0,,1,1,122,,,
1409,KAZ,Kazakhstan (without Caspian Sea),KAZ-OO,1,1,,1,0,1619,,,
1410,RUS.RFE.TEM,"Russian Far East, temperate part, Russia",000-35,2,2,,0,0,1621,,1512,
1411,MMR,Myanmar,MYA-OO,1,1,,1,0,301,,,
1412,SRB.VOJ,"Vojvodina Province, Serbia",YUG-SE,0,0,,0,0,1622,,1506,
1413,MUS.MUS,Mauritius island,MAU-OO,1,1,,0,1,1623,,510,
1414,PYF.AI,"Austral Islands, French Polynesia",TUB-OO,1,1,,0,1,1624,,883,
1415,PYF.GI,"Gambier Islands, French Polynesia",TUA-OO,0,0,,0,1,1625,,883,
1416,PYF.MI,"Marquesas Islands, French Polynesia",MRQ-OO,1,1,,0,1,1626,,883,
1417,PYF.SI,"Society Islands, French Polynesia",SCI-OO,1,1,,0,1,1627,,883,
1418,PYF.TA,"Tuamotu Islands, French Polynesia",TUA-OO,1,1,,0,1,1628,,883,
1419,PAN.BOC,"Bocas del Toro Province, Panama",PAN-OO,0,0,,0,0,1629,,529,
1420,PAN.CHI,"Chiriquí Province, Panama",PAN-OO,0,0,,0,0,1630,,529,
1421,PAN.COC,"Coclé Province, Panama",PAN-OO,0,0,,0,0,1631,,529,
1422,PAN.COL,"Colón Province, Panama",PAN-OO,0,0,,0,0,1632,,529,
1423,PAN.DAR,"Darién Province, Panama",PAN-OO,0,0,,0,0,1633,,529,
1424,PAN.HER,"Herrera Province, Panama",PAN-OO,0,0,,0,0,1634,,529,
1425,PAN.LOS,"Los Santos Province, Panama",PAN-OO,0,0,,0,0,1635,,529,
1426,PAN.PAN,"Panamá Province, Panama",PAN-OO,0,0,,0,0,1636,,529,
1427,PAN.BLA,"San Blas Province, Panama",PAN-OO,0,0,,0,0,1637,,529,
1428,PAN.VER,"Veraguas Province, Panama",PAN-OO,0,0,,0,0,1638,,529,
1429,RUS.SAK,Sakhalin (island),SAK-OO,1,1,,0,1,1639,,1512,
1430,RUS.KI,Kuril Islands,KUR-OO,1,1,,0,1,1640,,1512,
1431,WLF,Wallis and Futuna Islands,WAL-OO,1,1,,1,1,1641,,,
1435,MAF,Saint-Martin (French part),000-40,0,0,,,1,1648,,679,
1439,FRA.SI,Scattered Islands,000-36,2,2,,,1,1645,,,
1440,FRA.SAI,"French Subantarctic Islands (Crozet, Kerguelen, St. Paul and Amsterdam",000-37,2,2,,,1,1646,,,
1441,FRA,France (incl. Corsica),000-41,2,2,,1,0,846,,,
1443,GLP.MSD,"Guadeloupe, Marie-Galante, l'archipel des Saintes, la Désirade",LEE-GU,1,0,,,1,1649,,1930,
1447,COM.AN,Anjouan,COM-CO,0,0,,0,1,1650,,307,
1448,COM.GC,Grande Comore,COM-CO,0,0,,0,1,1651,,307,
1449,COM.MO,Mohéli,COM-CO,0,0,,0,1,1652,,307,
1450,COM.ARC.MAY,Comoros Archipelago incl. Mayotte,000-42,2,1,,2,1,1653,,,
1496,AND,Andorra,SPA-AN,1,0,,1,0,1654,,,
1497,BTN,Bhutan,EHM-BH,1,0,,1,0,43,,,
1498,BIH,Bosnia and Herzegovina,YUG-BH,1,0,,1,0,1655,,,
1499,BRN,Brunei Darussalam,BOR-BR,1,0,,1,1,59,,1978,
1500,KHM,Cambodia,CBD-OO,1,1,,1,0,66,,,
1501,CHN,China,000-15,2,2,,1,0,1658,,864,
1502,IRQ,Iraq,IRQ-OO,1,1,,1,0,199,,,
1503,KIR,Kiribati,000-43,2,2,,,1,1656,,,
1504,FSM,Micronesia (Federated States of),CRL-MF,1,0,,1,1,1657,,,
1505,MNE,Montenegro,YUG-MN,1,0,,1,0,294,,,
1506,SRB,Serbia,YUG-SE,1,0,,1,0,412,,,
1507,SLB,Solomon Islands,SOL-SO,1,0,,1,1,419,,,
1508,TUV,Tuvalu,TUV-OO,1,1,,1,1,469,,,
1509,GTM,Guatemala,GUA-OO,1,1,,1,0,165,,,
1510,JOR,Jordan,PAL-JO,1,0,,1,0,209,,,
1511,VUT,Vanuatu,VAN-OO,1,1,,1,1,481,,,
1683,RUS.RFE.AL,"Aldan (Far East), Russia",KHA-OO,0,0,,0,0,1659,,615,
1684,RUS.RFE.AM,"Amgun, Russia",KHA-OO,0,0,,0,0,1660,,615,
1685,RUS.RFE.AN,"Anyui, Russia",000-45,3,3,,0,0,1661,,1512,
1686,RUS.RFE.AP,"Anadyr-Penzhina, Russia",000-45,3,3,,0,0,1662,,1512,
1687,RUS.RFE.BU,"Bureya, Russia",000-45,3,3,,0,0,1663,,1410,
1688,RUS.RFE.CH,"Chukotka, Russia",MAG-OO,0,0,,0,0,1664,,1512,
1689,RUS.RFE.DA,"Dauria, Russia",AMU-OO,0,0,,0,0,1665,,1410,
1690,RUS.RFE.KA,"Kamchatka Peninsula (with Karaginsky Island), Russia",KAM-OO,0,0,,0,0,1666,,1512,
1691,RUS.RFE.KL,"Kolyma, Russia",MAG-OO,0,0,,0,0,1667,,639,
1692,RUS.RFE.KO,"Commander Islands, Russia",KAM-OO,0,0,,0,0,1668,,1512,
1693,RUS.RFE.KR,"Koryakia, Russia",000-45,3,3,,0,0,1669,,1512,
1694,RUS.RFE.LZ,"Lower Zeya, Russia",000-45,3,3,,0,0,1670,,1410,
1695,RUS.RFE.NJ,"Nyukzha, Russia",AMU-OO,0,0,,0,0,1671,,1512,
1696,RUS.RFE.NK,"North Kuril Islands, Russia",KUR-OO,0,0,,0,0,1672,,1430,
1697,RUS.RFE.NS,"North Sakhalin, Russia",SAK-OO,0,0,,0,0,1673,,1429,
1698,RUS.RFE.OK,"Okhota, Russia",000-45,3,3,,0,0,1674,,1512,
1699,RUS.RFE.SK,"South Kuril Islands, Russia",KUR-OO,0,0,,0,0,1675,,1430,
1700,RUS.RFE.SS,"South Sakhalin, Russia",SAK-OO,0,0,,0,0,1676,,1429,
1701,RUS.RFE.US,"Ussuri, Russia",000-45,3,3,,0,0,1677,,1410,
1702,RUS.RFE.UZ,"Upper Zeya, Russia",AMU-OO,0,0,,0,0,1678,,1410,
1703,KAZ.1,"Bolshoi Syrt, Kazakhstan",KAZ-OO,0,0,,0,0,1679,,1409,
1704,KAZ.10,"Zapadnii Melkosopochnik, Kazakhstan",KAZ-OO,0,0,,0,0,1680,,1409,
1705,KAZ.11,"Vostochnii Melkosopochnik, Kazakhstan",KAZ-OO,0,0,,0,0,1681,,1409,
1706,KAZ.12,"Zaisanskii, Kazakhstan",KAZ-OO,0,0,,0,0,1682,,1409,
1707,KAZ.13,"Severnii Ust-Urt, Kazakhstan",KAZ-OO,0,0,,0,0,1683,,1409,
1708,KAZ.14,"Priaralskii, Kazakhstan",KAZ-OO,0,0,,0,0,1684,,1409,
1709,KAZ.15,"Kyzyl-Ordynskii, Kazakhstan",KAZ-OO,0,0,,0,0,1685,,1409,
1710,KAZ.16,"Betpakdolinskii, Kazakhstan",KAZ-OO,0,0,,0,0,1686,,1409,
1711,KAZ.17,"Muiun-Kumskii, Kazakhstan",KAZ-OO,0,0,,0,0,1687,,1409,
1712,KAZ.18,"Balkhash-Alakulskii, Kazakhstan",KAZ-OO,0,0,,0,0,1688,,1409,
1713,KAZ.19,"Yuzhnii Ust-Urt, Kazakhstan",KAZ-OO,0,0,,0,0,1689,,1409,
1714,KAZ.2,"Tobolsko-Ishimskii, Kazakhstan",KAZ-OO,0,0,,0,0,1690,,1409,
1715,KAZ.20,"Kyzyl-Kumskii, Kazakhstan",KAZ-OO,0,0,,0,0,1691,,1409,
1716,KAZ.21,"Turkestanskii, Kazakhstan",KAZ-OO,0,0,,0,0,1692,,1409,
1717,KAZ.22,"Altai, Kazakhstan",KAZ-OO,0,0,,0,0,1693,,1409,
1718,KAZ.23,"Tatbagatai, Kazakhstan",KAZ-OO,0,0,,0,0,1694,,1409,
1719,KAZ.24,"Dzhungarskii Alatau, Kazakhstan",KAZ-OO,0,0,,0,0,1695,,1409,
1720,KAZ.25,"Zailiiskii Alatau, Kazakhstan",KAZ-OO,0,0,,0,0,1696,,1409,
1721,KAZ.26,"Chu-Iliiskie Gory, Kazakhstan",KAZ-OO,0,0,,0,0,1697,,1409,
1722,KAZ.27,"Kyrgyzskii Alatau, Kazakhstan",KAZ-OO,0,0,,0,0,1698,,1409,
1723,KAZ.28,"Karatau, Kazakhstan",KAZ-OO,0,0,,0,0,1699,,1409,
1724,KAZ.29,"Zapadnii Tian-Shan, Kazakhstan",KAZ-OO,0,0,,0,0,1700,,1409,
1725,KAZ.3,"Irtyshskii, Kazakhstan",KAZ-OO,0,0,,0,0,1701,,1409,
1726,KAZ.4,"Semipalatinskii borovoi, Kazakhstan",KAZ-OO,0,0,,0,0,1702,,1409,
1727,KAZ.5,"Kokchetavskii, Kazakhstan",KAZ-OO,0,0,,0,0,1703,,1409,
1728,KAZ.6,"Prikaspiiskii, Kazakhstan",KAZ-OO,0,0,,0,0,1704,,1409,
1729,KAZ.7,"Aktiubinskii, Kazakhstan",KAZ-OO,0,0,,0,0,1705,,1409,
1730,KAZ.8,"Embenskii, Kazakhstan",KAZ-OO,0,0,,0,0,1706,,1409,
1731,KAZ.9,"Turgaiskii, Kazakhstan",KAZ-OO,0,0,,0,0,1707,,1409,
1732,MNG.HU,"Hubsugul, Mongolia",MON-OO,0,0,,0,0,1708,,902,
1736,MNG.GA,"Gobi-Altai, Mongolia",MON-OO,0,0,,0,0,1712,,902,
1740,MNG.HE,"Hentei, Mongolia",MON-OO,0,0,,0,0,1716,,902,
1741,MNG.HA,"Hangai, Mongolia",MON-OO,0,0,,0,0,1717,,902,
1742,MNG.DA,"Dauria (Mongol), Mongolia",MON-OO,0,0,,0,0,1718,,902,
1743,MNG.XI,"Xingan, Mongolia",MON-OO,0,0,,0,0,1719,,902,
1744,MNG.HO,"Hobdoss, Mongolia",MON-OO,0,0,,0,0,1720,,902,
1745,MNG.AL,"Altai (Mongol), Mongolia",MON-OO,0,0,,0,0,1721,,902,
1747,MNG.EM,"Eastern Mongolian, Mongolia",MON-OO,0,0,,0,0,1723,,902,
1748,RUS.SIB.BN,"Buryatia North, Russia",BRY-OO,0,0,,0,0,1724,,650,
1749,RUS.SIB.BS,"Buryatia South, Russia",BRY-OO,0,0,,0,0,1725,,650,
1750,RUS.SIB.KA,"Kalar, Russia",CTA-OO,0,0,,0,0,1726,,654,
1751,RUS.SIB.SH,"Shilka-Argun, Russia",CTA-OO,0,0,,0,0,1727,,654,
1752,RUS.SIB.AS,"Angara-Sayany, Russia",IRK-OO,0,0,,0,0,1728,,645,
1753,RUS.SIB.LK,"Lena-Katanga, Russia",IRK-OO,0,0,,0,0,1729,,645,
1754,RUS.SIB.PU,"Putorana, Russia",KRA-OO,0,0,,0,0,1730,,646,
1755,RUS.SIB.TA,"Taimyr, Russia",KRA-OO,0,0,,0,0,1731,,646,
1756,RUS.SIB.TN,"Tungusska, Russia",KRA-OO,0,0,,0,0,1732,,646,
1757,RUS.SIB.UE,"Upper Enisei, Russia",KRA-OO,0,0,,0,0,1733,,646,
1758,RUS.SIB.KU,"Kurgan, Russia",WSB-OO,0,0,,0,0,1734,,886,
1759,RUS.SIB.HM,"Hanty-Mancy, Russia",WSB-OO,0,0,,0,0,1735,,886,
1760,RUS.SIB.TB,"Tobol, Russia",WSB-OO,0,0,,0,0,1736,,886,
1761,RUS.SIB.YN,"Yamal-Nenetsk, Russia",WSB-OO,0,0,,0,0,1737,,1858,
1762,RUS.SIB.AL,"Aldan (Siberia), Russia",YAK-OO,0,0,,0,0,1738,,1851,
1763,RUS.SIB.YA,"Yakutia Arctic, Russia",YAK-OO,0,0,,0,0,1739,,1851,
1764,RUS.SIB.KO,"Kolyma (Siberia), Russia",YAK-OO,0,0,,0,0,1740,,1851,
1765,RUS.SIB.OL,"Olenek, Russia",YAK-OO,0,0,,0,0,1741,,1851,
1766,RUS.SIB.VI,"Vilyui, Russia",YAK-OO,0,0,,0,0,1742,,1851,
1767,RUS.SIB.YI,"Yana-Indigirka, Russia",YAK-OO,0,0,,0,0,1743,,1851,
1838,RUS.KOM,"Komi, Russia",RUN-OO,0,0,,0,0,1745,,897,
1839,RUS.KOS,"Kostroma, Russia",RUC-OO,0,0,,0,0,1746,,897,
1840,RUS.ADY,"Adygey, Russia",NCS-KR,0,0,,0,0,1747,,897,
1841,RUS.AST,"Astrakhan, Russia",RUS-OO,0,0,,0,0,1748,,897,
1842,RUS.BAS,"Bashkortostan, Russia",RUE-OO,0,0,,0,0,1749,,897,
1843,RUS.BEL,"Belgorod, Russia",RUC-OO,0,0,,0,0,1750,,897,
1844,RUS.BRY,"Bryansk, Russia",RUC-OO,0,0,,0,0,1751,,897,
1845,RUS.IVA,"Ivanovo, Russia",RUC-OO,0,0,,0,0,1752,,897,
1846,RUS.KAL,"Kaliningrad, Russia",BLT-KA,1,0,,0,0,1753,,897,
1847,RUS.KAU,"Kaluga, Russia",RUC-OO,0,0,,0,0,1754,,897,
1848,RUS.NIZ,"Nizhegorod, Russia",RUC-OO,0,0,,0,0,1755,,897,
1849,RUS.NOS,"North Ossetia, Russia",NCS-SO,1,0,,0,0,1756,,897,
1850,RUS.PSK,"Pskov, Russia",RUW-OO,0,0,,0,0,1757,,897,
1851,RUS.SIB.YAK,"Sakha (Yakutia), Russia",YAK-OO,0,0,,0,0,1758,,886,
1852,RUS.SAM,"Samara, Russia",RUE-OO,0,0,,0,0,1759,,897,
1853,RUS.SAR,"Saratov, Russia",RUS-OO,0,0,,0,0,1760,,897,
1854,RUS.SVE,"Sverdlovsk, Russia",WSB-OO,0,0,,0,0,1761,,886,
1855,RUS.UDM,"Udmurt, Russia",RUE-OO,0,0,,0,0,1762,,897,
1856,RUS.VLA,"Vladimir, Russia",RUC-OO,0,0,,0,0,1763,,897,
1857,RUS.YAR,"Yaroslavl, Russia",RUC-OO,0,0,,0,0,1764,,897,
1858,RUS.SIB.KYN,"Krasnoyarsk plus Yamal-Nenetsk, Russia",000-46,2,2,,0,0,1765,,886,
1859,RUS.LNO,"Leningrad plus Novgorod, Russia",RUW-OO,0,0,,0,0,1766,,897,
1860,RUS.KRA,"Krasnodar, Russia",NCS-KR,0,0,,0,0,231,,897,
1861,RUS.MUR,"Murmansk, Russia",RUN-OO,0,0,,0,0,300,,897,
1863,RUS.SOC,"Sochi Black Sea region, Russia",NCS-KR,0,0,,0,0,1767,,1860,
1864,VGI,Virgin Islands (including British and US Virgin Islands),000-47,2,0,,,1,1768,,,
1865,CHL.RLL.NEW,"Región de Los Lagos (excluding Los Ríos), Chile",CLS-LL,0,0,,0,0,1769,,1229,
1868,CHL.RAP,"Región de Arica y Parinacota, Chile",CLN-TA,0,0,,0,0,1770,,1220,
1869,CHL.RTR,"Región de Tarapacá, Chile",CLN-TA,0,0,,0,0,1771,,1220,
1870,CHL.RLR,"Región de Los Ríos, Chile",CLS-LL,0,0,,0,0,1772,,1229,
1874,IDN.JW,Jawa,JAW-OO,1,1,,0,1,1773,,368,
1875,KOR.PEN,Korea Peninsula,000-48,2,1,,2,0,1774,,,
1876,FLK,Falkland Islands,FAL-OO,1,1,,,1,1775,,,
1887,AUS.WA,"Western Australia, Australia",WAU-WA,1,1,,0,0,496,,904,
1888,AUS.NSW,"New South Wales, Australia",NSW-NS,1,1,,0,0,306,,904,
1889,AUS.QNS,"Queensland, Australia",QLD-QU,1,1,,0,0,368,,904,
1942,BTN.BU,"Bumthang, Bhutan",EHM-BH,0,0,,0,0,1792,,1497,
1943,BTN.CK,"Chhukha, Bhutan",EHM-BH,0,0,,0,0,1793,,1497,
1944,BTN.DA,"Dagana, Bhutan",EHM-BH,0,0,,0,0,1794,,1497,
1945,BTN.GA,"Gasa, Bhutan",EHM-BH,0,0,,0,0,1795,,1497,
1946,BTN.HA,"Haa, Bhutan",EHM-BH,0,0,,0,0,1796,,1497,
1947,BTN.LH,"Lhuentse, Bhutan",EHM-BH,0,0,,0,0,1797,,1497,
1948,BTN.MO,"Monggar, Bhutan",EHM-BH,0,0,,0,0,1798,,1497,
1949,BTN.PR,"Paro, Bhutan",EHM-BH,0,0,,0,0,1799,,1497,
1950,BTN.PM,"Pemagatshel, Bhutan",EHM-BH,0,0,,0,0,1800,,1497,
1951,BTN.PN,"Punakha, Bhutan",EHM-BH,0,0,,0,0,1801,,1497,
1952,BTN.SJ,"Samdrupjongkhar, Bhutan",EHM-BH,0,0,,0,0,1802,,1497,
1953,BTN.SM,"Samtse, Bhutan",EHM-BH,0,0,,0,0,1803,,1497,
1954,BTN.GE,"Sarpang, Bhutan",EHM-BH,0,0,,0,0,1804,,1497,
1955,BTN.TM,"Thimphu, Bhutan",EHM-BH,0,0,,0,0,1805,,1497,
1956,BTN.TA,"Trashigang, Bhutan",EHM-BH,0,0,,0,0,1806,,1497,
1957,BTN.TO,"Trongsa, Bhutan",EHM-BH,0,0,,0,0,1807,,1497,
1958,BTN.CR,"Tsirang, Bhutan",EHM-BH,0,0,,0,0,1808,,1497,
1959,BTN.WP,"Wangduephodrang, Bhutan",EHM-BH,0,0,,0,0,1809,,1497,
1960,BTN.TY,"Yangtse, Bhutan",EHM-BH,0,0,,0,0,1810,,1497,
1961,BTN.SG,"Zhemgang, Bhutan",EHM-BH,0,0,,0,0,1811,,1497,
1962,BEL.BRU,"Brussels Capital Region, Belgium",BGM-BE,0,0,,0,0,1833,,139,
1963,BEL.FLA,"Flanders, Belgium",BGM-BE,0,0,,0,0,1834,,139,
1964,BEL.WAL,"Wallonia, Belgium",BGM-BE,0,0,,0,0,1835,,139,
1977,IDN.SM,Sumatra,SUM-OO,1,1,,0,1,197,,368,
1978,BOR,Borneo,000-52,2,1,,,1,48,,,
1981,IDN.KA,Kalimantan,BOR-KA,1,0,,0,1,192,,,
1982,IDN.NU,Lesser Sunda Islands,LSI-LS,1,0,,0,1,194,,368,
1983,IDN.BA,Bali,LSI-BA,1,0,,0,1,1839,,368,
1984,IDN.SL,Sulawesi,SUL-OO,1,1,,0,1,196,,368,
1985,IDN.ML,Maluku,MOL-OO,1,1,,0,1,193,,368,
1986,NGU,New Guinea,000-53,2,1,,,1,1836,,,
1987,IDN.PP,Papua,NWG-IJ,1,0,,0,1,195,,,
1988,PNG.BA,Bismarck Archipelago,BIS-OO,1,1,,0,1,1837,,921,
2011,ISL.NI,North Iceland,ICE-OO,0,0,,0,1,1813,,875,
2013,CAN.CC,Central Canada,000-54,0,0,,0,0,1815,,860,
2014,RUS.RFE.EC,"East Chukotka, Russia",MAG-OO,0,0,,0,0,1816,,1688,
2015,GRL.EG,Eastern Greenland,GNL-OO,0,0,,0,1,1817,,359,
2017,CAN.HUD.LAB,"Hudson Bay - Labrador, Canada",000-55,0,0,,0,0,1819,,860,
2018,RUS.KP,"Kanin-Pechora, Russia",RUN-OO,0,0,,0,0,1820,,897,
2019,RUS.SIB.KHA,"Kharaulakh, Russia",YAK-OO,0,0,,0,0,1821,,1763,
2020,NAY,North Alaska - Yukon Territory,000-57,0,0,,0,0,1822,,,
2021,NOR.NFS,"North Fennoscandia, Norway",NOR-OO,0,0,,0,0,1823,,2181,
2022,RUS.PUN,"Polar Ural-Novaya Zemlya, Russia",WSB-OO,0,0,,0,0,1824,,886,
2023,RUS.RFE.SC,"South Chukotka, Russia",MAG-OO,0,0,,0,0,1825,,1688,
2024,RUS.SIB.TSZ,"Taimyr-Severnaya Zemlya, Russia",KRA-OO,0,0,,0,0,1826,,1755,
2025,RUS.RFE.WC,"West Chukotka, Russia",MAG-OO,0,0,,0,0,1827,,1688,
2026,USA.AK.WA,Western Alaska,ASK-OO,0,0,,0,0,1828,,736,
2027,GRL.WG,Western Greenland,GNL-OO,0,0,,0,1,1829,,359,
2029,RUS.SIB.YG,"Yamal-Gydan, Russia",000-58,0,0,,0,0,1831,,886,
2030,RUS.SIB.YK,"Yana-Kolyma, Russia",YAK-OO,0,0,,0,0,1832,,1851,
2031,ESP.CT,"Cataluña, Spain",SPA-SP,0,0,,0,0,1840,,328,
2032,ESP.VC,"Valencia, Spain",SPA-SP,0,0,,0,0,1841,,328,
2097,RUS.SIB.NR.BG,"Baganskiy rayon, Novosibirsk",WSB-OO,0,0,,0,0,1842,,648,
2098,RUS.SIB.NR.BR,"Barabinskiy rayon, Novosibirsk",WSB-OO,0,0,,0,0,1843,,648,
2099,RUS.SIB.NR.BO,"Bolotninskiy rayon, Novosibirsk",WSB-OO,0,0,,0,0,1844,,648,
2100,RUS.SIB.NR.CA,"Chanovskiy rayon, Novosibirsk",WSB-OO,0,0,,0,0,1845,,648,
2101,RUS.SIB.NR.CE,"Cherepanovskiy rayon, Novosibirsk",WSB-OO,0,0,,0,0,1846,,648,
2102,RUS.SIB.NR.CI,"Chistoozernyy rayon, Novosibirsk",WSB-OO,0,0,,0,0,1847,,648,
2103,RUS.SIB.NR.CU,"Chulymskiy rayon, Novosibirsk",WSB-OO,0,0,,0,0,1848,,648,
2104,RUS.SIB.NR.DO,"Dovolenskiy rayon, Novosibirsk",WSB-OO,0,0,,0,0,1849,,648,
2105,RUS.SIB.NR.IS,"Iskitimskiy rayon, Novosibirsk",WSB-OO,0,0,,0,0,1850,,648,
2106,RUS.SIB.NR.KU,"Karasukskiy rayon, Novosibirsk",WSB-OO,0,0,,0,0,1851,,648,
2107,RUS.SIB.NR.KG,"Kargatskiy rayon, Novosibirsk",WSB-OO,0,0,,0,0,1852,,648,
2108,RUS.SIB.NR.KO,"Kochenevskiy rayon, Novosibirsk",WSB-OO,0,0,,0,0,1853,,648,
2109,RUS.SIB.NR.KK,"Kochkovskiy rayon, Novosibirsk",WSB-OO,0,0,,0,0,1854,,648,
2110,RUS.SIB.NR.KL,"Kolyvanovskiy rayon, Novosibirsk",WSB-OO,0,0,,0,0,1855,,648,
2111,RUS.SIB.NR.KR,"Krasnozerskiy rayon, Novosibirsk",WSB-OO,0,0,,0,0,1856,,648,
2112,RUS.SIB.NR.KP,"Kupinskiy rayon, Novosibirsk",WSB-OO,0,0,,0,0,1857,,648,
2113,RUS.SIB.NR.KB,"Kuybyshevskiy rayon, Novosibirsk",WSB-OO,0,0,,0,0,1858,,648,
2114,RUS.SIB.NR.KY,"Kyshtovskiy rayon, Novosibirsk",WSB-OO,0,0,,0,0,1859,,648,
2115,RUS.SIB.NR.MA,"Maslyaninskiy rayon, Novosibirsk",WSB-OO,0,0,,0,0,1860,,648,
2116,RUS.SIB.NR.MO,"Moshkovskiy rayon, Novosibirsk",WSB-OO,0,0,,0,0,1861,,648,
2118,RUS.SIB.NR.OR,"Ordynskiy rayon, Novosibirsk",WSB-OO,0,0,,0,0,1863,,648,
2119,RUS.SIB.NR.SE,"Severnyy rayon, Novosibirsk",WSB-OO,0,0,,0,0,1864,,648,
2120,RUS.SIB.NR.SU,"Suzunskiy rayon, Novosibirsk",WSB-OO,0,0,,0,0,1865,,648,
2121,RUS.SIB.NR.TA,"Tatarskiy rayon, Novosibirsk",WSB-OO,0,0,,0,0,1866,,648,
2122,RUS.SIB.NR.TO,"Toguchinskiy rayon, Novosibirsk",WSB-OO,0,0,,0,0,1867,,648,
2123,RUS.SIB.NR.UB,"Ubinskiy rayon, Novosibirsk",WSB-OO,0,0,,0,0,1868,,648,
2124,RUS.SIB.NR.UT,"Ust'-Tarkskiy rayon, Novosibirsk",WSB-OO,0,0,,0,0,1869,,648,
2125,RUS.SIB.NR.VE,"Vengerovskiy rayon, Novosibirsk",WSB-OO,0,0,,0,0,1870,,648,
2126,RUS.SIB.NR.ZD,"Zdvinskiy rayon, Novosibirsk",WSB-OO,0,0,,0,0,1871,,648,
2127,RUS.SIB.NR.NK,"Novosibirsk, Novosibirsk",WSB-OO,0,0,,0,0,1872,,2117,
2128,RUS.SIB.NR.NN,"Novosibirskiy rayon without Novosibirsk, Novosibirsk",WSB-OO,0,0,,0,0,1873,,2117,
2130,CHE.TI,"Ticino, Switzerland",SWI-OO,0,0,,0,0,1874,,200,
2132,RUS.VU,"northwest Volga Upland, Russia",RUC-OO,0,0,,0,0,1875,,897,
2133,ESP.CI.TE,Tenerife,CNY-OO,0,0,,0,1,1876,,327,
2134,ESP.CI.FU,Fuerteventura,CNY-OO,0,0,,0,1,1877,,327,
2135,ESP.CI.GC,Gran Canaria,CNY-OO,0,0,,0,1,1878,,327,
2136,ESP.CI.LA,Lanzarote,CNY-OO,0,0,,0,1,1879,,327,
2137,ESP.CI.LP,La Palma,CNY-OO,0,0,,0,1,1880,,327,
2138,ESP.CI.LG,La Gomera,CNY-OO,0,0,,0,1,1881,,327,
2139,ESP.CI.EH,El Hierro,CNY-OO,0,0,,0,1,1882,,327,
2140,SDN.SD,Sudan (north part),SUD-OO,0,0,,,0,1883,,660,
2141,SDN.SS,South Sudan,SUD-OO,0,0,,,0,1884,,660,
2169,SDN.SD.NS,"Northern Sudan, Sudan (north part)",SUD-OO,0,0,,,0,1886,,2140,
2170,SDN.SD.RS,"Red Sea, Sudan (north part)",SUD-OO,0,0,,,0,1885,,2140,
2171,SDN.SD.DAR,"Darfur states, Sudan (north part)",SUD-OO,0,0,,,0,1888,,2140,
2172,SDN.SD.KOR,"Kurdofan states, Sudan (north part)",SUD-OO,0,0,,,0,1887,,2140,
2173,SDN.SD.CS,"Central Sudan, Sudan (north part)",SUD-OO,0,0,,,0,1890,,2140,
2174,SDN.SD.ES,"Eastern Sudan, Sudan (north part)",SUD-OO,0,0,,,0,1889,,2140,
2175,SDN.SS.BAG,"Bahr el Ghazal, South Sudan",SUD-OO,0,0,,,0,1892,,2141,
2176,SDN.SS.UN,"Greater Upper Nile, South Sudan",SUD-OO,0,0,,,0,1891,,2141,
2177,SDN.SS.EQU,"Equatoria, South Sudan",SUD-OO,0,0,,,0,1893,,2141,
2178,NOR.OF,"Ãstfold, Norway",NOR-OO,0,0,,0,0,1895,,520,
2179,NOR.AA,"Aust-Agder, Norway",NOR-OO,0,0,,0,0,1896,,520,
2180,NOR.BU,"Buskerud, Norway",NOR-OO,0,0,,0,0,1897,,520,
2181,NOR.FI,"Finnmark, Norway",NOR-OO,0,0,,0,0,1898,,520,
2182,NOR.HE,"Hedmark, Norway",NOR-OO,0,0,,0,0,1899,,520,
2183,NOR.HO,"Hordaland, Norway",NOR-OO,0,0,,0,0,1900,,520,
2184,NOR.MR,"Møre og Romsdal, Norway",NOR-OO,0,0,,0,0,1901,,520,
2186,NOR.NT,"Nord-Trøndelag, Norway",NOR-OO,0,0,,0,0,1902,,520,
2187,NOR.NO,"Nordland, Norway",NOR-OO,0,0,,0,0,1903,,520,
2188,NOR.OP,"Oppland, Norway",NOR-OO,0,0,,0,0,1904,,520,
2190,NOR.RO,"Rogaland, Norway",NOR-OO,0,0,,0,0,1906,,520,
2191,NOR.SF,"Sogn og Fjordane, Norway",NOR-OO,0,0,,0,0,1907,,520,
2192,NOR.ST,"Sør-Trøndelag, Norway",NOR-OO,0,0,,0,0,1908,,520,
2193,NOR.TE,"Telemark, Norway",NOR-OO,0,0,,0,0,1909,,520,
2194,NOR.TR,"Troms, Norway",NOR-OO,0,0,,0,0,1910,,520,
2195,NOR.VA,"Vest-Agder, Norway",NOR-OO,0,0,,0,0,1911,,520,
2196,NOR.VF,"Vestfold, Norway",NOR-OO,0,0,,0,0,1912,,520,
2197,NOR.OA,"Akershus and Oslo, Norway",NOR-OO,0,0,,0,0,1913,,520,
2334,AZE,Azerbaijan,000-59,2,0,,1,0,37,,,
2335,BHR,Bahrain,GST-BA,0,0,,,1,38,,,
2336,BRA.FDN,Fernando de Noronha,BZE-FN,1,0,,0,1,139,,859,
2337,HND,Honduras,HON-OO,1,1,,,0,177,,,
2338,JPN.HON,Honshu,JAP-HN,1,0,,0,1,178,,416,
2339,KWT,Kuwait,KUW-OO,1,1,,1,0,233,,,
2340,JPN.KYU,Kyushu,JAP-KY,1,0,,0,1,238,,416,
2341,LBN,Lebanon,LBS-LB,1,0,,1,0,250,,,
2342,JPN.SHI,Shikoku,JAP-SH,1,0,,0,1,415,,416,
2343,AUS.SA,South Australia,SOA-OO,1,1,,0,0,423,,904,
2344,TJK,Tajikistan,TZK-OO,1,1,,1,0,441,,,
2345,TKM,Turkmenistan,TKM-OO,1,1,,1,0,464,,,
2346,TCA,Turks and Caicos Islands,TCI-OO,1,1,,,1,1925,,,
2347,OMN.NOR,"Oman, north part",OMA-OO,0,0,,0,0,1926,,528,
2348,OMN.CEN,"Oman, central part",OMA-OO,0,0,,0,0,1927,,528,
2349,OMN.SOU,"Oman, south part",OMA-OO,0,0,,0,0,1928,,528,
2350,SLV,El Salvador,ELS-OO,1,1,,1,0,128,,,
2352,FSM.KSA,"Kosrae, Micronesia (Federated States of)",CRL-MF,0,0,,0,1,1929,,1504,
2353,ESP.BS,Biskaia,SPA-SP,0,0,0,0,0,1930,1,328,
2354,RUS.CHR,Chechen Republic,NCS-CH,1,0,0,0,0,1931,1,897,
2355,RUS.CRI,Crimea,KRY-OO,1,1,0,0,0,106,1,897,
2357,UZB,Uzbekistan,UZB-OO,1,1,0,1,0,479,2,,
