Group,Class/Order,Family,Species,Origin,DA,"Transport vectors, pathways",ERD,DC
Mollusca,Bivalvia,Corbiculidae,Corbicula fluminea,Asia,1999,ships,>50%,yes
Mollusca,Bivalvia,Corbiculidae,"""Corbicula fluminalis""","Middle East, Africa",1999,ships,1%,yes
Mollusca,Bivalvia,Dreissenidae,Dreissena polymorpha,Ponto-Caspian region,ca. 1867,ships,>50%,yes
Mollusca,Bivalvia,Dreissenidae,D. rostriformis bugensis,Ponto-Caspian region,2008,ships,6–20%,no
Mollusca,Bivalvia,Unionidae,Anodonta woodiana,Asia,1984,aquaculture (fish carrying its parasitic larva),6–20%,yes
Mollusca,Gastropoda,Hydrobiidae,Potamopyrgus antipodarum,New Zealand,ca. 1987,ships,6–20%,yes
Mollusca,Gastropoda,Neritidae,Theodoxus fluviatilis,"Lower Danube, Rhine",ca. 1987,ships / active expansion,>50%,yes
Mollusca,Gastropoda,Physidae,Haitia acuta,North America,ca. 1967,ships / release from aquaria,6–20%,yes
Mollusca,Gastropoda,Planorbidae,Ferrissia fragilis,North America,ca. 1967,ships,1–5%,no
Mollusca,Gastropoda,Melanopsidae,Melanoides tuberculatus,"North Africa, S Asia",ca. 1960,release from aquaria,1%,no
Mollusca,Gastropoda,Lithoglyphidae,Lithoglyphus naticoides,Ponto-Caspian region,ca. 1950,ships / active expansion,>50%,yes
Crustacea,Decapoda,Cambaridae,Orconectes limosus,North America,1985,aquaculture,>50%,yes
Crustacea,Decapoda,Varunidae,Eriocheir sinensis,Asia,2003,ships,1–5%,no
Crustacea,Decapoda,Astacidae,Pacifastacus leniusculus,North America,1998 (tributary),aquaculture,6–20%,yes
Crustacea,Amphipoda,Corophidae,Chelicorophium sowinskyi,Ponto-Caspian region,1917,ships,>50%,yes
Crustacea,Amphipoda,Corophidae,Chelicorophium curvispinum,Ponto-Caspian region,1933,ships,>50%,yes
Crustacea,Amphipoda,Corophidae,Chelicorophium robustum,Ponto-Caspian region,2007,ships,>50%,yes
Crustacea,Amphipoda,Pontogammaridae,Dikerogammarus bispinosus,Ponto-Caspian region,1926,ships,>50%,yes
Crustacea,Amphipoda,Pontogammaridae,Dikerogammarus haemobaphes,Ponto-Caspian region,1926,ships,>50%,yes
Crustacea,Amphipoda,Pontogammaridae,Dikerogammarus villosus,Ponto-Caspian region,1975,ships,>50%,yes
Crustacea,Amphipoda,Gammaridae,Echinogammarus ischnus,Ponto-Caspian region,1926,ships,>50%,yes
Crustacea,Amphipoda,Gammaridae,Echinogammarus trichiatus,Ponto-Caspian region,2009,ships,one data,yes
Crustacea,Amphipoda,Pontogammaridae,Obesogammarus obesus,Ponto-Caspian region,1991,ships,>50%,yes
Crustacea,Mysida,Mysidae,Limnomysis benedeni,Ponto-Caspian region,1946,ships,>50%,yes
Crustacea,Mysida,Mysidae,Hemimysis anomala,Ponto-Caspian region,1997,ships,>50%,yes
Crustacea,Mysida,Mysidae,Katamysis warpachowskyi,Ponto-Caspian region,2001,ships,>50%,yes
Crustacea,Isopoda,Janiridae,Jaera sarsi,Ponto-Caspian region,1930,ships,>50%,yes
Pisces,Osteichthyes,Cyprinidae,Ctenopharingodon idella,Far East,ca. 1965,"aquaculture / commercial, recreational reasons",>50%,no
Pisces,Osteichthyes,Cyprinidae,Pseudorasbora parva,Far East,1971,aquaculture,>50%,yes
Pisces,Osteichthyes,Cyprinidae,Carassius gibelio,Asia,ca. 1965,aquaculture / active expansion,>50%,yes
Pisces,Osteichthyes,Cyprinidae,Hypophtalmichthys molitrix,Far East,ca. 1965,aquaculture / commercial reasons,>50%,no
Pisces,Osteichthyes,Ictaluridae,Ameiurus nebulosus,North America,ca. 1920,aquaculture / recreational reasons,1–5%,no
Pisces,Osteichthyes,Ictaluridae,Ameiurus melas,North America,ca. 1985,aquaculture / recreational reasons,>50%,yes
Pisces,Osteichthyes,Salmonidae,Oncorhynchus mykiss,North America,1963,recreational reasons,1–5%,no
Pisces,Osteichthyes,Gasterosteidae,Gasterosteus aculeatus,Northeastern Europe,1956,release from aquaria / active expansion,21–50%,no
Pisces,Osteichthyes,Gasterosteidae,Gasterosteus gymnurus,Southwestern Europe,2010,release from aquaria / active expansion,21–50%,no
Pisces,Osteichthyes,Centrarchidae,Lepomis gibbosus,North America,1913,aquaculture / active expansion,>50%,yes
Pisces,Osteichthyes,Gobiidae,Neogobius fluviatilis,Ponto-Caspian region,1984,ships / active expansion,>50%,yes
Pisces,Osteichthyes,Gobiidae,Neogobius gymnotrachelus,Ponto-Caspian region,2004,ships / active expansion,21–50%,yes
Pisces,Osteichthyes,Gobiidae,Neogobius kessleri,Ponto-Caspian region,1996,ships / active expansion,>50%,yes
Pisces,Osteichthyes,Gobiidae,Neogobius melanostomus,Ponto-Caspian region,2001,ships / active expansion,>50%,yes
Pisces,Osteichthyes,Gobiidae,Proterorhinus semilunaris,Ponto-Caspian region,1872,ships / active expansion,>50%,yes
Reptilia,Testudines,Emydidae,Trachemys scripta,North America,1970s,pet trade,6–20%,yes
