kingdom,phyllum,class,oorder,family,genus,scientific_name,author
Animalia,Chordata,Actinopterygii,Characiformes,Anostomidae,Abramites,Abramites hypselonotus,"(Günther, 1868)"
Plantae,Magnoliophyta,Magnoliopsida,Fabales,Fabaceae,Acacia,Acacia angustissima,(Mill.) Kuntze
Plantae,Magnoliophyta,Magnoliopsida,Fabales,Fabaceae,Acacia,Acacia auriculiformis,A. Cunn. ex Benth.
Plantae,Magnoliophyta,Magnoliopsida,Fabales,Fabaceae,Acacia,Acacia holosericea,"A. Cunn. ex G. Don, 1832"
Plantae,Magnoliophyta,Magnoliopsida,Fabales,Fabaceae,Acacia,Acacia longifolia,(Andr.) Willd.
Plantae,Magnoliophyta,Magnoliopsida,Fabales,Fabaceae,Acacia,Acacia mangium,Willd.
Plantae,Magnoliophyta,Magnoliopsida,Fabales,Fabaceae,Acacia,Acacia mearnsii,De Willd.
Plantae,Magnoliophyta,Magnoliopsida,Fabales,Fabaceae,Acacia,Acacia podalyriifolia,A. Cunningham ex G. Don
Animalia,Chordata,Actinopterygii,Characiformes,Acestrorhynchidae,Acestrorhynchus ,Acestrorhynchus pantaneiro,"Menezes, 1992"
Plantae,Magnoliophyta,Magnoliopsida,Fabales,Fabaceae,Adenanthera,Adenanthera pavonina,Linnaeus
Animalia,Arthropoda,Insecta,Diptera,Culicidae,Aedes,Aedes aegypti,"(Linnaeus, 1762)"
Animalia,Arthropoda,Insecta,Diptera,Culicidae,Aedes,Aedes albopictus,"(Skuse, 1895)"
Animalia,Chordata,Actinopterygii,Cichliformes,Cichlidae,Aequidens,Aequidens plagiozonatus,"Kullander, 1984"
Plantae,Magnoliophyta,Liliopsida,Asparagales,Agavaceae,Agave,Agave americana,L.
Plantae,Magnoliophyta,Liliopsida,Asparagales,Agavaceae,Agave,Agave sisalana,Perr.
Animalia,Chordata,Actinopterygii,Siluriformes,Auchenipteridae,Ageneiosus,Ageneiosus inermis,"(Linnaeus, 1766)"
Plantae,Magnoliophyta,Magnoliopsida,Fabales,Fabaceae,Albizia,Albizia lebbeck,(L.) Benth.
Protista,Dinoflagellata,Dinophyceae,Gonyaulacales,Goniodomaceae,Alexandrium,Alexandrium tamarense,(Lebour) Balech 1992
Animalia,Chordata,Actinopterygii,Cichliformes,Cichlidae,Amatitlania,Amatitlania nigrofasciata,"(Günther, 1867)"
Animalia,Chordata,Aves,Psittaciformes,Psittacidae,Amazona,Amazona aestiva,"(Linnaeus, 1758)"
Plantae,Magnoliophyta,Magnoliopsida,Apiales,Apiaceae,Ammi,Ammi majus,L.
Animalia,Arthropoda,Maxillopoda,Sessilia,Balanidae,Amphibalanus,Amphibalanus amphitrite,"(Darwin, 1854)"
Animalia,Arthropoda,Maxillopoda,Sessilia,Balanidae,Amphibalanus,Amphibalanus reticulatus,"(Utinomi, 1967)"
Animalia,Annelida,Clitellata,Crassiclitellata,Megascolecidae,Amynthas,Amynthas corticis,"(Kinberg, 1866)"
Animalia,Annelida,Clitellata,Crassiclitellata,Megascolecidae,Amynthas,Amynthas gracilis,"(Kinberg, 1866)"
Animalia,Chordata,Actinopterygii,Siluriformes,Loricariidae,Ancistrus,Ancistrus multispinis,"(Regan, 1912)"
Animalia,Chordata,Actinopterygii,Cichliformes,Cichlidae,Andinoacara,Andinoacara rivulatus,"(Günther, 1860)"
Plantae,Magnoliophyta,Liliopsida,Poales,Poaceae,Andropogon,Andropogon gayanus,Kunth
Animalia,Chordata,Reptilia,Squamata,Iguanidae,Anolis,Anolis porcatus,"Gray, 1840"
Animalia,Chordata,Reptilia,Squamata,Iguanidae,Anolis,Anolis sagrei,"Cocteau in A. M. C. Duméril and Bibron, 1837"
Animalia,Arthropoda,Insecta,Hymenoptera,Megachilidae,Anthidium,Anthidium manicatum,"(Linnaeus, 1758)"
Animalia,Chordata,Mammalia,Artiodactyla,Bovidae,Antilope,Antilope cervicapra,"(Linnaeus, 1758)"
Animalia,Chordata,Actinopterygii,Characiformes,Characidae,Aphyocharax,Aphyocharax anisitsi,"Eigenmann & Kennedy, 1903"
Animalia,Chordata,Actinopterygii,Characiformes,Characidae,Aphyocharax,Aphyocharax dentatus,"(Eigenmann & Kennedy, 1903)"
Animalia,Chordata,Actinopterygii,Characiformes,Characidae,Aphyocharax,Aphyocharax rathbuni,"Eigenmann, 1907"
Animalia,Arthropoda,Insecta,Hymenoptera,Apidae,Apis,Apis mellifera,"Linnaeus, 1758"
Animalia,Chordata,Actinopterygii,Cichliformes,Cichlidae,Apistogramma,Apistogramma commbrae,"(Regan, 1906)"
Animalia,Chordata,Actinopterygii,Gymnotiformes,Aptenorotidae,Apteronotus,Apteronotus albifrons,"(Linnaeus, 1766)"
Animalia,Chordata,Amphibia,Anura,Ranidae,Lithobates,Aquarana catesbeiana,"Dubois, 1992"
Animalia,Chordata,Actinopterygii,Osteoglossiformes,Osteoglossidae,Arapaima,Arapaima gigas,"(Schinz, 1822)"
Plantae,Magnoliophyta,Liliopsida,Arecales,Arecaceae,Archontophoenix,Archontophoenix cunninghamiana,H. Wendl. & Drude
Plantae,Magnoliophyta,Magnoliopsida,Ericales,Primulaceae,Ardisia,Ardisia crenata,Sims.
Plantae,Magnoliophyta,Liliopsida,Poales,Poaceae,Aristida,Aristida adscensionis,L.
Plantae,Magnoliophyta,Magnoliopsida,Urticales,Moraceae,Artocarpus,Artocarpus altilis,(Parkinson) Fosberg
Plantae,Magnoliophyta,Magnoliopsida,Urticales,Moraceae,Artocarpus,Artocarpus heterophyllus,Lam.
Plantae,Magnoliophyta,Liliopsida,Poales,Poaceae,Arundo,Arundo donax,L.
Animalia,Chordata,Ascidiacea,Enterogona,Ascidiidae,Ascidia,Ascidia sydneiensis,"(Stimpson, 1855)"
Plantae,Magnoliophyta,Liliopsida,Asparagales,Asparagaceae,Asparagus,Asparagus densiflorus,(Kunth) Jessop
Plantae,Magnoliophyta,Liliopsida,Asparagales,Asparagaceae,Asparagus,Asparagus setaceus,(Kunth) Jessop
Animalia,Chordata,Actinopterygii,Cichliformes,Cichlidae,Astronotus,Astronotus crassipinnis,"(Heckel, 1840)"
Animalia,Chordata,Actinopterygii,Cichliformes,Cichlidae,Astronotus,Astronotus ocellatus,"(Agassiz, 1831)"
Animalia,Chordata,Actinopterygii,Characiformes,Characidae,Astyanax,Astyanax lacustris,"(Lütken, 1865)"
Plantae,Magnoliophyta,Magnoliopsida,Scrophulariales,Acanthaceae,Asystasia,Asystasia gangetica,(L.) T. Anderson
Animalia,Chordata,Actinopterygii,Siluriformes,Auchenipteridae,Auchenipterus,Auchenipterus osteomystax,"(Miranda-Ribeiro, 1918)"
Animalia,Chordata,Actinopterygii,Cichliformes,Cichlidae,Australoheros,Australoheros facetus,"(Jenyns, 1842)"
Animalia,Chordata,Mammalia,Artiodactyla,Cervidae,Axis,Axis axis,"Erxleben, 1777"
Plantae,Magnoliophyta,Magnoliopsida,Sapindales,Meliaceae,Azadirachta,Azadirachta indica,A. Juss.
Animalia,Arthropoda,Maxillopoda,Sessilia,Balanidae,Balanus,Balanus trigonus,"Darwin, 1854"
Plantae,Magnoliophyta,Liliopsida,Poales,Poaceae,Bambusa,Bambusa sp.,Schreb.
Plantae,Magnoliophyta,Liliopsida,Poales,Poaceae,Bambusa,Bambusa textilis,McClure
Plantae,Magnoliophyta,Liliopsida,Poales,Poaceae,Bambusa,Bambusa vulgaris,Schrad. ex J.C. Wendl.
Animalia,Chordata,Actinopterygii,Perciformes,Osphronemidae,Betta,Betta splendens,"(Regan, 1910)"
Animalia,Cnidaria,Hydrozoa,Leptothecatae,Blackfordiidae,Blackfordia,Blackfordia virginica,"Mayer, 1910"
Animalia,Annelida,Polychaeta,Spionida,Spionidae,Boccardiella,Boccardiella bihamata,"Blake & Kudenov, 1978"
Animalia,Chordata,Ascidiacea,Pleurogona,Molgulidae,Bostricobranchus,Bostrichobranchus digonas,"(Abbott, 1951)"
Plantae,Magnoliophyta,Magnoliopsida,Asterales,Asteraceae,Brachylaena,Brachylaena discolor,DC.
Animalia,Annelida,Polychaeta,Sabellida,Sabellinae,Branchiomma,Branchiomma luctuosum,"(Grube, 1869)"
Animalia,Cnidaria,Anthozoa,Alcyonacea,Briareidae,Briareum,Briareum hamrum,"(Gohar, 1948)"
Plantae,Magnoliophyta,Magnoliopsida,Scrophulariales,Acanthaceae,Brillantaisia ,Brillantaisia lamium ,(Nees) Benth.
Animalia,Chordata,Aves,Psittaciformes,Psittacidae,Brotogeris,Brotogeris chiriri,"(Vieillot, 1818)"
Animalia,Chordata,Aves,Psittaciformes,Psittacidae,Brotogeris,Brotogeris tirica,"(Gmelin, 1788)"
Animalia,Chordata,Actinopterygii,Characiformes,Characidae,Brycon,Brycon hilarii,"(Valenciennes,1850)"
Animalia,Chordata,Actinopterygii,Characiformes,Characidae,Bryconamericus,Bryconamericus exodon,"(Eigenmann, 1907)"
Animalia,Chordata,Mammalia,Artiodactyla,Bovidae,Bubalus,Bubalus bubalis,"(Linnaeus, 1758)"
Animalia,Chordata,Aves,Ciconiiformes ,Ardeidae ,Bubulcus,Bubulcus ibis,"(Linnaeus, 1758)"
Animalia,Chordata,Actinopterygii,Perciformes,Eleotridae,Butis,Butis koilomatodon,"(Bleeker, 1849)"
Plantae,Magnoliophyta,Magnoliopsida,Capparales,Brassicaceae,Cakile,Cakile maritima,Scopoli
Animalia,Chordata,Mammalia,Primates,Callithrichidae,Callithrix,Callithrix geoffroyi,"(Humboldt, 1812)"
Animalia,Chordata,Mammalia,Primates,Callithrichidae,Callithrix,Callithrix geoffroyi x C. penicillata,
Animalia,Chordata,Mammalia,Primates,Callithrichidae,Callithrix,Callithrix jacchus,"(Linnaeus, 1758)"
Animalia,Chordata,Mammalia,Primates,Callithrichidae,Callithrix,Callithrix jacchus x C. penicillata x C. aurita,
Animalia,Chordata,Mammalia,Primates,Callithrichidae,Callithrix,Callithrix jacchus x Callithrix penicillata,
Animalia,Chordata,Mammalia,Primates,Callithrichidae,Callithrix,Callithrix penicillata,"É. Geoffroy, 1812"
Animalia,Chordata,Mammalia,Primates,Callithrichidae,Callithrix,Callithrix penicillata x Callithrix aurita,
Plantae,Magnoliophyta,Magnoliopsida,Gentianales,Asclepiadaceae,Calotropis,Calotropis gigantea,(L.) R. Br.
Plantae,Magnoliophyta,Magnoliopsida,Gentianales,Asclepiadaceae,Calotropis,Calotropis procera,(Ait.) R.Br.
Animalia,Arthropoda,Malacostraca,Decapoda,Cancridae,Cancer,Cancer pagurus,"Linnaeus, 1758"
Animalia,Chordata,Mammalia,Carnivora,Canidae,Canis,Canis familiaris,"Linnaeus, 1758"
Animalia,Chordata,Mammalia,Artiodactyla,Bovidae,Capra,Capra hircus,"Linnaeus, 1758"
Animalia,Chordata,Actinopterygii,Cypriniformes,Cyprinidae,Carassius,Carassius auratus,"(Linnaeus, 1758)"
Animalia,Cnidaria,Anthozoa,Alcyonacea,Clavulariidae,Carijoa,Carijoa riisei,"(Duchassaing & Michelotti, 1860)"
Plantae,Magnoliophyta,Magnoliopsida,Caryophyllales,Aizoaceae,Carpobrotus,Carpobrotus acinaciformis,(L.) L.Bolus
Plantae,Magnoliophyta,Magnoliopsida,Caryophyllales,Aizoaceae,Carpobrotus,Carpobrotus edulis,(L.) N.E.Br.
Plantae,Magnoliophyta,Liliopsida,Arecales,Arecaceae,Caryota,Caryota urens,L.
Animalia,Cnidaria,Scyphozoa,Rhizostomeae,Cassiopeidae,Cassiopea,Cassiopea andromeda,"(Forskål, 1775)"
Plantae,Magnoliophyta,Magnoliopsida,Laurales,Lauraceae,Cassytha,Cassytha filiformis,L.
Plantae,Magnoliophyta,Magnoliopsida,Casuarinales,Casuarinaceae,Casuarina,Casuarina equisetifolia,L.
Animalia,Chordata,Actinopterygii,Pleuronectiformes,Achiridae,Catathyridium,Catathyridium jenynsii,"(Günther, 1852)"
Plantae,Magnoliophyta,Magnoliopsida,Gentianales,Apocynaceae,Catharanthus,Catharanthus roseus,(L.) G. Don
Plantae,Chlorophyta,Ulvophyceae,Bryopsidales,Caulerpaceae,Caulerpa,Caulerpa scalpelliformis,(R. Br. Ex Turner)
Animalia,Chordata,Mammalia,Primates,Cebidae,Cebus,Cebus robustus x C. libidinosus x C. nigritus,
Plantae,Magnoliophyta,Liliopsida,Poales,Poaceae,Cenchrus,Cenchrus ciliaris,L.
Plantae,Magnoliophyta,Liliopsida,Poales,Poaceae,Cenchrus,Cenchrus clandestinus,(Hochst. ex Chiov.) Morrone
Plantae,Magnoliophyta,Liliopsida,Poales,Poaceae,Cenchrus,Cenchrus echinatus,L.
Plantae,Magnoliophyta,Liliopsida,Poales,Poaceae,Pennisetum,Cenchrus purpureus,(Schumach.) Morrone
Plantae,Magnoliophyta,Magnoliopsida,Apiales,Apiaceae,Centella,Centella asiatica,(L.) Urb.
Protista,Dinoflagellata,Dinophyceae,Peridiniales,Ceratiaceae,Ceratium,Ceratium furcoides,(Levander) Langhans
Animalia,Chordata,Actinopterygii,Characiformes,Characidae,Charax,Charax stenopterus,"(Cope, 1894)"
Animalia,Arthropoda,Malacostraca,Decapoda,Portunidae,Charybdis,Charybdis hellerii,"(Milne Edwards, 1867)"
Plantae,Pteridophyta,Filicopsida,Polypodiales,Thelypteridaceae,Christella,Christella dentata,(Forssk.) Brownsey & Jermy
Animalia,Cnidaria,Anthozoa,Alcyonacea,Nephtheidae,Chromonephthea,Chromonephthea braziliensis,"van Ofwegen, 2005"
Plantae,Magnoliophyta,Magnoliopsida,Asterales,Asteraceae,Chrysanthemum,Chrysanthemum myconis,L.
Animalia,Chordata,Actinopterygii,Cichliformes,Cichlidae,Cichla,Cichla kelberi,"(Kullander & Ferreira, 2006)"
Animalia,Chordata,Actinopterygii,Cichliformes,Cichlidae,Cichla,Cichla monoculus,"(Spix and Agassiz, 1831)"
Animalia,Chordata,Actinopterygii,Cichliformes,Cichlidae,Cichla,Cichla monoculus x C. kelberi,
Animalia,Chordata,Actinopterygii,Cichliformes,Cichlidae,Cichla,Cichla ocellaris,"Bloch & Schneider, 1801"
Animalia,Chordata,Actinopterygii,Cichliformes,Cichlidae,Cichla,Cichla pinima,"Kullander & Ferreira, 2006"
Animalia,Chordata,Actinopterygii,Cichliformes,Cichlidae,Cichla,Cichla piquiti,"Kullander & Ferreira, 2006"
Animalia,Chordata,Actinopterygii,Cichliformes,Cichlidae,Cichlasoma,Cichlasoma dimerus,"(Heckel, 1840)"
Plantae,Magnoliophyta,Magnoliopsida,Laurales,Lauraceae,Cinnamomum,Cinnamomum burmanni,(Nees & T. Nees) Blume
Plantae,Magnoliophyta,Magnoliopsida,Laurales,Lauraceae,Cinnamomum,Cinnamomum verum,J. Persl
Animalia,Chordata,Ascidiacea,Enterogona,Cionidae,Ciona,Ciona robusta,"Hoshino & Tokioka, 1967"
Plantae,Magnoliophyta,Magnoliopsida,Asterales,Asteraceae,Cirsium,Cirsium vulgare,(Savi) Ten.
Plantae,Magnoliophyta,Magnoliopsida,Sapindales,Rutaceae,Citrus,Citrus x limonia,Osbeck
Animalia,Chordata,Actinopterygii,Siluriformes,Clariidae,Clarias,Clarias gariepinus,"(Burchell, 1822)"
Animalia,Cnidaria,Anthozoa,Alcyonacea,Clavulariidae,Clavularia,Clavularia viridis,"(Quoy & Gaimard, 1833)"
Plantae,Magnoliophyta,Magnoliopsida,Fabales,Fabaceae,Clitoria,Clitoria fairchildiana,"(R. A. Howard, 1967)"
Animalia,Arthropoda,Insecta,Ephemeroptera,Baetidae,Cloeon,Cloeon smaeleni,"Lestage, 1924"
Plantae,Magnoliophyta,Liliopsida,Poales,Poaceae,Coix,Coix lacryma-jobi,Linnaeus
Plantae,Magnoliophyta,Liliopsida,Alismatales,Araceae,Colocasia,Colocasia esculenta,(L.) Schott
Animalia,Chordata,Actinopterygii,Characiformes,Serrasalmidae,Colossoma,Colossoma macropomum,"(Cuvier, 1816)"
Animalia,Chordata,Aves,Columbiformes,Columbidae,Columba,Columba livia,"(J. F. Gmelin, 1789)"
Animalia,Chordata,Actinopterygii,Cichliformes,Cichlidae,Coptodon,Coptodon rendalli,"(Boulenger, 1897)"
Animalia,Mollusca,Bivalvia,Veneroida,Corbiculidae,Corbicula,Corbicula fluminea,"(Muller, 1774)"
Animalia,Mollusca,Bivalvia,Veneroida,Corbiculidae,Corbicula,Corbicula largillierti,"(Philippi, 1844)"
Plantae,Magnoliophyta,Liliopsida,Asparagales,Asparagaceae,Cordyline,Cordyline fruticosa,(L.) A.Chev.
Animalia,Cnidaria,Hydrozoa,Filifera,Clavidae,Cordylophora,Cordylophora caspia,"(Pallas, 1771)"
Plantae,Magnoliophyta,Magnoliopsida,Asterales,Asteraceae,Coreopsis,Coreopsis tinctoria,Baill.
Plantae,Magnoliophyta,Liliopsida,Poales,Poaceae,Cortaderia,Cortaderia selloana,(Schult.) Asch.
Animalia,Chordata,Aves,Passeriformes,Corvidae,Corvus,Corvus albus,"(Muller, 1776)"
Animalia,Chordata,Actinopterygii,Cichliformes,Cichlidae,Corydoras,Corydoras nattereri,"Steindachner, 1876"
Plantae,Magnoliophyta,Magnoliopsida,Myrtales,Myrtaceae,Corymbia,Corymbia torelliana,(F.Muell.) K.D.Hill & L.A.S.Johnson
Protista,Bacillariophyta,Coscinodiscophyceae,Coscinodiscales,Coscinodiscaceae,Coscinodiscus,Coscinodiscus wailesii,TSN 2571
Plantae,Magnoliophyta,Magnoliopsida,Rosales,Rosaceae,Cotoneaster,Cotoneaster franchetii,Bois
Plantae,Magnoliophyta,Liliopsida,Asparagales,Iridaceae,Crocosmia,Crocosmia x crocosmiiflora,(W. A. Nicholson) N.E.Br.
Plantae,Magnoliophyta,Magnoliopsida,Fabales,Fabaceae,Crotalaria,Crotalaria juncea,L.
Plantae,Magnoliophyta,Magnoliopsida,Fabales,Fabaceae,Crotalaria,Crotalaria spectabilis,Roth
Plantae,Magnoliophyta,Magnoliopsida,Gentianales,Asclepiadaceae,Cryptostegia,Cryptostegia grandiflora,(Roxb. ex R. Br.) R. Br.
Plantae,Magnoliophyta,Magnoliopsida,Gentianales,Asclepiadaceae,Cryptostegia,Cryptostegia madagascariensis,Bojer ex Decne.
Animalia,Chordata,Actinopterygii,Cypriniformes,Cyprinidae,Ctenopharyngodon,Ctenopharyngodon idella,"(Valenciennes, 1844)"
Plantae,Coniferophyta,Pinopsida,Pinales,Cupressaceae,Cupressus,Cupressus lusitanica,Mill.
Plantae,Magnoliophyta,Liliopsida,Asparagales,Hypoxidaceae,Curculigo,Curculigo capitulata,(Lour.) Herb.
Plantae,Magnoliophyta,Liliopsida,Poales,Poaceae,Cynodon,Cynodon dactylon,(L.) Pers.
Plantae,Magnoliophyta,Liliopsida,Poales,Poaceae,Cynodon,Cynodon plectostachyus,(K.Schum.) Pilg
Animalia,Chordata,Actinopterygii,Characiformes,Characidae,Cynopotamus,Cynopotamus kincaidi,"(Schultz, 1950)"
Plantae,Magnoliophyta,Liliopsida,Poales,Cyperaceae,Cyperus,Cyperus rotundus,L.
Animalia,Chordata,Actinopterygii,Cypriniformes,Cyprinidae,Cyprinus,Cyprinus carpio,"(Linnaeus, 1758)"
Plantae,Magnoliophyta,Magnoliopsida,Fabales,Fabaceae,Cytisus,Cytisus scoparius,(L.) Link
Animalia,Chordata,Actinopterygii,Cypriniformes,Danionidae,Danio,Danio rerio,"(Hamilton, 1822)"
Animalia,Arthropoda,Branchiopoda,Diplostraca,Daphniidae,Daphnia,Daphnia lumholtzi,"G. O. Sars, 1885"
Plantae,Pteridophyta,Filicopsida,Polypodiales,Aspleniaceae,Deparia,Deparia petersenii,(Kunze) M. Kato
Animalia,Chordata,Actinopterygii,Cypriniformes,Danionidae,Danio,Devario malabaricus,"(Jerdon, 1849)"
Animalia,Cnidaria,Anthozoa,Actiniaria,Diadumenidae,Diadumene,Diadumene lineata,"(Verrill, 1870)"
Animalia,Chordata,Ascidiacea,Aplousobranchia,Didemnidae,Didemnum,Didemnum perlucidum,"Monniot F., 1983"
Plantae,Magnoliophyta,Liliopsida,Alismatales,Araceae,Dieffenbachia,Dieffenbachia amoena,Bull.
Plantae,Magnoliophyta,Liliopsida,Alismatales,Araceae,Dieffenbachia,Dieffenbachia seguine ,(Jacq.) Schott
Plantae,Magnoliophyta,Liliopsida,Poales,Poaceae,Digitaria,Digitaria eriantha,Steud.
Animalia,Arthropoda,Insecta,Coleoptera,Scarabaeidae,Digitonthophagus,Digitonthophagus gazella,(Fabr.) 1787
Animalia,Arthropoda,Malacostraca,Decapoda,Trichodactylidae,Dilocarcinus,Dilocarcinus pagei,"Stimpson, 1861"
Plantae,Magnoliophyta,Magnoliopsida,Dioscoreales,Dioscoraceae,Dioscorea,Dioscorea sansibarensis,Pax
Plantae,Magnoliophyta,Magnoliopsida,Solanales,Convolvulaceae,Distimake,Distimake tuberosus,(L.) A.R. Simões & Staples
Plantae,Magnoliophyta,Liliopsida,Asparagales,Asparagaceae,Dracaena,Dracaena angolensis,(Welw. ex Carrière) Byng & Christenh.
Plantae,Magnoliophyta,Liliopsida,Asparagales,Asparagaceae,Dracaena,Dracaena fragrans,(L.) Ker-Gawl.
Plantae,Magnoliophyta,Magnoliopsida,Rosales,Rosaceae,Duchesnea,Duchesnea indica,(Andr.) Focke
Animalia,Chordata,Actinopterygii,Siluriformes,Pimelodidae,Duopalatinus,Duopalatinus emarginatus,"(Valenciennes, 1840)"
Plantae,Magnoliophyta,Liliopsida,Poales,Poaceae,Echinochloa,Echinochloa crus-galli,(L.) Beauv.
Animalia,Annelida,Clitellata,Haplotaxida,Lumbricidae,Eisenia,Eisenia fetida,"(Savigny, 1826)"
Plantae,Magnoliophyta,Liliopsida,Arecales,Arecaceae,Elaeis,Elaeis guineensis,Jacq.
Animalia,Chordata,Amphibia,Anura,Eleutherodactylidae,Eleutherodactylus,Eleutherodactylus johnstonei,"Barbour, 1914"
Plantae,Magnoliophyta,Liliopsida,Alismatales,Araceae,Epipremnum,Epipremnum aureum,(Linden & André) G.S.Bunting
Animalia,Chordata,Mammalia,Perissodactyla,Equidae,Equus,Equus caballus,"(Linnaeus, 1758)"
Plantae,Magnoliophyta,Liliopsida,Poales,Poaceae,Eragrostis,Eragrostis plana,Nees
Animalia,Chordata,Actinopterygii,Characiformes,Erythrinidae,Erythrinus,Erythrinus erythrinus,"(Bloch & Schneider, 1801)"
Animalia,Cnidaria,Anthozoa,Alcyonacea,Anthothelidae,Erythropodium,Erythropodium caribaeorum,"(Duchassaing and Michelotti, 1860)"
Animalia,Chordata,Aves,Passeriformes,Estrildidae,Estrilda,Estrilda astrild,Linnaeus
Animalia,Mollusca,Gastropoda,Littorinimorpha,Vermetidae,Eualetes,Eualetes tulipa,"(Rousseau in Chenu, 1843)"
Plantae,Magnoliophyta,Magnoliopsida,Myrtales,Myrtaceae,Eucalyptus,Eucalyptus robusta,Sm.
Plantae,Magnoliophyta,Magnoliopsida,Myrtales,Myrtaceae,Eucalyptus,Eucalyptus sp.,L'Hér.
Plantae,Magnoliophyta,Magnoliopsida,Malpighiales,Euphorbiaceae,Euphorbia,Euphorbia tirucalli,(L.. 1753)
Plantae,Magnoliophyta,Liliopsida,Arecales,Arecaceae,Euterpe,Euterpe oleracea,Mart.
Plantae,Magnoliophyta,Magnoliopsida,Fabales,Fabaceae,Falcataria,Falcataria falcata,(L.) Greuter & R.Rankin
Animalia,Chordata,Mammalia,Carnivora,Felidae,Felis,Felis catus,"Linnaeus, 1775"
Animalia,Annelida,Polychaeta,Sabellida,Serpulidae,Ficopomatus,Ficopomatus enigmaticus,"(Fauvel, 1923)"
Plantae,Magnoliophyta,Magnoliopsida,Urticales,Moraceae,Ficus,Ficus microcarpa,L.f.
Plantae,Magnoliophyta,Liliopsida,Asparagales,Agavaceae,Furcraea,Furcraea foetida,(L.) Haw.
Plantae,Magnoliophyta,Liliopsida,Asparagales,Agavaceae,Furcraea,Furcraea selloa,Koch
Plantae,Magnoliophyta,Magnoliopsida,Asterales,Asteraceae,Gaillardia,Gaillardia pulchella,Foug.
Animalia,Chordata,Actinopterygii,Cichliformes,Cichlidae,Geophagus,Geophagus sveni,"Lucinda, Lucena & Assis, 2010"
Plantae,Magnoliophyta,Magnoliopsida,Protelaes,Proteaceae,Grevillea,Grevillea banksii,R. Br.
Plantae,Magnoliophyta,Magnoliopsida,Protelaes,Proteaceae,Grevillea,Grevillea robusta,A. Cunn. ex R. Br.
Animalia,Chordata,Actinopterygii,Characiformes,Characidae,Gymnocorymbus,Gymnocorymbus ternetzi,"(Boulenger, 1895)"
Protista,Dinoflagellata,Dinophyceae,Gymnodiniales,Gymnodiniaceae,Gymnodinium,Gymnodinium catenatum,"Graham, 1943"
Animalia,Chordata,Actinopterygii,Gymnotiformes,Rhamphichthyidae,Gymnorhamphichthys,Gymnorhamphichthys hypostomus,"(Ellis, 1912)"
Animalia,Chordata,Actinopterygii,Gymnotiformes,Gymnotidae,Gymnotus,Gymnotus inaequilabiatus,"(Valenciennes, 1842)"
Animalia,Chordata,Actinopterygii,Gymnotiformes,Gymnotidae,Gymnotus,Gymnotus pantanal,"Fernandes, Albert, Daniel-Silva, Lopes, Crampton & Almeida-Toledo 2005"
Animalia,Chordata,Actinopterygii,Gymnotiformes,Gymnotidae,Gymnotus,Gymnotus paraguensis,"(Albert & Crampton, 2003)"
Animalia,Chordata,Actinopterygii,Gymnotiformes,Gymnotidae,Gymnotus,Gymnotus sylvius,"Albert & Fernandes-Matioli in Albert et al., 1999"
Animalia,Arthropoda,Insecta,Coleoptera,Coccinellidae,Harmonia,Harmonia axyridis,"(Pallas, 1773)"
Plantae,Magnoliophyta,Liliopsida,Zingiberales,Zingiberaceae,Hedychium,Hedychium coccineum,"Buch.-Ham., ex Sm."
Plantae,Magnoliophyta,Liliopsida,Zingiberales,Zingiberaceae,Hedychium,Hedychium coronarium,J. König
Plantae,Magnoliophyta,Liliopsida,Zingiberales,Zingiberaceae,Hedychium,Hedychium gardnerianum,Sheppard ex Ker-Gawl.
Animalia,Chordata,Actinopterygii,Perciformes,Helostomatidae,Helostoma,Helostoma temminkii,"Cuvier, 1829"
Animalia,Chordata,Reptilia,Squamata,Gekkonidae,Hemidactylus,Hemidactylus mabouia,"Moreau de Jonnès, 1818"
Animalia,Chordata,Actinopterygii,Characiformes,Hemiodontidae,Hemiodus,Hemiodus orthonops,"(Eigenmann & Kennedy, 1903)"
Plantae,Magnoliophyta,Magnoliopsida,Apiales,Araliaceae,Heptapleurum,Heptapleurum actinophyllum,Hayata
Plantae,Magnoliophyta,Magnoliopsida,Apiales,Araliaceae,Heptapleurum,Heptapleurum arboricola,Hayata
Animalia,Chordata,Actinopterygii,Cichliformes,Cichlidae,Heterotilapia,Heterotilapia buttikoferi,"(Hubrecht, 1881)"
Plantae,Magnoliophyta,Magnoliopsida,Malpighiales,Euphorbiaceae,Hevea,Hevea brasiliensis,(Willd. ex A.Juss.) Müll.Arg.
Plantae,Magnoliophyta,Magnoliopsida,Campanulales,Campanulaceae,Hippobroma,Hippobroma longiflora,(L.) G. Don
Animalia,Chordata,Actinopterygii,Siluriformes,Loricariidae,Hisonotus,Hisonotus notatus,"Eigenmann & Eigenmann, 1889"
Animalia,Chordata,Actinopterygii,Characiformes,Erythrinidae,Hoplerythrinus,Hoplerythrinus unitaeniatus,"(Agassiz, 1829)"
Animalia,Chordata,Actinopterygii,Characiformes,Erythrinidae,Hoplias,Hoplias intermedius,"(Günther, 1864)"
Animalia,Chordata,Actinopterygii,Characiformes,Erythrinidae,Hoplias,Hoplias lacerdae,"(Miranda Ribeiro, 1908)"
Animalia,Chordata,Actinopterygii,Siluriformes,Callichthyidae,Hoplosternum,Hoplosternum littorale,"(Hancock, 1828)"
Plantae,Magnoliophyta,Magnoliopsida,Rhamnales,Rhamnaceae,Hovenia,Hovenia dulcis,Thunb.
Plantae,Magnoliophyta,Magnoliopsida,Malpighiales,Euphorbiaceae,Hura,Hura crepitans,Linneaus
Animalia,Arthropoda,Insecta,Lepidoptera,Hyblaeidae,Hyblaea,Hyblaea puera,Cramer
Plantae,Magnoliophyta,Liliopsida,Alismatales,Hydrocharitaceae,Hydrilla,Hydrilla verticillata,(L.f.) Royle
Animalia,Annelida,Polychaeta,Sabellida,Serpulidae,Hydroides,Hydroides elegans,"(Haswell, 1883)"
Plantae,Magnoliophyta,Liliopsida,Poales,Poaceae,Hyparrhenia,Hyparrhenia rufa,(Nees) Stapf
Animalia,Chordata,Actinopterygii,Characiformes,Characidae,Hyphessobrycon,Hyphessobrycon eques,"(Steindachner, 1882)"
Animalia,Chordata,Actinopterygii,Characiformes,Characidae,Hyphessobrycon,Hyphessobrycon haraldschultzi,"Travassos, 1960"
Animalia,Chordata,Actinopterygii,Characiformes,Characidae,Hyphessobrycon,Hyphessobrycon herbertaxelrodi,"Géry, 1961"
Animalia,Chordata,Actinopterygii,Cypriniformes,Xenocyprididae,Hypophthalmichthys,Hypophthalmichthys molitrix,"(Valenciennes, 1844)"
Animalia,Chordata,Actinopterygii,Cypriniformes,Xenocyprididae,Hypophthalmichthys,Hypophthalmichthys nobilis  ,"Richardson, 1845"
Animalia,Chordata,Actinopterygii,Siluriformes,Hypophthalmidae,Hypophthalmus,Hypophthalmus edentatus,"Spix and Agassiz, 1829"
Animalia,Chordata,Actinopterygii,Siluriformes,Loricariidae,Hypostomus,Hypostomus luetkeni,"(Steindachner, 1877)"
Animalia,Chordata,Actinopterygii,Perciformes,Bleniidae,Hypsoblennius,Hypsoblennius invemar,"Smith-Vaniz & Acero, 1980"
Animalia,Chordata,Actinopterygii,Siluriformes,Ictaluridae,Ictalurus,Ictalurus punctatus,"(Rafinesque, 1818)"
Plantae,Magnoliophyta,Magnoliopsida,Sapindales,Balsaminaceae,Impatiens,Impatiens walleriana,Hook. f.
Plantae,Magnoliophyta,Liliopsida,Asparagales,Iridaceae,Iris,Iris domestica,(L.) Goldblatt & Mabb.
Animalia,Mollusca,Bivalvia,Pterioida,Isognomonidae,Isognomon,Isognomon bicolor,"(C. B. Adams, 1845)"
Plantae,Magnoliophyta,Magnoliopsida,Malpighiales,Euphorbiaceae,Jatropha,Jatropha curcas,L.
Plantae,Magnoliophyta,Magnoliopsida,Saxifragales,Crassulaceae,Kalanchoe,Kalanchoe delagoensis,Eckl. & Zeyh.
Plantae,Magnoliophyta,Magnoliopsida,Saxifragales,Crassulaceae,Kalanchoe,Kalanchoe fedtschenkoi,Raym.-Hamet & Perr.
Plantae,Magnoliophyta,Magnoliopsida,Saxifragales,Crassulaceae,Kalanchoe,Kalanchoe pinnata,(Lam.) Pers.
Plantae,Rhodophyta,Florideophyceae,Ceramiales,Soliericeae,Kappaphycus,Kappaphycus alvarezzi,(Doty) L.M.Liao 1996
Animalia,Rotifera,Eurotatoria,Ploima,Brachionidae,Kellicottia,Kellicottia bostoniensis,"(Rousselet, 1908)"
Animalia,Chordata,Mammalia,Rodentia,Caviidae,Kerodon,Kerodon rupestris,"(Wied-Neuwied, 1820)"
Animalia,Chordata,Actinopterygii,Characiformes,Characidae,Knodus,Knodus moenkhausii,"(Eigenmann & Kennedy, 1903)"
Animalia,Chordata,Actinopterygii,Cichliformes,Cichlidae,Laetacara,Laetacara araguaiae,"Ottoni & Costa, 2009"
Animalia,Chordata,Actinopterygii,Cichliformes,Cichlidae,Laetacara,Laetacara curviceps,"(Ahl, 1923)"
Animalia,Cnidaria,Anthozoa,Alcyonacea,Xeniidae,Latissimia,Latissimia ningalooensis,"Ekins, Benayahu & McFadden"
Plantae,Rhodophyta,Florideophyceae,Ceramiales,Rhodomelaceae,Laurencia,Laurencia caduciramulosa,Masuda & S.Kawaguchi 1997
Animalia,Mollusca,Bivalvia,Mytiloida,Mytilidae,Leiosolenus,Leiosolenus aristatus,"(Dillwyn, 1817)"
Animalia,Chordata,Mammalia,Primates,Callithrichidae,Leontopithecus,Leontopithecus chrysomelas,"Kuhl, 1820"
Animalia,Chordata,Actinopterygii,Perciformes,Centrarchidae,Lepomis,Lepomis gibbosus,"(Linnaeus, 1758)"
Animalia,Chordata,Actinopterygii,Characiformes,Anostomidae,Leporinus,Leporinus friderici,"(Bloch, 1794)"
Animalia,Chordata,Actinopterygii,Characiformes,Anostomidae,Leporinus,Leporinus octofasciatus,"Steindachner, 1915"
Animalia,Chordata,Actinopterygii,Siluriformes,Callichthyidae,Lepthoplosternum,Lepthoplosternum pectorale,"(Boulenger, 1895)"
Animalia,Chordata,Amphibia,Anura,Leptodactylidae,Leptodactylus,Leptodactylus labyrinthicus,"(Spix, 1824)"
Animalia,Chordata,Mammalia,Lagomorfa,Leporidae,Lepus,Lepus europaeus,"(Pallas, 1778)"
Plantae,Magnoliophyta,Magnoliopsida,Fabales,Fabaceae,Leucaena,Leucaena leucocephala,(Lam.) de Wit
Animalia,Bryozoa,Gymnolaemata,Cheilostomata,Candidae,Licornia,Licornia diadema,"(Busk, 1852)"
Animalia,Bryozoa,Gymnolaemata,Cheilostomata,Candidae,Licornia,Licornia jolloisii,"(Audouin, 1826)"
Plantae,Magnoliophyta,Magnoliopsida,Scrophulariales,Oleaceae,Ligustrum,Ligustrum japonicum,Thunb.
Plantae,Magnoliophyta,Magnoliopsida,Scrophulariales,Oleaceae,Ligustrum,Ligustrum lucidum,W.T. Aiton
Plantae,Magnoliophyta,Magnoliopsida,Scrophulariales,Oleaceae,Ligustrum,Ligustrum sinense,Lour
Plantae,Magnoliophyta,Magnoliopsida,Scrophulariales,Oleaceae,Ligustrum,Ligustrum vulgare,L.
Animalia,Mollusca,Bivalvia,Mytiloida,Mytilidae,Limnoperna,Limnoperna fortunei,"(Dunker, 1857)"
Animalia,Chordata,Reptilia,Squamata,Tropiduridae,Liolaemus,Liolaemus lutzae,"(Mertens, 1938)"
Animalia,Mollusca,Gastropoda,Stylommatophora,Achatinidae,Lissachatina,Lissachatina fulica,"(Bowdich, 1822)"
Plantae,Magnoliophyta,Liliopsida,Arecales,Arecaceae,Livistona,Livistona chinensis,(Jacq.) R. Br.
Plantae,Magnoliophyta,Magnoliopsida,Dipsacales,Caprifoliaceae,Lonicera,Lonicera japonica,Thunb. ex Murray
Animalia,Chordata,Actinopterygii,Siluriformes,Pseudopimelodidae,Lophiosilurus,Lophiosilurus alexandri,"Steindachner ,1876"
Animalia,Chordata,Actinopterygii,Siluriformes,Loricariidae,Loricariichthys,Loricariichthys platymetopon,"Isbrücker & Nijssen, 1979"
Animalia,Chordata,Actinopterygii,Siluriformes,Loricariidae,Loricariichthys,Loricariichthys rostratus,"Reis & Pereira, 2000"
Animalia,Arthropoda,Malacostraca,Decapoda,Palaemonidae,Macrobrachium,Macrobrachium rosenbergii,"(De Man, 1879)"
Animalia,Chordata,Actinopterygii,Perciformes,Osphronemidae,Macropodus,Macropodus opercularis,"(Linnaeus, 1758)"
Plantae,Pteridophyta,Filicopsida,Polypodiales,Thelypteridaceae,Macrothelypteris,Macrothelypteris torresiana,(Gaudich.) Ching.
Animalia,Mollusca,Bivalvia,Ostreoida,Ostreidae,Magallana,Magallana gigas,"(Thunberg, 1793) "
Plantae,Magnoliophyta,Magnoliopsida,Magnoliales,Magnoliaceae,Magnolia,Magnolia champaca,(L.) Baill. ex Pierre
Plantae,Magnoliophyta,Magnoliopsida,Sapindales,Anacardiaceae,Mangifera,Mangifera indica,L.
Animalia,Arthropoda,Maxillopoda,Sessilia,Balanidae,Megabalanus,Megabalanus coccopoma,"(Darwin, 1854)"
Animalia,Chordata,Actinopterygii,Characiformes,Anostomidae,Megaleporinus,Megaleporinus macrocephalus,"(Garavello & Britski, 1988)"
Animalia,Chordata,Actinopterygii,Characiformes,Anostomidae,Megaleporinus,Megaleporinus obtusidens,"(Valenciennes, 1836)"
Animalia,Chordata,Actinopterygii,Characiformes,Anostomidae,Megaleporinus,Megaleporinus piavussu,"(Britski, Birindelli & Garavello, 2012)"
Plantae,Magnoliophyta,Liliopsida,Poales,Poaceae,Megathyrsus,Megathyrsus maximus,(Jacq.) B.K. Simon & S.W.L. Jacobs
Animalia,Mollusca,Gastropoda,Neotaenioglossa,Thiaridae,Melanoides,Melanoides tuberculata,"(Muller, 1774)"
Plantae,Magnoliophyta,Magnoliopsida,Sapindales,Meliaceae,Melia,Melia azedarach,L.
Plantae,Magnoliophyta,Liliopsida,Poales,Poaceae,Melinis,Melinis minutiflora,P. Beauv.
Plantae,Magnoliophyta,Liliopsida,Poales,Poaceae,Melinis,Melinis repens,(Willd.) Zizka
Animalia,Bryozoa,Gymnolaemata,Cheilostomata,Sinoflustridae,Membraniporopsis,Membraniporopsis tubigera,"(Osburn, 1940)"
Animalia,Arthropoda,Maxillopoda,Cyclopoida,Cyclopidae,Mesocyclops,Mesocyclops ogunnus,"Onabamiro, 1957"
Animalia,Arthropoda,Malacostraca,Decapoda,Penaeidae,Metapenaeus,Metapenaeus monocerus,"(Fabricius, 1798)"
Animalia,Chordata,Actinopterygii,Characiformes,Characidae,Metynnis,Metynnis lippincottianus,"(Cope, 1870)"
Animalia,Chordata,Actinopterygii,Characiformes,Characidae,Metynnis,Metynnis maculatus,"(Kner, 1858)"
Animalia,Chordata,Actinopterygii,Perciformes,Centrarchidae,Micropterus,Micropterus salmoides,"(Lacepède, 1802)"
Animalia,Chordata,Actinopterygii,Cichliformes,Cichlidae,Mikrogeophagus ,Mikrogeophagus altispinosus,"Haseman, 1911"
Animalia,Chordata,Actinopterygii,Cichliformes,Cichlidae,Mikrogeophagus ,Mikrogeophagus ramirezi,"(Myers & Harry, 1948)"
Animalia,Chordata,Actinopterygii,Characiformes,Characidae,Mimagoniates,Mimagoniates microlepis,"(Steindachner, 1877)"
Plantae,Magnoliophyta,Magnoliopsida,Fabales,Fabaceae,Mimosa,Mimosa caesalpiniifolia,Benth.
Plantae,Magnoliophyta,Magnoliopsida,Ericales,Sapotaceae,Mimusops,Mimusops coriacea,(A.DC.) Miq.
Animalia,Chordata,Actinopterygii,Cypriniformes,Cobitidae,Misgurnus,Misgurnus anguillicaudatus,"(Cantor, 1842)"
Animalia,Chordata,Actinopterygii,Characiformes,Characidae,Moenkhausia,Moenkhausia costae,"(Steindachner, 1907)"
Plantae,Magnoliophyta,Magnoliopsida,Violales,Cucurbitaceae,Momordica,Momordica charantia,L.
Animalia,Arthropoda,Insecta,Hymenoptera,Formicidae,Monomorium,Monomorium floricola,"(Jerdon, 1851)"
Plantae,Magnoliophyta,Magnoliopsida,Urticales,Moraceae,Morus,Morus alba,L.
Plantae,Magnoliophyta,Magnoliopsida,Urticales,Moraceae,Morus,Morus nigra,L.
Plantae,Magnoliophyta,Magnoliopsida,Sapindales,Rutaceae,Murraya,Murraya paniculata,(L.) Jack
Animalia,Chordata,Mammalia,Rodentia,Muridae,Mus,Mus musculus,"(Linnaeus, 1758)"
Plantae,Magnoliophyta,Liliopsida,Zingiberales,Musaceae,Musa,Musa balbisiana,Colla
Plantae,Magnoliophyta,Liliopsida,Zingiberales,Musaceae,Musa,Musa ornata,Roxb.
Plantae,Magnoliophyta,Liliopsida,Zingiberales,Musaceae,Musa,Musa ornata x Musa velutina,
Plantae,Magnoliophyta,Liliopsida,Zingiberales,Musaceae,Musa,Musa velutina,
Animalia,Chordata,Aves,Psittaciformes,Psittacidae,Myiopsitta,Myiopsitta monachus,"(Boddaert, 1783)"
Animalia,Chordata,Mammalia,Rodentia,Myocastoridae,Myocastor,Myocastor coypus,"(Molina, 1782)"
Animalia,Mollusca,Bivalvia,Veneroida,Dreissenidae,Mytilopsis,Mytilopsis leucophaeata,"(Conrad, 1831) "
Animalia,Mollusca,Bivalvia,Veneroida,Dreissenidae,Mytilopsis,Mytilopsis sallei,"(Récluz, 1849)"
Animalia,Mollusca,Bivalvia,Mytiloida,Mytilidae,Mytilus,Mytilus galloprovincialis,"Lamarck, 1819"
Animalia,Chordata,Aves,Psittaciformes,Psittacidae,Nandayus,Nandayus nenday,"(Vieillot, 1823)"
Animalia,Chordata,Actinopterygii,Characiformes,Lebiasinidae,Nannostomus,Nannostomus beckfordi,"Günther, 1872"
Animalia,Mollusca,Gastropoda,Neogastropoda,Nassariidae,Nassarius,Nassarius foveolatus,Dunker
Animalia,Chordata,Mammalia,Carnivora,Procyonidae,Nasua,Nasua nasua,"(Linnaeus, 1766)"
Plantae,Pteridophyta,Filicopsida,Polypodiales,Davalliaceae,Nephrolepis,Nephrolepis brownii,(Desv.) Hovenkamp & Miyam.
Plantae,Pteridophyta,Filicopsida,Polypodiales,Davalliaceae,Nephrolepis,Nephrolepis cordifolia,(L.) C. Presl.
Plantae,Magnoliophyta,Magnoliopsida,Fabales,Fabaceae,Neustanthus,Neustanthus phaseoloides,(Roxb.) Benth.
Plantae,Magnoliophyta,Magnoliopsida,Solanales,Solanaceae,Nicotiana,Nicotiana glauca,Graham
Plantae,Magnoliophyta,Magnoliopsida,Nympheales,Nymphaeaceae,Nymphaea,Nymphaea nouchali var. caerulea,(Savigny) Verdc.
Plantae,Magnoliophyta,Magnoliopsida,Asterales,Menyanthaceae,Nymphoides,Nymphoides indica,(L.) Kuntze
Animalia,Chordata,Actinopterygii,Atheriniformes,Atherinidae,Odontesthes,Odontesthes bonariensis,"(Valenciennes, 1835)"
Plantae,Magnoliophyta,Liliopsida,Asparagales,Orchidaceae,Oeceoclades,Oeceoclades maculata,(Lindl.) Lindl.
Animalia,Chordata,Actinopterygii,Perciformes,Blenniidae,Omobranchus,Omobranchus punctatus,"(Valenciennes, 1836)"
Animalia,Chordata,Actinopterygii,Salmoniformes,Salmonidae,Oncorhynchus,Oncorhynchus mykiss,"(Walbaum, 1792)"
Plantae,Magnoliophyta,Liliopsida,Asparagales,Asparagaceae,Ophiopogon,Ophiopogon japonicus,(L.f.) Ker Gawl
Animalia,Echinodermata,Ophiuroidea,Ophiurida,Ophiothricidae,Ophiothela,Ophiothela mirabilis,"Verrill, 1867"
Animalia,Chordata,Actinopterygii,Batrachoidiformes,Batrachoididae,Opsanus,Opsanus beta,"(Goode & Bean, 1880)"
Plantae,Magnoliophyta,Magnoliopsida,Caryophyllales,Cactaceae,Opuntia,Opuntia dillenii,(Ker-Gawl.) Haw.
Plantae,Magnoliophyta,Magnoliopsida,Caryophyllales,Cactaceae,Opuntia,Opuntia ficus-indica,(L.) Mill.
Animalia,Chordata,Actinopterygii,Cichliformes,Cichlidae,Oreochromis,Oreochromis macrochir,Boulenger
Animalia,Chordata,Actinopterygii,Cichliformes,Cichlidae,Oreochromis,Oreochromis mossambicus,"(Peters, 1852)"
Animalia,Chordata,Actinopterygii,Cichliformes,Cichlidae,Oreochromis,Oreochromis niloticus,"(Linnaeus, 1758)"
Animalia,Chordata,Actinopterygii,Cichliformes,Cichlidae,Oreochromis,Oreochromis sp.,"(Günther, 1889)"
Animalia,Chordata,Actinopterygii,Siluriformes,Doradidae,Ossancora,Ossancora eigenmanni,"(Boulenger, 1895)"
Plantae,Magnoliophyta,Magnoliopsida,Malvales,Malvaceae,Pachira,Pachira aquatica,Aubl.
Animalia,Chordata,Actinopterygii,Perciformes,Sciaenidae,Pachyurus,Pachyurus bonariensis,"(Steindachner, 1876)"
Animalia,Chordata,Actinopterygii,Siluriformes,Pangasiidae,Pangasianodon,Pangasianodon hypophthalmus,"(Sauvage, 1878)"
Animalia,Chordata,Actinopterygii,Cichliformes,Cichlidae,Parachromis,Parachromis managuensis,"(Günther, 1867)"
Animalia,Arthropoda,Maxillopoda,Cyclopoida,Cyclopettidae,Paracyclopina,Paracyclopina longifurca,"(Smirnov, 1935)"
Animalia,Mollusca,Gastropoda,Stylommatophora,Punctidae,Paralaoma,Paralaoma servilis,"(Shuttleworth, 1852)"
Animalia,Arthropoda,Insecta,Hymenoptera,Formicidae,Paratrechina,Paratrechina longicornis, (Latreille)
Plantae,Magnoliophyta,Magnoliopsida,Fabales,Fabaceae,Parkinsonia,Parkinsonia aculeata,L.
Animalia,Chordata,Actinopterygii,Siluriformes,Loricariidae,Parotocinclus,Parotocinclus maculicauda,"(Steindachner, 1877)"
Animalia,Chordata,Aves,Passeriformes,Passeridae,Passer,Passer domesticus,"(Linnaeus, 1758)"
Animalia,Chordata,Actinopterygii,Cichliformes,Cichlidae,Pelvicachromis,Pelvicachromis pulcher,"Boulenger, 1901"
Animalia,Arthropoda,Malacostraca,Decapoda,Penaeidae,Penaeus,Penaeus monodon,"(Fabricius, 1798)"
Animalia,Arthropoda,Malacostraca,Decapoda,Penaeidae,Litopenaeus,Penaeus vannamei,"Boone, 1931"
Animalia,Mollusca,Bivalvia,Mytiloida,Mytilidae,Perna,Perna viridis,"(Linnaeus, 1758)"
Plantae,Magnoliophyta,Magnoliopsida,Caryophyllales,Polygonaceae,Persicaria,Persicaria capitata,(Buch.-Ham. ex D.Don) H.Gross
Animalia,Chordata,Actinopterygii,Cypriniformes,Cyprinidae,Pethia,Pethia conchonius,"(Hamilton, 1822)"
Animalia,Chordata,Actinopterygii,Cyprinodontiformes,Poeciliidae,Phalloceros,Phalloceros caudimaculatus,"(Hensel, 1868)"
Animalia,Chordata,Actinopterygii,Cyprinodontiformes,Poeciliidae,Phallotorynus,Phallotorynus victoriae,"(Oliveros, 1983)"
Animalia,Arthropoda,Insecta,Hymenoptera,Formicidae,Pheidole,Pheidole megacephala,"(Fabricius, 1793)"
Plantae,Magnoliophyta,Liliopsida,Arecales,Arecaceae,Phoenix,Phoenix roebelenii,O Brien
Animalia,Chordata,Amphibia,Anura,Hylidae,Phyllodytes,Phyllodytes luteolus,"(Wied-Neuwied, 1824)"
Animalia,Arthropoda,Maxillopoda,Harpacticoida,Tetragonicipitidae,Phyllopodopsyllus,Phyllopodopsyllus setouchiensis,"(Kitazima, 1981)"
Animalia,Cnidaria,Scyphozoa,Rhizostomeae,Mastigiidae,Phyllorhiza,Phyllorhiza punctata,"(von Lendenfeld, 1882)"
Plantae,Magnoliophyta,Liliopsida,Poales,Poaceae,Phyllostachys,Phyllostachys aurea,Carrière ex Rivière & C. Rivière
Plantae,Magnoliophyta,Magnoliopsida,Solanales,Solanaceae,Physalis,Physalis angulata,L.
Animalia,Mollusca,Gastropoda,Basommatophora,Physidae,Physella,Physella acuta,"(Draparnaud, 1805)"
Animalia,Chordata,Actinopterygii,Characiformes,Characidae,Piaractus,Piaractus mesopotamicus,"(Holmberg, 1887)"
Animalia,Chordata,Actinopterygii,Characiformes,Characidae,Piaractus,Piaractus mesopotamicus x Colossoma macropomum,
Plantae,Magnoliophyta,Magnoliopsida,Rosales,Urticaceae,Pilea,Pilea cadierei,Gagnep. & Guillaumin
Animalia,Arthropoda,Malacostraca,Decapoda,Xanthidae,Pilumnoides,Pilumnoides perlatus,"(Poepig, 1836)"
Animalia,Chordata,Actinopterygii,Siluriformes,Pimelodidae,Pimelodus,Pimelodus fur,"(Lütken, 1874)"
Animalia,Chordata,Actinopterygii,Siluriformes,Pimelodidae,Pimelodus,Pimelodus maculatus,"Lacepède, 1803"
Animalia,Chordata,Actinopterygii,Siluriformes,Pimelodidae,Pimelodus,Pimelodus ornatus,"Kner, 1858"
Plantae,Coniferophyta,Pinopsida,Pinales,Pinaceae,Pinus,Pinus caribaea,Morelet
Plantae,Coniferophyta,Pinopsida,Pinales,Pinaceae,Pinus,Pinus elliottii,L.
Plantae,Coniferophyta,Pinopsida,Pinales,Pinaceae,Pinus,Pinus glabra,Walt.
Plantae,Coniferophyta,Pinopsida,Pinales,Pinaceae,Pinus,Pinus maximinoi,H. E. Moore
Plantae,Coniferophyta,Pinopsida,Pinales,Pinaceae,Pinus,Pinus oocarpa,Schiede ex Schltdl.
Plantae,Coniferophyta,Pinopsida,Pinales,Pinaceae,Pinus,Pinus patula,Schiede ex Schltdl. & Cham.
Plantae,Coniferophyta,Pinopsida,Pinales,Pinaceae,Pinus,Pinus sp.,L.
Plantae,Coniferophyta,Pinopsida,Pinales,Pinaceae,Pinus,Pinus taeda,L.
Plantae,Magnoliophyta,Magnoliopsida,Fabales,Fabaceae,Pithecellobium,Pithecellobium dulce,(Roxb.) Benth.
Plantae,Magnoliophyta,Magnoliopsida,Rosales,Pittosporaceae,Pittosporum,Pittosporum undulatum,Vent.
Animalia,Chordata,Actinopterygii,Perciformes,Sciaenidae,Plagioscion,Plagioscion squamosissimus,"(Heckel, 1840)"
Animalia,Chordata,Actinopterygii,Siluriformes,Doradidae,Platydoras,Platydoras armatulus,"(Valenciennes in Cuvier & Valenciennes, 1840)"
Animalia,Arthropoda,Maxillopoda,Onychopoda,Podonidae,Pleopis,Pleopis schmackeri,"(Poppe, 1889)"
Animalia,Cnidaria,Anthozoa,Anthoathecata,Hydractiniidae,Podocoryna,Podocoryna loyola,"Haddad, Bettim & Miglietta, 2014"
Animalia,Chordata,Actinopterygii,Cyprinodontiformes,Poeciliidae,Poecilia,Poecilia reticulata,"(Peters, 1859)"
Animalia,Chordata,Actinopterygii,Cyprinodontiformes,Poeciliidae,Poecilia,Poecilia sphenops,"Valenciennes, 1846"
Animalia,Chordata,Actinopterygii,Cyprinodontiformes,Poeciliidae,Poecilia,Poecilia velifera,"(Regan, 1914)"
Animalia,Chordata,Actinopterygii,Siluriformes,Loricariidae,Pogonopoma,Pogonopoma wertheimeri,"(Steindachner, 1867)"
Animalia,Arthropoda,Malacostraca,Decapoda,Portunidae,Polybius,Polybius navigator,"(Herbst, 1794)"
Animalia,Annelida,Polychaeta,Spionida,Spionidae,Polydora,Polydora cornuta,"Bosc, 1802"
Animalia,Annelida,Polychaeta,Spionida,Spionidae,Polydora,Polydora nuchalis,"(Woodwick, 1953)"
Animalia,Annelida,Clitellata,Crassiclitellata,Rhinodrilidae,Pontoscolex,Pontoscolex corethrurus,"(Mueller, 1857)"
Animalia,Chordata,Chondrichthyes,Myliobatiformes,Potamotrygonidae,Potamotrygon,Potamotrygon falkneri,"Castex & Maciel, 1963"
Animalia,Chordata,Chondrichthyes,Myliobatiformes,Potamotrygonidae,Potamotrygon,Potamotrygon motoro,"Müller and Henle, 1841"
Animalia,Arthropoda,Malacostraca,Decapoda,Cambaridae,Procambarus,Procambarus clarkii,"(Girard, 1852)"
Animalia,Chordata,Actinopterygii,Characiformes,Prochilodontidae,Prochilodus,Prochilodus argenteus,"Spix & Agassiz, 1829"
Animalia,Chordata,Actinopterygii,Characiformes,Prochilodontidae,Prochilodus,Prochilodus costatus,"Valenciennes, 1850"
Animalia,Chordata,Actinopterygii,Characiformes,Prochilodontidae,Prochilodus,Prochilodus lineatus,"Valenciennes, 1837"
Plantae,Magnoliophyta,Magnoliopsida,Fabales,Fabaceae,Prosopis,Prosopis juliflora,(Sw.) DC.
Plantae,Magnoliophyta,Magnoliopsida,Fabales,Fabaceae,Prosopis,Prosopis pallida,Kunth
Animalia,Chordata,Actinopterygii,Characiformes,Characidae,Psalidodon,Psalidodon fasciatus,"(Cuvier, 1819)"
Animalia,Arthropoda,Hexanauplia,Calanoida,Pseudodiaptomidae,Pseudodiaptomus,Pseudodiaptomus trihamatus,"(Wright, 1937)"
Animalia,Chordata,Actinopterygii,Siluriformes,Pimelodidae,Pseudoplatystoma,Pseudoplatystoma corruscans,"(Spix & Agassiz, 1829)"
Animalia,Chordata,Actinopterygii,Siluriformes,Pimelodidae,Pseudoplatystoma,Pseudoplatystoma corruscans x P. reticulatum,
Animalia,Chordata,Actinopterygii,Siluriformes,Pimelodidae,Pseudoplatystoma,Pseudoplatystoma fasciatum,"(Linnaeus, 1776)"
Animalia,Chordata,Actinopterygii,Siluriformes,Pimelodidae,Pseudoplatystoma,Pseudoplatystoma reticulatum,"Eigenmann & Eigenmann, 1889"
Animalia,Chordata,Actinopterygii,Siluriformes,Pimelodidae,Pseudoplatystoma,Pseudoplatystoma reticulatum × Leiarius marmoratus,
Animalia,Annelida,Polychaeta,Spionida,Spionidae,Pseudopolydora,Pseudopolydora achaeta,"Radashevsky & Hsieh, 2000"
Animalia,Annelida,Polychaeta,Spionida,Spionidae,Pseudopolydora,Pseudopolydora antennata,"(Claparède, 1869)"
Animalia,Annelida,Polychaeta,Spionida,Spionidae,Pseudopolydora,Pseudopolydora diopatra,"Hsieh, 1992"
Animalia,Annelida,Polychaeta,Spionida,Spionidae,Pseudopolydora,Pseudopolydora paucibranchiata,"(Okuda, 1937)"
Plantae,Magnoliophyta,Magnoliopsida,Myrtales,Myrtaceae,Psidium,Psidium guajava,L.
Plantae,Pteridophyta,Filicopsida,Polypodiales,Pteridaceae,Pteris,Pteris vittata,L.
Animalia,Chordata,Actinopterygii,Siluriformes,Doradidae,Pterodoras,Pterodoras granulosus,"(Valenciennes in Humboldt & Valenciennes, 1821)"
Animalia,Chordata,Actinopterygii,Scorpaeniformes,Scorpaenidae,Pterois,Pterois volitans,Linnaeus
Animalia,Chordata,Actinopterygii,Siluriformes,Loricariidae,Pterygoplichthys,Pterygoplichthys ambrosettii,"(Holmberg, 1893)"
Animalia,Chordata,Actinopterygii,Siluriformes,Loricariidae,Pterygoplichthys,Pterygoplichthys disjunctivus,"(Weber, 1991)"
Animalia,Chordata,Actinopterygii,Siluriformes,Loricariidae,Pterygoplichthys,Pterygoplichthys pardalis,"(Castelnau, 1855)"
Animalia,Chordata,Actinopterygii,Cypriniformes,Cyprinidae,Puntigrus,Puntigrus tetrazona,"(Bleeker, 1855)"
Animalia,Chordata,Actinopterygii,Characiformes,Characidae,Pygocentrus,Pygocentrus nattereri,"(Kner, 1858)"
Animalia,Chordata,Actinopterygii,Characiformes,Characidae,Pygocentrus,Pygocentrus piraya,"(Cuvier, 1819)"
Plantae,Magnoliophyta,Magnoliopsida,Rosales,Rosaceae,Pyracantha,Pyracantha coccinea,M.Roem.
Animalia,Arthropoda,Malacostraca,Decapoda,Majidae,Pyromaia,Pyromaia tuberculata,"(Lockington, 1877)"
Plantae,Rhodophyta,Bangiophyceae,Bangiales,Bangiaceae,Pyropia,Pyropia suborbiculata,"(Kjellman) J.E.Sutherland, H.G.Choi, M.S. Hwang & W.A.Nelson, 2011"
Animalia,Chordata,Actinopterygii,Characiformes,Lebiasinidae,Pyrrhulina,Pyrrhulina brevis,"Steindachner, 1876"
Animalia,Chordata,Aves,Psittaciformes,Psittacidae,Pyrrhura,Pyrrhura coerulescens,"Neumann, 1927"
Animalia,Mollusca,Gastropoda,Neogastropoda,Muricidae,Rapana,Rapana venosa,"(Valenciennes, 1846)"
Animalia,Chordata,Mammalia,Rodentia,Muridae,Rattus,Rattus norvegicus,"(Berkenhout, 1769)"
Animalia,Chordata,Mammalia,Rodentia,Muridae,Rattus,Rattus rattus,"(Linnaeus, 1758)"
Animalia,Chordata,Actinopterygii,Gymnotiformes,Rhamphichthyidae,Rhamphichthys,Rhamphichthys hahni,"(Meinken, 1937)"
Plantae,Magnoliophyta,Magnoliopsida,Rosales,Rosaceae,Rhaphiolepis,Rhaphiolepis loquata,B.B.Liu & J.Wen
Animalia,Chordata,Amphibia,Anura,Bufonidae,Rhinella,Rhinella jimi,"(Stevaux, 2002)"
Animalia,Arthropoda,Malacostraca,Decapoda,Panopeidae,Rhithropanopeus,Rhithropanopeus harrisii,"(Gould, 1841)"
Plantae,Magnoliophyta,Magnoliopsida,Malpighiales,Euphorbiaceae,Ricinus,Ricinus communis,L.
Plantae,Magnoliophyta,Magnoliopsida,Fabales,Fabaceae,Robinia,Robinia pseudoacacia,Linnaeus
Animalia,Chordata,Actinopterygii,Characiformes,Characidae,Roeboides,Roeboides descalvadensis,"Fowler, 1932"
Plantae,Magnoliophyta,Liliopsida,Arecales,Arecaceae,Roystonea,Roystonea oleracea,(Jacq.) O.F. Cook
Animalia,Chordata,Actinopterygii,Cichliformes,Cichlidae,Rubricatochromis,Rubricatochromis bimaculatus,"(Gill, 1862)"
Plantae,Magnoliophyta,Magnoliopsida,Rosales,Rosaceae,Rubus,Rubus fruticosus,L.
Plantae,Magnoliophyta,Magnoliopsida,Rosales,Rosaceae,Rubus,Rubus niveus,Thunb.
Plantae,Magnoliophyta,Magnoliopsida,Rosales,Rosaceae,Rubus,Rubus rosifolius,Sm.
Plantae,Magnoliophyta,Magnoliopsida,Rosales,Rosaceae,Rubus,Rubus ulmifolius,Schott
Animalia,Mollusca,Bivalvia,Ostreoida,Ostreidae,Saccostrea,Saccostrea cucullata,"(Born, 1778)"
Animalia,Chordata,Mammalia,Primates,Cebidae,Saimiri,Saimiri sciureus,"(Linnaeus, 1758)"
Plantae,Magnoliophyta,Magnoliopsida,Malpighiales,Salicaceae,Salix,Salix x rubens,Schrank
Animalia,Chordata,Actinopterygii,Characiformes,Characidae,Salminus,Salminus brasiliensis,"(Cuvier, 1816)"
Animalia,Chordata,Actinopterygii,Characiformes,Characidae,Salminus,Salminus franciscanus,"Lima & Britski, 2007"
Animalia,Chordata,Reptilia,Squamata,Teiidae,Salvator,Salvator merianae,"(Duméril & Bribon, 1839)"
Plantae,Magnoliophyta,Liliopsida,Asparagales,Asparagaceae,Sansevieria,Sansevieria hyacinthoides,(L.) Druce
Plantae,Magnoliophyta,Liliopsida,Asparagales,Asparagaceae,Sansevieria,Sansevieria trifasciata,Prain (1903)
Animalia,Cnidaria,Anthozoa,Alcyonacea,Xeniidae,Sansibia,Sansibia sp.,"Alderslade, 2000"
Animalia,Chordata,Actinopterygii,Cichliformes,Cichlidae,Satanoperca,Satanoperca pappaterra,"(Heckel, 1840)"
Animalia,Chordata,Actinopterygii,Cichliformes,Cichlidae,Saxatilia,Saxatilia lepidota,"(Heckel, 1840)"
Plantae,Magnoliophyta,Magnoliopsida,Fabales,Fabaceae,Schizolobium,Schizolobium parahyba,(Vellozo) S. F. Blake
Animalia,Bryozoa,Gymnolaemata,Cheilostomata,Schizoporellidae,Schizoporella,Schizoporella errata,"(Waters, 1878)"
Animalia,Chordata,Amphibia,Anura,Hylidae,Scinax,Scinax x-signatus,"(Spix, 1824)"
Animalia,Chordata,Actinopterygii,Siluriformes,Callichthyidae,Scleromystax,Scleromystax barbatus,"(Quoy & Gaimard, 1824)"
Animalia,Arthropoda,Malacostraca,Decapoda,Portunidae,Scylla,Scylla serrata,"(Forskal, 1775)"
Plantae,Magnoliophyta,Magnoliopsida,Violales,Cucurbitaceae,Sechium,Sechium edule,(Jacq.) Sw.
Plantae,Tracheophyta,Lycopodiopsida,Selaginellales,Selaginellaceae,Selaginella,Selaginella kraussiana,(Kunze) A. Braun
Plantae,Magnoliophyta,Magnoliopsida,Asterales,Asteraceae,Senecio,Senecio madagascariensis,Poir.
Plantae,Magnoliophyta,Magnoliopsida,Fabales,Fabaceae,Senna,Senna macranthera,(Collad.) Irwin et Barn.
Animalia,Chordata,Actinopterygii,Characiformes,Serrasalmidae,Serrasalmus,Serrasalmus brandtii,"(Lütken, 1875)"
Animalia,Chordata,Actinopterygii,Characiformes,Serrasalmidae,Serrasalmus,Serrasalmus maculatus,"Kner, 1858"
Animalia,Chordata,Actinopterygii,Characiformes,Serrasalmidae,Serrasalmus,Serrasalmus marginatus,"Valenciennes, 1847"
Animalia,Chordata,Actinopterygii,Characiformes,Serrasalmidae,Serrasalmus,Serrasalmus spilopleura,"(Kner, 1858)"
Plantae,Magnoliophyta,Magnoliopsida,Fabales,Fabaceae,Sesbania,Sesbania virgata,(Cav.) Poir.
Animalia,Chordata,Ascidiacea,Enterogona,Polyclinidae,Sidneioides,Sidneioides peregrinus,"Kremer, Metri & Rocha, 2011"
Animalia,Chordata,Actinopterygii,Siluriformes,Siluridae,Silurus,Silurus glanis,"Linnaeus, 1758"
Plantae,Magnoliophyta,Magnoliopsida,Myrtales,Lythraceae,Sonneratia,Sonneratia apetala,Buch. Ham
Animalia,Chordata,Actinopterygii,Siluriformes,Pimelodidae,Sorubim,Sorubim lima,"(Bloch & Schneider, 1801)"
Plantae,Magnoliophyta,Magnoliopsida,Scrophulariales,Bignoniaceae,Spathodea,Spathodea campanulata,P. Beauv.
Animalia,Arthropoda,Malacostraca,Isopoda,Sphaeromatidae,Sphaeroma,Sphaeroma serratum,"(Fabricius, 1787)"
Animalia,Chordata,Actinopterygii,Characiformes,Curimatidae,Steindachnerina,Steindachnerina brevipinna,"(Eigenmann & Eigenmann, 1889)"
Plantae,Magnoliophyta,Magnoliopsida,Malvales,Sterculiaceae,Sterculia,Sterculia foetida,Linneaus
Animalia,Cnidaria,Anthozoa,Alcyonacea,Clavulariidae,Stragulum,Stragulum bicolor,"(van Ofwegen & Haddad, 2011)"
Animalia,Arthropoda,Maxillopoda,Sessilia,Archaeobalanidae,Striatobalanus,Striatobalanus amaryllis,"(Darwin, 1854)"
Animalia,Chordata,Aves,Passeriformes,Sturnidae,Sturnus,Sturnus vulgaris,"Linnaeus, 1758"
Animalia,Chordata,Ascidiacea,Pleurogona,Styelidae,Styela,Styela plicata,"(Lesueur, 1823)"
Animalia,Chordata,Mammalia,Artiodactyla,Suidae,Sus,Sus scrofa,"(Linnaeus, 1758)"
Plantae,Magnoliophyta,Magnoliopsida,Sapindales,Meliaceae,Swietenia,Swietenia macrophylla,King
Plantae,Magnoliophyta,Liliopsida,Alismatales,Araceae,Syngonium,Syngonium angustatum,Schott
Plantae,Magnoliophyta,Liliopsida,Alismatales,Araceae,Syngonium,Syngonium podophyllum,Schott
Plantae,Magnoliophyta,Magnoliopsida,Myrtales,Myrtaceae,Syzygium,Syzygium aromaticum,(L.) Merr. & L.M.Perry
Plantae,Magnoliophyta,Magnoliopsida,Myrtales,Myrtaceae,Syzygium,Syzygium cumini,(L.) Skeels
Plantae,Magnoliophyta,Magnoliopsida,Myrtales,Myrtaceae,Syzygium,Syzygium jambos,(L.) Alston
Plantae,Magnoliophyta,Magnoliopsida,Myrtales,Myrtaceae,Syzygium,Syzygium malaccense,(L.) Merr. & LM Perry
Animalia,Arthropoda,Malacostraca,Decapoda,Majidae,Taliepus,Taliepus dentatus,"(H. Milne Edwards, 1834)"
Animalia,Chordata,Actinopterygii,Cypriniformes,Tanichthyidae,Tanichthys,Tanichthys albonubes,"Lin, 1932"
Plantae,Magnoliophyta,Magnoliopsida,Scrophulariales,Bignoniaceae,Tecoma,Tecoma stans,(L.) Juss. ex Kunth
Animalia,Arthropoda,Hexanauplia,Calanoida,Temoridae,Temora,Temora turbinata,"(Dana, 1849)"
Plantae,Magnoliophyta,Magnoliopsida,Myrtales,Combretaceae,Terminalia,Terminalia catappa,L.
Plantae,Magnoliophyta,Magnoliopsida,Caryophyllales,Aizoaceae,Tetragonia,Tetragonia tetragonoides,(Pall.) Kuntze
Animalia,Chordata,Actinopterygii,Characiformes,Characidae,Tetragonopterus,Tetragonopterus argenteus,"(Cuvier, 1817)"
Plantae,Magnoliophyta,Magnoliopsida,Apiales,Araliaceae,Tetrapanax,Tetrapanax papyrifer, (Hook.) K. Koch
Plantae,Magnoliophyta,Magnoliopsida,Malvales,Malvaceae,Thespesia,Thespesia populnea,(L.) Soland. ex Correa
Plantae,Magnoliophyta,Magnoliopsida,Scrophulariales,Acanthaceae,Thunbergia,Thunbergia alata,Bojer ex Sims
Plantae,Magnoliophyta,Magnoliopsida,Scrophulariales,Acanthaceae,Thunbergia,Thunbergia grandiflora,Roxb.
Plantae,Magnoliophyta,Magnoliopsida,Asterales,Asteraceae,Tithonia,Tithonia diversifolia,(Hemsl.) A. Gray
Animalia,Chordata,Actinopterygii,Siluriformes,Auchenipteridae,Trachelyopterus,Trachelyopterus galeatus,"(Linnaeus, 1766)"
Animalia,Chordata,Actinopterygii,Siluriformes,Auchenipteridae,Trachelyopterus,Trachelyopterus lucenai,"(Bertoletti, Pezzi da Silva & Pereira, 1995)"
Animalia,Chordata,Reptilia,Testudines,Emydidae,Trachemys,Trachemys dorbigni,"(Duméril and Bibron, 1835)"
Animalia,Chordata,Reptilia,Testudines,Emydidae,Trachemys,Trachemys scripta,"(Schoepff, 1792)"
Animalia,Chordata,Actinopterygii,Siluriformes,Doradidae,Trachydoras,Trachydoras paraguayensis,"(Eigenmann & Ward in Eigenmann, McAtee & Ward, 1907)"
Plantae,Magnoliophyta,Liliopsida,Commelinales,Commelinaceae,Tradescantia,Tradescantia fluminensis,Vell.
Plantae,Magnoliophyta,Liliopsida,Commelinales,Commelinaceae,Tradescantia,Tradescantia zebrina,Heynh. ex Bosse
Animalia,Chordata,Actinopterygii,Perciformes,Osphronemidae,Trichogaster,Trichogaster lalius,"(Hamilton, 1822)"
Animalia,Chordata,Actinopterygii,Perciformes,Osphronemidae,Trichopodus,Trichopodus leerii,"(Bleeker, 1852)"
Animalia,Chordata,Actinopterygii,Perciformes,Osphronemidae,Trichogaster,Trichopodus trichopterus,"(Pallas, 1770)"
Animalia,Chordata,Actinopterygii,Perciformes,Osphronemidae,Tricopsis,Tricopsis vittata,"(Cuvier, 1831)"
Animalia,Chordata,Actinopterygii,Characiformes,Characidae,Triportheus,Triportheus angulatus,"(Spix & Agassiz, 1829)"
Animalia,Chordata,Actinopterygii,Characiformes,Characidae,Triportheus,Triportheus nematurus,"(Kner, 1858)"
Animalia,Chordata,Actinopterygii,Characiformes,Characidae,Triportheus,Triportheus signatus,"(Garman, 1890)"
Animalia,Cnidaria,Anthozoa,Scleractinia,Dendrophylliidae,Tubastraea,Tubastraea coccinea,"Lesson, 1829"
Animalia,Cnidaria,Anthozoa,Scleractinia,Dendrophylliidae,Tubastraea,Tubastraea tagusensis,"Wells, 1982"
Plantae,Magnoliophyta,Magnoliopsida,Fabales,Fabaceae,Ulex,Ulex europaeus,L.
Plantae,Magnoliophyta,Magnoliopsida,Malvales,Malvaceae,Urena,Urena lobata,L.
Plantae,Magnoliophyta,Liliopsida,Poales,Poaceae,Urochloa,Urochloa arrecta,(Hack. ex T.Durand & Schinz) Morrone & Zuloaga
Plantae,Magnoliophyta,Liliopsida,Poales,Poaceae,Urochloa,Urochloa brizantha,(Hochst. ex A. Rich.) R.D. Webster
Plantae,Magnoliophyta,Liliopsida,Poales,Poaceae,Urochloa,Urochloa dictyoneura,(Fig. & De Not.) Veldkamp
Plantae,Magnoliophyta,Liliopsida,Poales,Poaceae,Urochloa,Urochloa distachya,(L.) T.Q.Nguyen
Plantae,Magnoliophyta,Liliopsida,Poales,Poaceae,Urochloa,Urochloa eminii,(Mez) Davidse
Plantae,Magnoliophyta,Liliopsida,Poales,Poaceae,Urochloa,Urochloa mutica,(Forssk.) R.D. Webster ex Zon
Plantae,Magnoliophyta,Liliopsida,Poales,Poaceae,Urochloa,Urochloa plantaginea,(Link) R.D. Webster
Plantae,Magnoliophyta,Liliopsida,Poales,Poaceae,Urochloa,Urochloa sp.,Palisot
Plantae,Magnoliophyta,Liliopsida,Poales,Poaceae,Urochloa,Urochloa subquadripara,(Trin.) R.D. Webster
Plantae,Magnoliophyta,Liliopsida,Poales,Poaceae,Urochloa,Urochloa trichopus,(Hochst.) Stapf
Monera,Proteobacteria,Gamma Proteobacteria,Vibrionales,Vibrionaceae,Vibrio,Vibrio cholerae,Pacini 1854
Animalia,Bryozoa,Gymnolaemata,Cheilostomata,Watersiporidae,Watersipora,Watersipora subtorquata,"(dOrbigny, 1852)"
Animalia,Chordata,Amphibia,Anura,Pipidae,Xenopus,Xenopus laevis,"(Daudin, 1802)"
Animalia,Chordata,Actinopterygii,Cyprinodontiformes,Poeciliidae,Xiphophorus,Xiphophorus hellerii,"(Heckel, 1848)"
Animalia,Chordata,Actinopterygii,Cyprinodontiformes,Poeciliidae,Xiphophorus,Xiphophorus maculatus,"(Günther, 1866)"
Animalia,Chordata,Actinopterygii,Cyprinodontiformes,Poeciliidae,Xiphophorus,Xiphophorus variatus,"(Meek, 1904)"
Plantae,Magnoliophyta,Liliopsida,Asparagales,Asparagaceae,Yucca,Yucca filamentosa,L.
Animalia,Arthropoda,Insecta,Diptera,Drosophilidae,Zaprionus,Zaprionus indianus,"(Gupta, 1970)"
Animalia,Arthropoda,Insecta,Diptera,Drosophilidae,Zaprionus,Zaprionus tuberculatus,"Malloch, 1932"
Animalia,Bryozoa,Gymnolaemata,Ctenostomata,Vesiculariidae,Zoobotryon,Zoobotryon verticillatum,"(Della Chiaje, 1822)"
