Preferred scientific name,International common name,ISC content,Plant pest,Taxonomic group,Domain,Kingdom,Phylum,Class,Order,Family,Risk and impact factors,Pathways,Habitat,Present in,Native to,Introduced in,Origin not recorded,Invasive in,Naturalized in,Invasiveness not recorded,Datasheet URL;;;;
Abbottina rivularis,Chinese false gudgeon,Enhanced,No,Metazoa,Eukaryota,Metazoa,Chordata,Osteichthyes,Cypriniformes,Cyprinidae,,,Freshwater|Lakes; Freshwater|Ponds; Freshwater|Reservoirs; Freshwater|Rivers / streams,,,,,,,,https://doi.org/10.1079/cabicompendium.110570;
Acanthogobius flavimanus,,Enhanced,No,Metazoa,Eukaryota,Metazoa,Chordata,Osteichthyes,Perciformes,Gobiidae,,,Freshwater|Reservoirs; Freshwater|Rivers / streams,,,,,,,,https://doi.org/10.1079/cabicompendium.95431;;;
Aedes albopictus,Asian tiger mosquito,Enhanced,No,Metazoa,Eukaryota,Metazoa,Arthropoda,Insecta,Diptera,Culicidae,,,Freshwater|Lakes; Freshwater|Rivers / streams,,,,,,,,https://doi.org/10.1079/cabicompendium.94897;;;
Agrostis avenacea,Pacific bent grass,Enhanced,No,Plants,Eukaryota,Plantae,Spermatophyta,Monocotyledonae,Poales,Poaceae,,,Freshwater|Lakes; Freshwater|Ponds; Freshwater|Reservoirs; Freshwater|Rivers / streams,,,,,,,,https://doi.org/10.1079/cabicompendium.95130;
Alburnus alburnus,bleak,Enhanced,No,Metazoa,Eukaryota,Metazoa,Chordata,Osteichthyes,Cypriniformes,Cyprinidae,,,Freshwater|Lakes; Freshwater|Reservoirs; Freshwater|Rivers / streams,,,,,,,,https://doi.org/10.1079/cabicompendium.95206;;
Alopochen aegyptiaca,Egyptian goose,Enhanced,No,Metazoa,Eukaryota,Metazoa,Chordata,Aves,Anseriformes,Anatidae,,,Freshwater|Lakes; Freshwater|Ponds; Freshwater|Reservoirs; Freshwater|Rivers / streams,,,,,,,,https://doi.org/10.1079/cabicompendium.94205;
Alosa aestivalis,blueback herring,Enhanced,No,Metazoa,Eukaryota,Metazoa,Chordata,Osteichthyes,Clupeiformes,Clupeidae,,,Freshwater|Lakes; Freshwater|Rivers / streams,,,,,,,,https://doi.org/10.1079/cabicompendium.94209;;;
Alosa pseudoharengus,alewife,Enhanced,No,Metazoa,Eukaryota,Metazoa,Chordata,Osteichthyes,Clupeiformes,Clupeidae,,,Freshwater|Lakes; Freshwater|Ponds; Freshwater|Reservoirs; Freshwater|Rivers / streams,,,,,,,,https://doi.org/10.1079/cabicompendium.94217;
Alpinia zerumbet,shell ginger,Enhanced,No,Plants,Eukaryota,Plantae,Spermatophyta,Monocotyledonae,Zingiberales,Zingiberaceae,,,Freshwater|Rivers / streams,,,,,,,,https://doi.org/10.1079/cabicompendium.109799;;;;
Alternanthera philoxeroides,alligator weed,Enhanced,Yes,Plants,Eukaryota,Plantae,Spermatophyta,,Caryophyllales,Amaranthaceae,,,Freshwater|Lakes; Freshwater|Ponds; Freshwater|Rivers / streams,,,,,,,,https://doi.org/10.1079/cabicompendium.4403;;
Alternanthera sessilis,sessile joyweed,Enhanced,Yes,Plants,Eukaryota,Plantae,Spermatophyta,,Caryophyllales,Amaranthaceae,,,Freshwater|Rivers / streams,,,,,,,,https://doi.org/10.1079/cabicompendium.4404;;;;
Amatitlania nigrofasciata,convict cichlid,Enhanced,No,Metazoa,Eukaryota,Metazoa,Chordata,Osteichthyes,Perciformes,Cichlidae,,,Freshwater|Ponds; Freshwater|Reservoirs; Freshwater|Rivers / streams,,,,,,,,https://doi.org/10.1079/cabicompendium.112202;;
Ambloplites rupestris,rock bass,Enhanced,No,Metazoa,Eukaryota,Metazoa,Chordata,Osteichthyes,Perciformes,Centrarchidae,,,Freshwater|Lakes; Freshwater|Ponds; Freshwater|Reservoirs; Freshwater|Rivers / streams,,,,,,,,https://doi.org/10.1079/cabicompendium.94435;
Ambrosia artemisiifolia,common ragweed,Enhanced,Yes,Plants,Eukaryota,Plantae,Spermatophyta,,Asterales,Asteraceae,,,Freshwater|Rivers / streams,,,,,,,,https://doi.org/10.1079/cabicompendium.4691;;;;
Ambrosia trifida,giant ragweed,Enhanced,Yes,Plants,Eukaryota,Plantae,Spermatophyta,,Asterales,Asteraceae,,,Freshwater|Rivers / streams,,,,,,,,https://doi.org/10.1079/cabicompendium.4693;;;;
Ambystoma tigrinum,eastern tiger salamander,Enhanced,No,Metazoa,Eukaryota,Metazoa,Chordata,Amphibia,Caudata,Ambystomatidae,,,Freshwater|Ponds,,,,,,,,https://doi.org/10.1079/cabicompendium.94459;;;;
Ameiurus melas,black bullhead,Enhanced,No,Metazoa,Eukaryota,Metazoa,Chordata,Osteichthyes,Siluriformes,Ictaluridae,,,Freshwater|Lakes; Freshwater|Ponds; Freshwater|Reservoirs; Freshwater|Rivers / streams,,,,,,,,https://doi.org/10.1079/cabicompendium.94466;
Ameiurus natalis,,Enhanced,No,Metazoa,Eukaryota,Metazoa,Chordata,Osteichthyes,Siluriformes,Ictaluridae,,,Freshwater|Lakes; Freshwater|Ponds; Freshwater|Reservoirs; Freshwater|Rivers / streams,,,,,,,,https://doi.org/10.1079/cabicompendium.94467;
Ameiurus nebulosus,brown bullhead,Enhanced,No,Metazoa,Eukaryota,Metazoa,Chordata,Osteichthyes,Siluriformes,Ictaluridae,,,Freshwater|Lakes; Freshwater|Ponds; Freshwater|Reservoirs; Freshwater|Rivers / streams,,,,,,,,https://doi.org/10.1079/cabicompendium.94468;
Andropogon glomeratus,bushy bluestem,Enhanced,No,Plants,Eukaryota,Plantae,Spermatophyta,Monocotyledonae,Poales,Poaceae,,,Freshwater|Rivers / streams,,,,,,,,https://doi.org/10.1079/cabicompendium.118977;;;;
Annona glabra,pond apple,Enhanced,No,Plants,Eukaryota,Plantae,Spermatophyta,,Magnoliales,Annonaceae,,,Freshwater|Rivers / streams,,,,,,,,https://doi.org/10.1079/cabicompendium.5811;;;;
Anopheles quadrimaculatus,common malaria mosquito,Enhanced,No,Metazoa,Eukaryota,Metazoa,Arthropoda,Insecta,Diptera,Culicidae,,,Freshwater|Lakes; Freshwater|Rivers / streams,,,,,,,,https://doi.org/10.1079/cabicompendium.94031;;;
Anser indicus,bar-headed goose,Enhanced,No,Metazoa,Eukaryota,Metazoa,Chordata,Aves,Anseriformes,Anatidae,,,Freshwater|Lakes; Freshwater|Reservoirs; Freshwater|Rivers / streams,,,,,,,,https://doi.org/10.1079/cabicompendium.94089;;
Aphanomyces astaci,,Enhanced,No,Fungi/Chromista,Eukaryota,Chromista,Oomycota,Oomycetes,Saprolegniales,Leptolegniaceae,,,Freshwater|Lakes; Freshwater|Ponds; Freshwater|Rivers / streams,,,,,,,,https://doi.org/10.1079/cabicompendium.93177;;
Arundo donax,giant reed,Enhanced,Yes,Plants,Eukaryota,Plantae,Spermatophyta,Monocotyledonae,Poales,Poaceae,,,Freshwater|Rivers / streams,,,,,,,,https://doi.org/10.1079/cabicompendium.1940;;;;
Aspius aspius,asp,Enhanced,No,Metazoa,Eukaryota,Metazoa,Chordata,Osteichthyes,Cypriniformes,Cyprinidae,,,Freshwater|Lakes; Freshwater|Ponds; Freshwater|Reservoirs; Freshwater|Rivers / streams,,,,,,,,https://doi.org/10.1079/cabicompendium.92623;
Astatoreochromis alluaudi,Alluaud's haplo,Enhanced,No,Metazoa,Eukaryota,Metazoa,Chordata,Osteichthyes,Perciformes,Cichlidae,,,Freshwater|Lakes; Freshwater|Reservoirs; Freshwater|Rivers / streams,,,,,,,,https://doi.org/10.1079/cabicompendium.120150;;
Astronotus ocellatus,oscar,Enhanced,No,Metazoa,Eukaryota,Metazoa,Chordata,Osteichthyes,Perciformes,Cichlidae,,,Freshwater|Ponds; Freshwater|Reservoirs; Freshwater|Rivers / streams,,,,,,,,https://doi.org/10.1079/cabicompendium.92671;;
Azolla pinnata,feathered mosquitofern,Enhanced,Yes,Plants,Eukaryota,Plantae,Pteridophyta,Filicopsida,,Salviniaceae,,,Freshwater|Lakes; Freshwater|Ponds; Freshwater|Reservoirs; Freshwater|Rivers / streams; Freshwater|Springs,,,,,,,,https://doi.org/10.1079/cabicompendium.8120
Bacopa monnieri,water hyssop,Enhanced,No,Plants,Eukaryota,Plantae,Spermatophyta,,Lamiales,Scrophulariaceae,,,Freshwater|Lakes; Freshwater|Ponds; Freshwater|Rivers / streams; Freshwater|Springs,,,,,,,,https://doi.org/10.1079/cabicompendium.112638;
Batrachochytrium dendrobatidis,chytrid fungus,Enhanced,No,Fungi/Chromista,Eukaryota,Fungi,Chytridiomycota,Chytridiomycetes,Rhizophydiales,,,,Freshwater|Lakes; Freshwater|Ponds; Freshwater|Reservoirs; Freshwater|Rivers / streams; Freshwater|Springs,,,,,,,,https://doi.org/10.1079/cabicompendium.109124
Batrachochytrium salamandrivorans,Bsal,Enhanced,No,Fungi/Chromista,Eukaryota,Fungi,Chytridiomycota,Chytridiomycetes,Rhizophydiales,,,,Freshwater|Ponds; Freshwater|Rivers / streams,,,,,,,,https://doi.org/10.1079/cabicompendium.120547;;;
Belonesox belizanus,pike killifish,Enhanced,No,Metazoa,Eukaryota,Metazoa,Chordata,Osteichthyes,Cyprinodontiformes,Poeciliidae,,,Freshwater|Lakes; Freshwater|Ponds; Freshwater|Reservoirs,,,,,,,,https://doi.org/10.1079/cabicompendium.91274;;
Boa imperator,Central American Boa,Enhanced,No,Metazoa,Eukaryota,Metazoa,Chordata,Reptilia,Serpentes,Boidae,,,Freshwater|Ponds,,,,,,,,https://doi.org/10.1079/cabicompendium.112730;;;;
Brachypodium sylvaticum,slender false brome,Enhanced,No,Plants,Eukaryota,Plantae,Spermatophyta,Monocotyledonae,Poales,Poaceae,,,Freshwater|Lakes; Freshwater|Ponds; Freshwater|Reservoirs; Freshwater|Rivers / streams,,,,,,,,https://doi.org/10.1079/cabicompendium.9890;
Branta canadensis,Canada goose,Enhanced,No,Metazoa,Eukaryota,Metazoa,Chordata,Aves,Anseriformes,Anatidae,,,Freshwater|Lakes; Freshwater|Ponds; Freshwater|Reservoirs; Freshwater|Rivers / streams,,,,,,,,https://doi.org/10.1079/cabicompendium.91754;
Branta hutchinsii,,Enhanced,No,Metazoa,Eukaryota,Metazoa,Chordata,Aves,Anseriformes,Anatidae,,,Freshwater|Lakes; Freshwater|Ponds; Freshwater|Reservoirs; Freshwater|Rivers / streams,,,,,,,,https://doi.org/10.1079/cabicompendium.109129;
Bubalus bubalis,Asian water buffalo,Enhanced,No,Metazoa,Eukaryota,Metazoa,Chordata,Mammalia,Artiodactyla,Bovidae,,,Freshwater|Lakes; Freshwater|Ponds; Freshwater|Reservoirs; Freshwater|Rivers / streams,,,,,,,,https://doi.org/10.1079/cabicompendium.90762;
Bythotrephes longimanus,spiny waterflea,Enhanced,No,Metazoa,Eukaryota,Metazoa,Arthropoda,Branchiopoda,Cladocera,Cercopagididae,,,Freshwater|Lakes; Freshwater|Reservoirs,,,,,,,,https://doi.org/10.1079/cabicompendium.120606;;;
Cabomba caroliniana,Carolina fanwort,Enhanced,No,Plants,Eukaryota,Plantae,Spermatophyta,,Nymphaeales,Cabombaceae,,,Freshwater|Lakes; Freshwater|Ponds; Freshwater|Reservoirs; Freshwater|Rivers / streams,,,,,,,,https://doi.org/10.1079/cabicompendium.107743;
Callinectes sapidus,blue crab,Enhanced,No,Metazoa,Eukaryota,Metazoa,Arthropoda,Malacostraca,Decapoda,Portunidae,,,Freshwater|Rivers / streams,,,,,,,,https://doi.org/10.1079/cabicompendium.90126;;;;
Carassius auratus auratus,goldfish,Enhanced,No,Metazoa,Eukaryota,Metazoa,Chordata,Osteichthyes,Cypriniformes,Cyprinidae,,,Freshwater|Lakes; Freshwater|Ponds; Freshwater|Rivers / streams,,,,,,,,https://doi.org/10.1079/cabicompendium.90563;;
Carassius cuvieri,Japanese crucian carp,Enhanced,No,Metazoa,Eukaryota,Metazoa,Chordata,Osteichthyes,Cypriniformes,Cyprinidae,,,Freshwater|Lakes; Freshwater|Ponds; Freshwater|Reservoirs; Freshwater|Rivers / streams,,,,,,,,https://doi.org/10.1079/cabicompendium.90565;
Carassius gibelio,Prussian carp,Enhanced,No,Metazoa,Eukaryota,Metazoa,Chordata,Osteichthyes,Cypriniformes,Cyprinidae,,,Freshwater|Lakes; Freshwater|Reservoirs; Freshwater|Rivers / streams,,,,,,,,https://doi.org/10.1079/cabicompendium.90562;;
Carex kobomugi,Asiatic sand sedge,Enhanced,No,Plants,Eukaryota,Plantae,Spermatophyta,Monocotyledonae,Poales,Cyperaceae,,,Freshwater|Lakes; Freshwater|Rivers / streams,,,,,,,,https://doi.org/10.1079/cabicompendium.112985;;;
Castor canadensis,beaver,Enhanced,No,Metazoa,Eukaryota,Metazoa,Chordata,Mammalia,Rodentia,Castoridae,,,Freshwater|Lakes; Freshwater|Rivers / streams,,,,,,,,https://doi.org/10.1079/cabicompendium.90583;;;
Ceratophyllum demersum,coontail,Enhanced,Yes,Plants,Eukaryota,Plantae,Spermatophyta,,Ceratophyllales,Ceratophyllaceae,,,Freshwater|Lakes; Freshwater|Ponds; Freshwater|Reservoirs; Freshwater|Rivers / streams,,,,,,,,https://doi.org/10.1079/cabicompendium.16222;
Ceratopteris thalictroides,watersprite,Enhanced,No,Plants,Eukaryota,Plantae,Pteridophyta,Filicopsida,,Parkeriaceae,,,Freshwater|Lakes; Freshwater|Ponds; Freshwater|Rivers / streams,,,,,,,,https://doi.org/10.1079/cabicompendium.40232795;;
Cercopagis pengoi,fishhook waterflea,Enhanced,No,Metazoa,Eukaryota,Metazoa,Arthropoda,Branchiopoda,Cladocera,Cercopagididae,,,Freshwater|Lakes; Freshwater|Reservoirs,,,,,,,,https://doi.org/10.1079/cabicompendium.89859;;;
Channa argus,northern snakehead,Enhanced,No,Metazoa,Eukaryota,Metazoa,Chordata,Osteichthyes,Perciformes,Channidae,,,Freshwater|Lakes; Freshwater|Ponds; Freshwater|Reservoirs; Freshwater|Rivers / streams,,,,,,,,https://doi.org/10.1079/cabicompendium.89026;
Channa marulius,bullseye snakehead,Enhanced,No,Metazoa,Eukaryota,Metazoa,Chordata,Osteichthyes,Perciformes,Channidae,,,Freshwater|Lakes; Freshwater|Ponds; Freshwater|Reservoirs; Freshwater|Rivers / streams,,,,,,,,https://doi.org/10.1079/cabicompendium.109134;
Chelicorophium curvispinum,Caspian mud shrimp,Enhanced,No,Metazoa,Eukaryota,Metazoa,Arthropoda,Malacostraca,Amphipoda,Corophiidae,,,Freshwater|Lakes; Freshwater|Reservoirs; Freshwater|Rivers / streams,,,,,,,,https://doi.org/10.1079/cabicompendium.108307;;
Cherax destructor,yabby,Enhanced,No,Metazoa,Eukaryota,Metazoa,Arthropoda,Malacostraca,Decapoda,Parastacidae,,,Freshwater|Lakes; Freshwater|Ponds; Freshwater|Reservoirs; Freshwater|Rivers / streams,,,,,,,,https://doi.org/10.1079/cabicompendium.89134;
Cherax quadricarinatus,redclaw crayfish,Enhanced,No,Metazoa,Eukaryota,Metazoa,Arthropoda,Malacostraca,Decapoda,Parastacidae,,,Freshwater|Lakes; Freshwater|Ponds; Freshwater|Reservoirs; Freshwater|Rivers / streams,,,,,,,,https://doi.org/10.1079/cabicompendium.89135;
Chrysemys picta,painted turtle,Enhanced,No,Metazoa,Eukaryota,Metazoa,Chordata,Reptilia,Testudines,Emydidae,,,Freshwater|Lakes; Freshwater|Ponds; Freshwater|Reservoirs; Freshwater|Rivers / streams,,,,,,,,https://doi.org/10.1079/cabicompendium.88367;
Cichla ocellaris,peacock cichlid,Enhanced,No,Metazoa,Eukaryota,Metazoa,Chordata,Osteichthyes,Perciformes,Cichlidae,,,Freshwater|Lakes; Freshwater|Reservoirs; Freshwater|Rivers / streams,,,,,,,,https://doi.org/10.1079/cabicompendium.88437;;
Cichlasoma urophthalmum,Mayan cichlid,Enhanced,No,Metazoa,Eukaryota,Metazoa,Chordata,Osteichthyes,Perciformes,Cichlidae,,,Freshwater|Lakes; Freshwater|Ponds; Freshwater|Reservoirs; Freshwater|Rivers / streams,,,,,,,,https://doi.org/10.1079/cabicompendium.88479;
Clarias batrachus,walking catfish,Enhanced,No,Metazoa,Eukaryota,Metazoa,Chordata,Osteichthyes,Siluriformes,Clariidae,,,Freshwater|Lakes,,,,,,,,https://doi.org/10.1079/cabicompendium.88681;;;;
Clupeonella cultriventris,Black Sea kilka,Enhanced,No,Metazoa,Eukaryota,Metazoa,Chordata,Osteichthyes,Clupeiformes,Clupeidae,,,Freshwater|Lakes; Freshwater|Reservoirs; Freshwater|Rivers / streams,,,,,,,,https://doi.org/10.1079/cabicompendium.88779;;
Coix lacryma-jobi,Job's-tears,Enhanced,Yes,Plants,Eukaryota,Plantae,Spermatophyta,Monocotyledonae,Poales,Poaceae,,,Freshwater|Lakes; Freshwater|Ponds; Freshwater|Reservoirs; Freshwater|Rivers / streams,,,,,,,,https://doi.org/10.1079/cabicompendium.15648;
Corbicula fluminalis,,Enhanced,No,Metazoa,Eukaryota,Metazoa,Mollusca,Bivalvia,,Corbiculidae,,,Freshwater|Lakes; Freshwater|Ponds; Freshwater|Reservoirs; Freshwater|Rivers / streams,,,,,,,,https://doi.org/10.1079/cabicompendium.109136;
Corbicula fluminea,Asian clam,Enhanced,No,Metazoa,Eukaryota,Metazoa,Mollusca,Bivalvia,,Corbiculidae,,,Freshwater|Lakes; Freshwater|Ponds; Freshwater|Reservoirs; Freshwater|Rivers / streams,,,,,,,,https://doi.org/10.1079/cabicompendium.88200;
Cordylophora,euryhaline hydroid,Enhanced,No,Metazoa,Eukaryota,Metazoa,Cnidaria,Hydrozoa,Anthoathecata,Cordylophoridae,,,Freshwater|Lakes; Freshwater|Ponds; Freshwater|Reservoirs; Freshwater|Rivers / streams,,,,,,,,https://doi.org/10.1079/cabicompendium.108329;
Coregonus albula,vendace,Enhanced,No,Metazoa,Eukaryota,Metazoa,Chordata,Osteichthyes,Salmoniformes,Salmonidae,,,Freshwater|Lakes; Freshwater|Reservoirs,,,,,,,,https://doi.org/10.1079/cabicompendium.88207;;;
Cornus sericea,redosier dogwood,Enhanced,No,Plants,Eukaryota,Plantae,Spermatophyta,,Cornales,Cornaceae,,,Freshwater|Lakes; Freshwater|Ponds; Freshwater|Reservoirs; Freshwater|Rivers / streams,,,,,,,,https://doi.org/10.1079/cabicompendium.16312;
Crassostrea virginica,eastern oyster,Enhanced,No,Metazoa,Eukaryota,Metazoa,Mollusca,Bivalvia,,Ostreidae,,,Freshwater|Ponds,,,,,,,,https://doi.org/10.1079/cabicompendium.87298;;;;
Crassula helmsii,Australian swamp stonecrop,Enhanced,Yes,Plants,Eukaryota,Plantae,Spermatophyta,,Saxifragales,Crassulaceae,,,Freshwater|Lakes; Freshwater|Ponds; Freshwater|Reservoirs; Freshwater|Rivers / streams,,,,,,,,https://doi.org/10.1079/cabicompendium.16463;
Cryptostegia madagascariensis,Madagascar rubbervine,Enhanced,Yes,Plants,Eukaryota,Plantae,Spermatophyta,,Gentianales,Asclepiadaceae,,,Freshwater|Rivers / streams,,,,,,,,https://doi.org/10.1079/cabicompendium.113682;;;;
Ctenopharyngodon idella,grass carp,Enhanced,No,Metazoa,Eukaryota,Metazoa,Chordata,Osteichthyes,Cypriniformes,Cyprinidae,,,Freshwater|Lakes; Freshwater|Ponds; Freshwater|Rivers / streams,,,,,,,,https://doi.org/10.1079/cabicompendium.16772;;
Cucumber green mottle mosaic virus,,Enhanced,Yes,Virus,Virus,,,,,Virgaviridae,,,Freshwater|Rivers / streams,,,,,,,,https://doi.org/10.1079/cabicompendium.16951;;;;
Cucurbit chlorotic yellows virus,,Enhanced,Yes,Virus,Virus,,,,,Closteroviridae,,,Freshwater|Reservoirs,,,,,,,,https://doi.org/10.1079/cabicompendium.110472;;;;
Culex quinquefasciatus,southern house mosquito,Enhanced,No,Metazoa,Eukaryota,Metazoa,Arthropoda,Insecta,Diptera,Culicidae,,,Freshwater|Ponds; Freshwater|Rivers / streams,,,,,,,,https://doi.org/10.1079/cabicompendium.86848;;;
Cygnus olor,mute swan,Enhanced,No,Metazoa,Eukaryota,Metazoa,Chordata,Aves,Anseriformes,Anatidae,,,Freshwater|Lakes; Freshwater|Rivers / streams,,,,,,,,https://doi.org/10.1079/cabicompendium.86123;;;
Cyperus difformis,small-flowered nutsedge,Enhanced,Yes,Plants,Eukaryota,Plantae,Spermatophyta,Monocotyledonae,Poales,Cyperaceae,,,Freshwater|Lakes; Freshwater|Ponds; Freshwater|Rivers / streams,,,,,,,,https://doi.org/10.1079/cabicompendium.17495;;
Cyperus imbricatus,shingle flatsedge,Enhanced,Yes,Plants,Eukaryota,Plantae,Spermatophyta,Monocotyledonae,Poales,Cyperaceae,,,Freshwater|Lakes; Freshwater|Ponds; Freshwater|Reservoirs; Freshwater|Rivers / streams,,,,,,,,https://doi.org/10.1079/cabicompendium.17500;
Cyperus papyrus,papyrus,Enhanced,No,Plants,Eukaryota,Plantae,Spermatophyta,Monocotyledonae,Poales,Cyperaceae,,,Freshwater|Lakes; Freshwater|Ponds; Freshwater|Rivers / streams,,,,,,,,https://doi.org/10.1079/cabicompendium.17503;;
Cyperus rotundus,purple nutsedge,Enhanced,Yes,Plants,Eukaryota,Plantae,Spermatophyta,Monocotyledonae,Poales,Cyperaceae,,,Freshwater|Rivers / streams,,,,,,,,https://doi.org/10.1079/cabicompendium.17506;;;;
Cyprinella lutrensis,red shiner,Enhanced,No,Metazoa,Eukaryota,Metazoa,Chordata,Osteichthyes,Cypriniformes,Cyprinidae,,,Freshwater|Lakes; Freshwater|Rivers / streams,,,,,,,,https://doi.org/10.1079/cabicompendium.86206;;;
Cyprinus carpio,common carp,Enhanced,No,Metazoa,Eukaryota,Metazoa,Chordata,Osteichthyes,Cypriniformes,Cyprinidae,,,Freshwater|Lakes; Freshwater|Ponds; Freshwater|Reservoirs; Freshwater|Rivers / streams,,,,,,,,https://doi.org/10.1079/cabicompendium.17522;
Daphnia lumholtzi,,Enhanced,No,Metazoa,Eukaryota,Metazoa,Arthropoda,Branchiopoda,Cladocera,Daphniidae,,,Freshwater|Lakes; Freshwater|Reservoirs; Freshwater|Rivers / streams,,,,,,,,https://doi.org/10.1079/cabicompendium.107777;;
Dickeya solani,black leg disease of potato,Enhanced,Yes,Bacteria,Bacteria,,Proteobacteria,Gammaproteobacteria,Enterobacteriales,Enterobacteriaceae,,,Freshwater|Rivers / streams,,,,,,,,https://doi.org/10.1079/cabicompendium.120278;;;;
Didymosphenia geminata,didymo,Enhanced,No,Fungi/Chromista,Eukaryota,Chromista,Ochrophyta,Bacillariophyceae,Cymbellales,Gomphonemataceae,,,Freshwater|Lakes; Freshwater|Reservoirs; Freshwater|Rivers / streams,,,,,,,,https://doi.org/10.1079/cabicompendium.107737;;
Dikerogammarus villosus,killer shrimp,Enhanced,No,Metazoa,Eukaryota,Metazoa,Arthropoda,Malacostraca,Amphipoda,Gammaridae,,,Freshwater|Lakes; Freshwater|Reservoirs; Freshwater|Rivers / streams,,,,,,,,https://doi.org/10.1079/cabicompendium.108309;;
Discoglossus pictus,Mediterranean painted frog,Enhanced,No,Metazoa,Eukaryota,Metazoa,Chordata,Amphibia,Anura,Alytidae,,,Freshwater|Lakes; Freshwater|Ponds; Freshwater|Reservoirs; Freshwater|Rivers / streams; Freshwater|Springs,,,,,,,,https://doi.org/10.1079/cabicompendium.77685315
Dreissena polymorpha,zebra mussel,Enhanced,No,Metazoa,Eukaryota,Metazoa,Mollusca,Bivalvia,Veneroida,Dreissenidae,,,Freshwater|Lakes; Freshwater|Ponds; Freshwater|Reservoirs; Freshwater|Rivers / streams,,,,,,,,https://doi.org/10.1079/cabicompendium.85295;
Dreissena rostriformis bugensis,quagga mussel,Enhanced,No,Metazoa,Eukaryota,Metazoa,Mollusca,Bivalvia,Veneroida,Dreissenidae,,,Freshwater|Lakes; Freshwater|Reservoirs; Freshwater|Rivers / streams,,,,,,,,https://doi.org/10.1079/cabicompendium.107770;;
Echinochloa colona,junglerice,Enhanced,Yes,Plants,Eukaryota,Plantae,Spermatophyta,Monocotyledonae,Poales,Poaceae,,,Freshwater|Ponds; Freshwater|Rivers / streams,,,,,,,,https://doi.org/10.1079/cabicompendium.20368;;;
Echinochloa crus-galli,barnyard grass,Enhanced,Yes,Plants,Eukaryota,Plantae,Spermatophyta,Monocotyledonae,Poales,Poaceae,,,Freshwater|Rivers / streams,,,,,,,,https://doi.org/10.1079/cabicompendium.20367;;;;
Echinochloa pyramidalis,,Enhanced,Yes,Plants,Eukaryota,Plantae,Spermatophyta,Monocotyledonae,Poales,Poaceae,,,Freshwater|Ponds; Freshwater|Reservoirs; Freshwater|Rivers / streams,,,,,,,,https://doi.org/10.1079/cabicompendium.113990;;
Eichhornia azurea,anchored water hyacinth,Enhanced,No,Plants,Eukaryota,Plantae,Spermatophyta,Monocotyledonae,Commelinales,Pontederiaceae,,,Freshwater|Lakes; Freshwater|Ponds; Freshwater|Reservoirs; Freshwater|Rivers / streams,,,,,,,,https://doi.org/10.1079/cabicompendium.108967;
Elodea canadensis,Canadian pondweed,Enhanced,No,Plants,Eukaryota,Plantae,Spermatophyta,Monocotyledonae,Alismatales,Hydrocharitaceae,,,Freshwater|Lakes; Freshwater|Ponds; Freshwater|Reservoirs; Freshwater|Rivers / streams,,,,,,,,https://doi.org/10.1079/cabicompendium.20759;
Elodea nuttallii,Nuttall's waterweed,Enhanced,No,Plants,Eukaryota,Plantae,Spermatophyta,Monocotyledonae,Alismatales,Hydrocharitaceae,,,Freshwater|Lakes; Freshwater|Ponds; Freshwater|Reservoirs; Freshwater|Rivers / streams,,,,,,,,https://doi.org/10.1079/cabicompendium.20761;
Eragrostis ciliaris,gophertail lovegrass,Enhanced,Yes,Plants,Eukaryota,Plantae,Spermatophyta,Monocotyledonae,Poales,Poaceae,,,Freshwater|Rivers / streams,,,,,,,,https://doi.org/10.1079/cabicompendium.110236;;;;
Eriocheir hepuensis,Hepu mitten crab,Enhanced,No,Metazoa,Eukaryota,Metazoa,Arthropoda,Malacostraca,Decapoda,Varunidae,,,Freshwater|Rivers / streams,,,,,,,,https://doi.org/10.1079/cabicompendium.120363;;;;
Eriocheir sinensis,Chinese mitten crab,Enhanced,No,Metazoa,Eukaryota,Metazoa,Arthropoda,Malacostraca,Decapoda,Varunidae,,,Freshwater|Lakes; Freshwater|Rivers / streams,,,,,,,,https://doi.org/10.1079/cabicompendium.84120;;;
Erythrocebus patas,common patas monkey,Enhanced,No,Metazoa,Eukaryota,Metazoa,Chordata,Mammalia,Primates,Cercopithecidae,,,Freshwater|Ponds,,,,,,,,https://doi.org/10.1079/cabicompendium.82984;;;;
Esox lucius,pike,Enhanced,No,Metazoa,Eukaryota,Metazoa,Chordata,Osteichthyes,Salmoniformes,Esocidae,,,Freshwater|Lakes; Freshwater|Ponds; Freshwater|Reservoirs; Freshwater|Rivers / streams,,,,,,,,https://doi.org/10.1079/cabicompendium.83118;
Fallopia x bohemica,,Enhanced,No,Plants,Eukaryota,Plantae,Spermatophyta,,Caryophyllales,Polygonaceae,,,Freshwater|Rivers / streams,,,,,,,,https://doi.org/10.1079/cabicompendium.108332;;;;
Faxonius limosus,Spiny-cheek crayfish,Enhanced,No,Metazoa,Eukaryota,Metazoa,Arthropoda,Malacostraca,Decapoda,Cambaridae,,,Freshwater|Lakes; Freshwater|Ponds; Freshwater|Reservoirs; Freshwater|Rivers / streams,,,,,,,,https://doi.org/10.1079/cabicompendium.72033;
Faxonius rusticus,rusty crayfish,Enhanced,No,Metazoa,Eukaryota,Metazoa,Arthropoda,Malacostraca,Decapoda,Cambaridae,,,Freshwater|Lakes; Freshwater|Ponds; Freshwater|Reservoirs; Freshwater|Rivers / streams,,,,,,,,https://doi.org/10.1079/cabicompendium.72037;
Faxonius virilis,virile crayfish,Enhanced,No,Metazoa,Eukaryota,Metazoa,Arthropoda,Malacostraca,Decapoda,Cambaridae,,,Freshwater|Lakes; Freshwater|Ponds; Freshwater|Reservoirs; Freshwater|Rivers / streams,,,,,,,,https://doi.org/10.1079/cabicompendium.72034;
Fimbristylis cymosa,tropical fimbry,Enhanced,No,Plants,Eukaryota,Plantae,Spermatophyta,Monocotyledonae,Poales,Cyperaceae,,,Freshwater|Rivers / streams,,,,,,,,https://doi.org/10.1079/cabicompendium.120575;;;;
Fimbristylis littoralis,lesser fimbristylis,Enhanced,Yes,Plants,Eukaryota,Plantae,Spermatophyta,Monocotyledonae,Poales,Cyperaceae,,,Freshwater|Rivers / streams,,,,,,,,https://doi.org/10.1079/cabicompendium.24023;;;;
Gambusia affinis,western mosquitofish,Enhanced,No,Metazoa,Eukaryota,Metazoa,Chordata,Osteichthyes,Cyprinodontiformes,Poeciliidae,,,Freshwater|Lakes; Freshwater|Ponds; Freshwater|Rivers / streams,,,,,,,,https://doi.org/10.1079/cabicompendium.82079;;
Gambusia holbrooki,eastern mosquitofish,Enhanced,No,Metazoa,Eukaryota,Metazoa,Chordata,Osteichthyes,Cyprinodontiformes,Poeciliidae,,,Freshwater|Lakes; Freshwater|Ponds; Freshwater|Reservoirs; Freshwater|Rivers / streams,,,,,,,,https://doi.org/10.1079/cabicompendium.82089;
Glyceria declinata,small sweet grass,Enhanced,No,Plants,Eukaryota,Plantae,Spermatophyta,Monocotyledonae,Poales,Poaceae,,,Freshwater|Lakes; Freshwater|Ponds; Freshwater|Rivers / streams,,,,,,,,https://doi.org/10.1079/cabicompendium.114599;;
Glyceria maxima,reed sweet-grass,Enhanced,No,Plants,Eukaryota,Plantae,Spermatophyta,Monocotyledonae,Poales,Poaceae,,,Freshwater|Lakes; Freshwater|Ponds; Freshwater|Reservoirs; Freshwater|Rivers / streams,,,,,,,,https://doi.org/10.1079/cabicompendium.81510;
Gymnocephalus cernuus,ruffe,Enhanced,No,Metazoa,Eukaryota,Metazoa,Chordata,Osteichthyes,Perciformes,Percidae,,,Freshwater|Lakes; Freshwater|Ponds; Freshwater|Reservoirs; Freshwater|Rivers / streams,,,,,,,,https://doi.org/10.1079/cabicompendium.80729;
Gymnocoronis spilanthoides,Senegal tea plant,Enhanced,No,Plants,Eukaryota,Plantae,Spermatophyta,,Asterales,Asteraceae,,,Freshwater|Lakes; Freshwater|Ponds; Freshwater|Reservoirs; Freshwater|Rivers / streams,,,,,,,,https://doi.org/10.1079/cabicompendium.26246;
Haplorchis pumilio,,Enhanced,No,Metazoa,Eukaryota,Metazoa,Platyhelminthes,Trematoda,,Heterophyidae,,,Freshwater|Lakes,,,,,,,,https://doi.org/10.1079/cabicompendium.80056;;;;
Hedychium coccineum,scarlet ginger lily,Enhanced,No,Plants,Eukaryota,Plantae,Spermatophyta,Monocotyledonae,Zingiberales,Zingiberaceae,,,Freshwater|Rivers / streams,,,,,,,,https://doi.org/10.1079/cabicompendium.114692;;;;
Hedychium coronarium,white butterfly ginger lily,Enhanced,Yes,Plants,Eukaryota,Plantae,Spermatophyta,Monocotyledonae,Zingiberales,Zingiberaceae,,,Freshwater|Rivers / streams,,,,,,,,https://doi.org/10.1079/cabicompendium.26678;;;;
Hedychium gardnerianum,kahili ginger,Enhanced,Yes,Plants,Eukaryota,Plantae,Spermatophyta,Monocotyledonae,Zingiberales,Zingiberaceae,,,Freshwater|Rivers / streams,,,,,,,,https://doi.org/10.1079/cabicompendium.26679;;;;
Heliotropium curassavicum,salt heliotrope,Enhanced,No,Plants,Eukaryota,Plantae,Spermatophyta,,Boraginales,Boraginaceae,,,Freshwater|Ponds; Freshwater|Rivers / streams,,,,,,,,https://doi.org/10.1079/cabicompendium.114723;;;
Hemibarbus maculatus,spotted steed,Enhanced,No,Metazoa,Eukaryota,Metazoa,Chordata,Osteichthyes,Cypriniformes,Cyprinidae,,,Freshwater|Lakes; Freshwater|Reservoirs; Freshwater|Rivers / streams,,,,,,,,https://doi.org/10.1079/cabicompendium.110573;;
Hemichromis letourneuxi,African jewelfish,Enhanced,No,Metazoa,Eukaryota,Metazoa,Chordata,Osteichthyes,Perciformes,Cichlidae,,,Freshwater|Lakes; Freshwater|Ponds; Freshwater|Reservoirs; Freshwater|Rivers / streams,,,,,,,,https://doi.org/10.1079/cabicompendium.114751;
Hemiculter leucisculus,common sawbelly,Enhanced,No,Metazoa,Eukaryota,Metazoa,Chordata,Osteichthyes,Cypriniformes,Cyprinidae,,,Freshwater|Lakes; Freshwater|Ponds; Freshwater|Reservoirs; Freshwater|Rivers / streams,,,,,,,,https://doi.org/10.1079/cabicompendium.110574;
Hemimysis anomala,,Enhanced,No,Metazoa,Eukaryota,Metazoa,Arthropoda,Malacostraca,Mysidacea,Mysidae,,,Freshwater|Lakes; Freshwater|Ponds; Freshwater|Reservoirs; Freshwater|Rivers / streams,,,,,,,,https://doi.org/10.1079/cabicompendium.108015;
Herichthys cyanoguttatus,Rio Grande cichlid,Enhanced,No,Metazoa,Eukaryota,Metazoa,Chordata,Osteichthyes,Perciformes,Cichlidae,,,Freshwater|Lakes; Freshwater|Ponds; Freshwater|Reservoirs; Freshwater|Rivers / streams,,,,,,,,https://doi.org/10.1079/cabicompendium.120933;
Heterotis niloticus,African bonytongue,Enhanced,No,Metazoa,Eukaryota,Metazoa,Chordata,Osteichthyes,Osteoglossiformes,Arapaimidae,,,Freshwater|Lakes; Freshwater|Ponds; Freshwater|Reservoirs; Freshwater|Rivers / streams,,,,,,,,https://doi.org/10.1079/cabicompendium.80116;
Hydrilla verticillata,hydrilla,Enhanced,Yes,Plants,Eukaryota,Plantae,Spermatophyta,Monocotyledonae,Alismatales,Hydrocharitaceae,,,Freshwater|Lakes; Freshwater|Ponds; Freshwater|Reservoirs; Freshwater|Rivers / streams,,,,,,,,https://doi.org/10.1079/cabicompendium.28170;
Hydrocharis morsus-ranae,,Enhanced,No,Plants,Eukaryota,Plantae,Spermatophyta,Monocotyledonae,Alismatales,Hydrocharitaceae,,,Freshwater|Lakes; Freshwater|Ponds; Freshwater|Reservoirs; Freshwater|Rivers / streams,,,,,,,,https://doi.org/10.1079/cabicompendium.28140;
Hygrophila polysperma,East Indian hygrophila,Enhanced,No,Plants,Eukaryota,Plantae,Spermatophyta,,Lamiales,Acanthaceae,,,Freshwater|Lakes; Freshwater|Ponds; Freshwater|Reservoirs; Freshwater|Rivers / streams; Freshwater|Springs,,,,,,,,https://doi.org/10.1079/cabicompendium.28135
Hymenachne amplexicaulis,hymenachne,Enhanced,No,Plants,Eukaryota,Plantae,Spermatophyta,Monocotyledonae,Poales,Poaceae,,,Freshwater|Lakes; Freshwater|Ponds; Freshwater|Reservoirs; Freshwater|Rivers / streams,,,,,,,,https://doi.org/10.1079/cabicompendium.109219;
Hypostomus plecostomus,suckermouth catfish,Enhanced,No,Metazoa,Eukaryota,Metazoa,Chordata,Osteichthyes,Siluriformes,Loricariidae,,,Freshwater|Lakes; Freshwater|Ponds; Freshwater|Reservoirs; Freshwater|Rivers / streams,,,,,,,,https://doi.org/10.1079/cabicompendium.114927;
Ictalurus furcatus,blue catfish,Enhanced,No,Metazoa,Eukaryota,Metazoa,Chordata,Osteichthyes,Siluriformes,Ictaluridae,,,Freshwater|Lakes; Freshwater|Ponds; Freshwater|Reservoirs; Freshwater|Rivers / streams,,,,,,,,https://doi.org/10.1079/cabicompendium.79120;
Ictalurus punctatus,channel catfish,Enhanced,No,Metazoa,Eukaryota,Metazoa,Chordata,Osteichthyes,Siluriformes,Ictaluridae,,,Freshwater|Lakes; Freshwater|Ponds; Freshwater|Reservoirs; Freshwater|Rivers / streams,,,,,,,,https://doi.org/10.1079/cabicompendium.79127;
Iguana iguana,iguana,Enhanced,Yes,Metazoa,Eukaryota,Metazoa,Chordata,Reptilia,Sauria,Iguanidae,,,Freshwater|Rivers / streams,,,,,,,,https://doi.org/10.1079/cabicompendium.28477;;;;
Ipomoea aquatica,swamp morning-glory,Enhanced,Yes,Plants,Eukaryota,Plantae,Spermatophyta,,Solanales,Convolvulaceae,,,Freshwater|Lakes; Freshwater|Ponds; Freshwater|Rivers / streams,,,,,,,,https://doi.org/10.1079/cabicompendium.28781;;
Jatropha gossypiifolia,bellyache bush,Enhanced,No,Plants,Eukaryota,Plantae,Spermatophyta,,Malpighiales,Euphorbiaceae,,,Freshwater|Reservoirs; Freshwater|Rivers / streams,,,,,,,,https://doi.org/10.1079/cabicompendium.28394;;;
Juncus effusus,common rush,Enhanced,No,Plants,Eukaryota,Plantae,Spermatophyta,Monocotyledonae,Poales,Juncaceae,,,Freshwater|Lakes; Freshwater|Ponds; Freshwater|Reservoirs; Freshwater|Rivers / streams,,,,,,,,https://doi.org/10.1079/cabicompendium.29068;
Juncus ensifolius,swordleaf rush,Enhanced,No,Plants,Eukaryota,Plantae,Spermatophyta,Monocotyledonae,Poales,Juncaceae,,,Freshwater|Lakes; Freshwater|Ponds; Freshwater|Reservoirs; Freshwater|Rivers / streams,,,,,,,,https://doi.org/10.1079/cabicompendium.115030;
Lagarosiphon major,African elodea,Enhanced,No,Plants,Eukaryota,Plantae,Spermatophyta,Monocotyledonae,Alismatales,Hydrocharitaceae,,,Freshwater|Lakes; Freshwater|Ponds; Freshwater|Reservoirs; Freshwater|Rivers / streams,,,,,,,,https://doi.org/10.1079/cabicompendium.30548;
Lates niloticus,Nile perch,Enhanced,No,Metazoa,Eukaryota,Metazoa,Chordata,Osteichthyes,Perciformes,Centropomidae,,,Freshwater|Lakes; Freshwater|Reservoirs; Freshwater|Rivers / streams,,,,,,,,https://doi.org/10.1079/cabicompendium.77994;;
Lemna aequinoctialis,lesser duckweed,Enhanced,No,Plants,Eukaryota,Plantae,Spermatophyta,Monocotyledonae,Alismatales,Araceae,,,Freshwater|Lakes; Freshwater|Ponds; Freshwater|Reservoirs; Freshwater|Rivers / streams,,,,,,,,https://doi.org/10.1079/cabicompendium.121132;
Lemna minuta,,Enhanced,No,Plants,Eukaryota,Plantae,Spermatophyta,Monocotyledonae,Alismatales,Araceae,,,Freshwater|Lakes; Freshwater|Reservoirs; Freshwater|Rivers / streams,,,,,,,,https://doi.org/10.1079/cabicompendium.108968;;
Lemna perpusilla,duckweed,Enhanced,Yes,Plants,Eukaryota,Plantae,Spermatophyta,Monocotyledonae,Alismatales,Araceae,,,Freshwater|Lakes; Freshwater|Ponds; Freshwater|Reservoirs; Freshwater|Rivers / streams,,,,,,,,https://doi.org/10.1079/cabicompendium.30243;
Lepomis cyanellus,green sunfish,Enhanced,No,Metazoa,Eukaryota,Metazoa,Chordata,Osteichthyes,Perciformes,Centrarchidae,,,Freshwater|Lakes; Freshwater|Ponds; Freshwater|Reservoirs; Freshwater|Rivers / streams,,,,,,,,https://doi.org/10.1079/cabicompendium.77079;
Lepomis gibbosus,pumpkinseed,Enhanced,No,Metazoa,Eukaryota,Metazoa,Chordata,Osteichthyes,Perciformes,Centrarchidae,,,Freshwater|Lakes; Freshwater|Ponds; Freshwater|Reservoirs; Freshwater|Rivers / streams,,,,,,,,https://doi.org/10.1079/cabicompendium.77080;
Lepomis gulosus,warmouth,Enhanced,No,Metazoa,Eukaryota,Metazoa,Chordata,Osteichthyes,Perciformes,Centrarchidae,,,Freshwater|Lakes; Freshwater|Ponds; Freshwater|Reservoirs; Freshwater|Rivers / streams,,,,,,,,https://doi.org/10.1079/cabicompendium.109292;
Lepomis macrochirus,bluegill,Enhanced,No,Metazoa,Eukaryota,Metazoa,Chordata,Osteichthyes,Perciformes,Centrarchidae,,,Freshwater|Lakes; Freshwater|Ponds; Freshwater|Reservoirs,,,,,,,,https://doi.org/10.1079/cabicompendium.77082;;
Lepomis microlophus,redear sunfish,Enhanced,No,Metazoa,Eukaryota,Metazoa,Chordata,Osteichthyes,Perciformes,Centrarchidae,,,Freshwater|Lakes; Freshwater|Ponds; Freshwater|Reservoirs; Freshwater|Rivers / streams,,,,,,,,https://doi.org/10.1079/cabicompendium.77083;
Leptochloa nealleyi,Nealley's sprangletop,Enhanced,Yes,Plants,Eukaryota,Plantae,Spermatophyta,Monocotyledonae,Poales,Poaceae,,,Freshwater|Rivers / streams,,,,,,,,https://doi.org/10.1079/cabicompendium.119827;;;;
Leucaspius delineatus,sunbleak,Enhanced,No,Metazoa,Eukaryota,Metazoa,Chordata,Osteichthyes,Cypriniformes,Cyprinidae,,,Freshwater|Lakes; Freshwater|Ponds; Freshwater|Reservoirs; Freshwater|Rivers / streams,,,,,,,,https://doi.org/10.1079/cabicompendium.77347;
Leuciscus leuciscus,common dace,Enhanced,No,Metazoa,Eukaryota,Metazoa,Chordata,Osteichthyes,Cypriniformes,Cyprinidae,,,Freshwater|Lakes; Freshwater|Ponds; Freshwater|Reservoirs; Freshwater|Rivers / streams,,,,,,,,https://doi.org/10.1079/cabicompendium.77316;
Ligustrum sinense,Chinese privet,Enhanced,No,Plants,Eukaryota,Plantae,Spermatophyta,,Lamiales,Oleaceae,,,Freshwater|Rivers / streams,,,,,,,,https://doi.org/10.1079/cabicompendium.30763;;;;
Limnobium laevigatum,South American spongeplant,Enhanced,No,Plants,Eukaryota,Plantae,Spermatophyta,Monocotyledonae,Alismatales,Hydrocharitaceae,,,Freshwater|Lakes; Freshwater|Ponds; Freshwater|Reservoirs; Freshwater|Rivers / streams,,,,,,,,https://doi.org/10.1079/cabicompendium.115273;
Limnocharis flava,yellow bur-head,Enhanced,Yes,Plants,Eukaryota,Plantae,Spermatophyta,Monocotyledonae,Alismatales,Alismataceae,,,Freshwater|Lakes; Freshwater|Ponds; Freshwater|Reservoirs; Freshwater|Rivers / streams,,,,,,,,https://doi.org/10.1079/cabicompendium.30804;
Limnomysis benedeni,,Enhanced,No,Metazoa,Eukaryota,Metazoa,Arthropoda,Malacostraca,Mysidacea,Mysidae,,,Freshwater|Lakes; Freshwater|Ponds; Freshwater|Reservoirs; Freshwater|Rivers / streams,,,,,,,,https://doi.org/10.1079/cabicompendium.108853;
Limnoperna fortunei,golden mussel,Enhanced,No,Metazoa,Eukaryota,Metazoa,Mollusca,Bivalvia,,Mytilidae,,,Freshwater|Lakes; Freshwater|Reservoirs; Freshwater|Rivers / streams,,,,,,,,https://doi.org/10.1079/cabicompendium.107775;;
Limnophila sessiliflora,Asian marshweed,Enhanced,No,Plants,Eukaryota,Plantae,Spermatophyta,,Lamiales,Plantaginaceae,,,Freshwater|Lakes; Freshwater|Ponds; Freshwater|Reservoirs; Freshwater|Rivers / streams; Freshwater|Springs,,,,,,,,https://doi.org/10.1079/cabicompendium.82893566
Ludwigia grandiflora,water primrose,Enhanced,No,Plants,Eukaryota,Plantae,Spermatophyta,,Myrtales,Onagraceae,,,Freshwater|Lakes; Freshwater|Ponds; Freshwater|Reservoirs; Freshwater|Rivers / streams,,,,,,,,https://doi.org/10.1079/cabicompendium.109148;
Ludwigia palustris,marsh seedbox,Enhanced,No,Plants,Eukaryota,Plantae,Spermatophyta,,Myrtales,Onagraceae,,,Freshwater|Lakes; Freshwater|Ponds; Freshwater|Rivers / streams,,,,,,,,https://doi.org/10.1079/cabicompendium.120287;;
Ludwigia peploides,water primrose,Enhanced,No,Plants,Eukaryota,Plantae,Spermatophyta,,Myrtales,Onagraceae,,,Freshwater|Lakes; Freshwater|Ponds; Freshwater|Reservoirs; Freshwater|Rivers / streams,,,,,,,,https://doi.org/10.1079/cabicompendium.31673;
Lygodium japonicum,Japanese climbing fern,Enhanced,Yes,Plants,Eukaryota,Plantae,Pteridophyta,Filicopsida,,Lygodiaceae,,,Freshwater|Lakes; Freshwater|Ponds; Freshwater|Reservoirs; Freshwater|Rivers / streams,,,,,,,,https://doi.org/10.1079/cabicompendium.31783;
Lysichiton americanus,American skunk cabbage,Enhanced,No,Plants,Eukaryota,Plantae,Spermatophyta,Monocotyledonae,Alismatales,Araceae,,,Freshwater|Ponds,,,,,,,,https://doi.org/10.1079/cabicompendium.31580;;;;
Lythrum maritimum,pukamole,Enhanced,No,Plants,Eukaryota,Plantae,Spermatophyta,,Myrtales,Lythraceae,,,Freshwater|Ponds; Freshwater|Rivers / streams,,,,,,,,https://doi.org/10.1079/cabicompendium.119069;;;
Lythrum salicaria,purple loosestrife,Enhanced,Yes,Plants,Eukaryota,Plantae,Spermatophyta,,Myrtales,Lythraceae,,,Freshwater|Ponds,,,,,,,,https://doi.org/10.1079/cabicompendium.31890;;;;
Macaca mulatta,rhesus macaque,Enhanced,No,Metazoa,Eukaryota,Metazoa,Chordata,Mammalia,Primates,Cercopithecidae,,,Freshwater|Rivers / streams,,,,,,,,https://doi.org/10.1079/cabicompendium.76105;;;;
Marisa cornuarietis,giant ramshorn,Enhanced,No,Metazoa,Eukaryota,Metazoa,Mollusca,Gastropoda,,Ampullariidae,,,Freshwater|Lakes; Freshwater|Ponds; Freshwater|Reservoirs; Freshwater|Rivers / streams,,,,,,,,https://doi.org/10.1079/cabicompendium.32526;
Melanoides tuberculata,red-rimmed melania,Enhanced,No,Metazoa,Eukaryota,Metazoa,Mollusca,Gastropoda,,Thiaridae,,,Freshwater|Lakes; Freshwater|Ponds; Freshwater|Reservoirs; Freshwater|Rivers / streams,,,,,,,,https://doi.org/10.1079/cabicompendium.75617;
Micropterus dolomieu,smallmouth bass,Enhanced,No,Metazoa,Eukaryota,Metazoa,Chordata,Osteichthyes,Perciformes,Centrarchidae,,,Freshwater|Lakes; Freshwater|Ponds; Freshwater|Reservoirs; Freshwater|Rivers / streams,,,,,,,,https://doi.org/10.1079/cabicompendium.74844;
Micropterus salmoides,largemouth bass,Enhanced,No,Metazoa,Eukaryota,Metazoa,Chordata,Osteichthyes,Perciformes,Centrarchidae,,,Freshwater|Lakes; Freshwater|Ponds; Freshwater|Reservoirs; Freshwater|Rivers / streams,,,,,,,,https://doi.org/10.1079/cabicompendium.74846;
Mikania scandens,,Enhanced,No,Plants,Eukaryota,Plantae,Spermatophyta,,Asterales,Asteraceae,,,Freshwater|Ponds; Freshwater|Reservoirs; Freshwater|Rivers / streams,,,,,,,,https://doi.org/10.1079/cabicompendium.34096;;
Misgurnus anguillicaudatus,oriental weatherloach,Enhanced,No,Metazoa,Eukaryota,Metazoa,Chordata,Osteichthyes,Cypriniformes,Cobitidae,,,Freshwater|Lakes; Freshwater|Ponds; Freshwater|Rivers / streams,,,,,,,,https://doi.org/10.1079/cabicompendium.75075;;
Monochoria hastata,hastate-leaved pondweed,Enhanced,Yes,Plants,Eukaryota,Plantae,Spermatophyta,Monocotyledonae,Commelinales,Pontederiaceae,,,Freshwater|Ponds; Freshwater|Reservoirs; Freshwater|Rivers / streams,,,,,,,,https://doi.org/10.1079/cabicompendium.52540909;;
Morone americana,white perch,Enhanced,No,Metazoa,Eukaryota,Metazoa,Chordata,Osteichthyes,Perciformes,Moronidae,,,Freshwater|Lakes; Freshwater|Ponds; Freshwater|Rivers / streams,,,,,,,,https://doi.org/10.1079/cabicompendium.74160;;
Mylopharyngodon piceus,black amur,Enhanced,No,Metazoa,Eukaryota,Metazoa,Chordata,Osteichthyes,Cypriniformes,Cyprinidae,,,Freshwater|Lakes; Freshwater|Ponds; Freshwater|Rivers / streams,,,,,,,,https://doi.org/10.1079/cabicompendium.73511;;
Myocastor coypus,coypu,Enhanced,No,Metazoa,Eukaryota,Metazoa,Chordata,Mammalia,Rodentia,Myocastoridae,,,Freshwater|Lakes; Freshwater|Rivers / streams,,,,,,,,https://doi.org/10.1079/cabicompendium.73537;;;
Myriophyllum aquaticum,parrot's feather,Enhanced,Yes,Plants,Eukaryota,Plantae,Spermatophyta,,Saxifragales,Haloragaceae,,,Freshwater|Lakes; Freshwater|Ponds; Freshwater|Reservoirs; Freshwater|Rivers / streams,,,,,,,,https://doi.org/10.1079/cabicompendium.34939;
Myriophyllum heterophyllum,broadleaf watermilfoil,Enhanced,No,Plants,Eukaryota,Plantae,Spermatophyta,,Saxifragales,Haloragaceae,,,Freshwater|Lakes; Freshwater|Ponds; Freshwater|Reservoirs; Freshwater|Rivers / streams,,,,,,,,https://doi.org/10.1079/cabicompendium.34940;
Myriophyllum spicatum,spiked watermilfoil,Enhanced,Yes,Plants,Eukaryota,Plantae,Spermatophyta,,Saxifragales,Haloragaceae,,,Freshwater|Lakes; Freshwater|Ponds; Freshwater|Reservoirs; Freshwater|Rivers / streams,,,,,,,,https://doi.org/10.1079/cabicompendium.34941;
Mytilopsis sallei,Caribbean false mussel,Enhanced,No,Metazoa,Eukaryota,Metazoa,Mollusca,Bivalvia,Veneroida,Dreissenidae,,,Freshwater|Ponds,,,,,,,,https://doi.org/10.1079/cabicompendium.119604;;;;
Nasturtium microphyllum,one-row watercress,Enhanced,No,Plants,Eukaryota,Plantae,Spermatophyta,,Brassicales,Brassicaceae,,,Freshwater|Lakes; Freshwater|Ponds; Freshwater|Rivers / streams,,,,,,,,https://doi.org/10.1079/cabicompendium.115735;;
Neogobius fluviatilis,monkey goby,Enhanced,No,Metazoa,Eukaryota,Metazoa,Chordata,Osteichthyes,Perciformes,Gobiidae,,,Freshwater|Lakes; Freshwater|Reservoirs; Freshwater|Rivers / streams,,,,,,,,https://doi.org/10.1079/cabicompendium.115759;;
Neogobius melanostomus,round goby,Enhanced,No,Metazoa,Eukaryota,Metazoa,Chordata,Osteichthyes,Perciformes,Gobiidae,,,Freshwater|Lakes; Freshwater|Reservoirs; Freshwater|Rivers / streams,,,,,,,,https://doi.org/10.1079/cabicompendium.73163;;
Neovison vison,American mink,Enhanced,No,Metazoa,Eukaryota,Metazoa,Chordata,Mammalia,Carnivora,Mustelidae,,,Freshwater|Lakes; Freshwater|Rivers / streams,,,,,,,,https://doi.org/10.1079/cabicompendium.74428;;;
Nephrolepis brownii,Asian swordfern,Enhanced,No,Plants,Eukaryota,Plantae,Pteridophyta,Filicopsida,,Oleandraceae,,,Freshwater|Lakes; Freshwater|Ponds; Freshwater|Reservoirs; Freshwater|Rivers / streams,,,,,,,,https://doi.org/10.1079/cabicompendium.115772;
Neyraudia reynaudiana,burma reed,Enhanced,No,Plants,Eukaryota,Plantae,Spermatophyta,Monocotyledonae,Poales,Poaceae,,,Freshwater|Lakes; Freshwater|Ponds; Freshwater|Reservoirs; Freshwater|Rivers / streams,,,,,,,,https://doi.org/10.1079/cabicompendium.115785;
Noronhia emarginata,Madagascar olive,Enhanced,No,Plants,Eukaryota,Plantae,Spermatophyta,,Lamiales,Oleaceae,,,Freshwater|Rivers / streams,,,,,,,,https://doi.org/10.1079/cabicompendium.19708471;;;;
Notropis stramineus,,Enhanced,No,Metazoa,Eukaryota,Metazoa,Chordata,Osteichthyes,Cypriniformes,Cyprinidae,,,Freshwater|Lakes; Freshwater|Rivers / streams,,,,,,,,https://doi.org/10.1079/cabicompendium.119449;;;
Nymphaea lotus,white Egyptian lotus,Enhanced,No,Plants,Eukaryota,Plantae,Spermatophyta,,Nymphaeales,Nymphaeaceae,,,Freshwater|Lakes; Freshwater|Ponds; Freshwater|Rivers / streams,,,,,,,,https://doi.org/10.1079/cabicompendium.115821;;
Nymphoides peltata,yellow floating-heart,Enhanced,No,Plants,Eukaryota,Plantae,Spermatophyta,,Asterales,Menyanthaceae,,,Freshwater|Lakes; Freshwater|Ponds; Freshwater|Reservoirs; Freshwater|Rivers / streams,,,,,,,,https://doi.org/10.1079/cabicompendium.107746;
Oldenlandia lancifolia,calycose mille graines,Enhanced,No,Plants,Eukaryota,Plantae,Spermatophyta,,Gentianales,Rubiaceae,,,Freshwater|Rivers / streams,,,,,,,,https://doi.org/10.1079/cabicompendium.120127;;;;
Oncorhynchus mykiss,rainbow trout,Enhanced,No,Metazoa,Eukaryota,Metazoa,Chordata,Osteichthyes,Salmoniformes,Salmonidae,,,Freshwater|Lakes; Freshwater|Reservoirs; Freshwater|Rivers / streams,,,,,,,,https://doi.org/10.1079/cabicompendium.71813;;
Oncorhynchus tshawytscha,chinook salmon,Enhanced,No,Metazoa,Eukaryota,Metazoa,Chordata,Osteichthyes,Salmoniformes,Salmonidae,,,Freshwater|Lakes; Freshwater|Reservoirs; Freshwater|Rivers / streams,,,,,,,,https://doi.org/10.1079/cabicompendium.71815;;
Ondatra zibethicus,muskrat,Enhanced,No,Metazoa,Eukaryota,Metazoa,Chordata,Mammalia,Rodentia,Muridae,,,Freshwater|Lakes; Freshwater|Ponds; Freshwater|Reservoirs; Freshwater|Rivers / streams,,,,,,,,https://doi.org/10.1079/cabicompendium.71816;
Oreochromis aureus,blue tilapia,Enhanced,No,Metazoa,Eukaryota,Metazoa,Chordata,Osteichthyes,Perciformes,Cichlidae,,,Freshwater|Lakes; Freshwater|Ponds; Freshwater|Reservoirs; Freshwater|Rivers / streams,,,,,,,,https://doi.org/10.1079/cabicompendium.72068;
Oreochromis niloticus,Nile tilapia,Enhanced,No,Metazoa,Eukaryota,Metazoa,Chordata,Osteichthyes,Perciformes,Cichlidae,,,Freshwater|Lakes; Freshwater|Ponds; Freshwater|Reservoirs; Freshwater|Rivers / streams,,,,,,,,https://doi.org/10.1079/cabicompendium.72086;
Oryza barthii,,Enhanced,No,Plants,Eukaryota,Plantae,Spermatophyta,Monocotyledonae,Poales,Poaceae,,,Freshwater|Ponds,,,,,,,,https://doi.org/10.1079/cabicompendium.119930;;;;
Oryza longistaminata,perennial wild rice,Enhanced,Yes,Plants,Eukaryota,Plantae,Spermatophyta,Monocotyledonae,Poales,Poaceae,,,Freshwater|Rivers / streams,,,,,,,,https://doi.org/10.1079/cabicompendium.37962;;;;
Osmerus eperlanus,,Enhanced,No,Metazoa,Eukaryota,Metazoa,Chordata,Osteichthyes,Osmeriformes,Osmeridae,,,Freshwater|Lakes; Freshwater|Reservoirs; Freshwater|Rivers / streams,,,,,,,,https://doi.org/10.1079/cabicompendium.71168;;
Osteopilus septentrionalis,Cuban treefrog,Enhanced,No,Metazoa,Eukaryota,Metazoa,Chordata,Amphibia,Anura,Hylidae,,,Freshwater|Ponds; Freshwater|Springs,,,,,,,,https://doi.org/10.1079/cabicompendium.71203;;;
Oxyura jamaicensis,ruddy duck,Enhanced,No,Metazoa,Eukaryota,Metazoa,Chordata,Aves,Anseriformes,Anatidae,,,Freshwater|Lakes; Freshwater|Ponds; Freshwater|Reservoirs; Freshwater|Rivers / streams,,,,,,,,https://doi.org/10.1079/cabicompendium.71368;
Pacifastacus leniusculus,American signal crayfish,Enhanced,No,Metazoa,Eukaryota,Metazoa,Arthropoda,Malacostraca,Decapoda,Astacidae,,,Freshwater|Lakes; Freshwater|Rivers / streams,,,,,,,,https://doi.org/10.1079/cabicompendium.70581;;;
Paspalidium geminatum,Egyptian paspalidium,Enhanced,No,Plants,Eukaryota,Plantae,Spermatophyta,Monocotyledonae,Poales,Poaceae,,,Freshwater|Lakes; Freshwater|Ponds; Freshwater|Reservoirs; Freshwater|Rivers / streams,,,,,,,,https://doi.org/10.1079/cabicompendium.120208;
Paspalum distichum,knotgrass,Enhanced,Yes,Plants,Eukaryota,Plantae,Spermatophyta,Monocotyledonae,Poales,Poaceae,,,Freshwater|Lakes; Freshwater|Ponds; Freshwater|Reservoirs; Freshwater|Rivers / streams,,,,,,,,https://doi.org/10.1079/cabicompendium.38952;
Paspalum urvillei,Vasey grass,Enhanced,No,Plants,Eukaryota,Plantae,Spermatophyta,Monocotyledonae,Poales,Poaceae,,,Freshwater|Rivers / streams,,,,,,,,https://doi.org/10.1079/cabicompendium.109621;;;;
Paspalum vaginatum,seashore paspalum,Enhanced,Yes,Plants,Eukaryota,Plantae,Spermatophyta,Monocotyledonae,Poales,Poaceae,,,Freshwater|Rivers / streams,,,,,,,,https://doi.org/10.1079/cabicompendium.110291;;;;
Pelophylax cf. bedriagae,,Enhanced,No,Metazoa,Eukaryota,Metazoa,Chordata,Amphibia,Anura,Ranidae,,,Freshwater|Lakes; Freshwater|Ponds; Freshwater|Reservoirs; Freshwater|Rivers / streams,,,,,,,,https://doi.org/10.1079/cabicompendium.109855;
Perca flavescens,yellow perch,Enhanced,No,Metazoa,Eukaryota,Metazoa,Chordata,Osteichthyes,Perciformes,Percidae,,,Freshwater|Lakes; Freshwater|Reservoirs; Freshwater|Rivers / streams,,,,,,,,https://doi.org/10.1079/cabicompendium.70036;;
Perca fluviatilis,perch,Enhanced,No,Metazoa,Eukaryota,Metazoa,Chordata,Osteichthyes,Perciformes,Percidae,,,Freshwater|Lakes; Freshwater|Ponds; Freshwater|Rivers / streams,,,,,,,,https://doi.org/10.1079/cabicompendium.70037;;
Perccottus glenii,Amur sleeper,Enhanced,No,Metazoa,Eukaryota,Metazoa,Chordata,Osteichthyes,Perciformes,Odontobutidae,,,Freshwater|Lakes; Freshwater|Ponds; Freshwater|Reservoirs; Freshwater|Rivers / streams,,,,,,,,https://doi.org/10.1079/cabicompendium.110577;
Petromyzon marinus,sea lamprey,Enhanced,No,Metazoa,Eukaryota,Metazoa,Chordata,Cephalaspidomorphi,Petromyzontiformes,Petromyzontidae,,,Freshwater|Lakes; Freshwater|Rivers / streams,,,,,,,,https://doi.org/10.1079/cabicompendium.70237;;;
Phalloceros caudimaculatus,dusky millions fish,Enhanced,No,Metazoa,Eukaryota,Metazoa,Chordata,Osteichthyes,Cyprinodontiformes,Poeciliidae,,,Freshwater|Lakes; Freshwater|Ponds; Freshwater|Reservoirs; Freshwater|Rivers / streams,,,,,,,,https://doi.org/10.1079/cabicompendium.107749;
Phormium tenax,New Zealand flax,Enhanced,No,Plants,Eukaryota,Plantae,Spermatophyta,Monocotyledonae,Asparagales,Xanthorrhoeaceae,,,Freshwater|Ponds; Freshwater|Rivers / streams,,,,,,,,https://doi.org/10.1079/cabicompendium.40302;;;
Phoxinus phoxinus,European minnow,Enhanced,No,Metazoa,Eukaryota,Metazoa,Chordata,Osteichthyes,Cypriniformes,Cyprinidae,,,Freshwater|Lakes; Freshwater|Ponds; Freshwater|Reservoirs; Freshwater|Rivers / streams,,,,,,,,https://doi.org/10.1079/cabicompendium.69626;
Phragmites australis,common reed,Enhanced,Yes,Plants,Eukaryota,Plantae,Spermatophyta,Monocotyledonae,Poales,Poaceae,,,Freshwater|Lakes; Freshwater|Ponds; Freshwater|Reservoirs; Freshwater|Rivers / streams; Freshwater|Springs,,,,,,,,https://doi.org/10.1079/cabicompendium.40514
Phytophthora cinnamomi,Phytophthora dieback,Enhanced,Yes,Fungi/Chromista,Eukaryota,Chromista,Oomycota,Oomycetes,Peronosporales,Peronosporaceae,,,Freshwater|Rivers / streams,,,,,,,,https://doi.org/10.1079/cabicompendium.40957;;;;
Phytophthora lateralis,Port-Orford-cedar root disease,Enhanced,Yes,Fungi/Chromista,Eukaryota,Chromista,Oomycota,Oomycetes,Peronosporales,Peronosporaceae,,,Freshwater|Lakes; Freshwater|Rivers / streams,,,,,,,,https://doi.org/10.1079/cabicompendium.40973;;;
Pimephales promelas,fathead minnow,Enhanced,No,Metazoa,Eukaryota,Metazoa,Chordata,Osteichthyes,Cypriniformes,Cyprinidae,,,Freshwater|Lakes; Freshwater|Ponds; Freshwater|Reservoirs; Freshwater|Rivers / streams,,,,,,,,https://doi.org/10.1079/cabicompendium.69889;
Pistia stratiotes,water lettuce,Enhanced,Yes,Plants,Eukaryota,Plantae,Spermatophyta,Monocotyledonae,Alismatales,Araceae,,,Freshwater|Lakes; Freshwater|Ponds; Freshwater|Reservoirs; Freshwater|Rivers / streams,,,,,,,,https://doi.org/10.1079/cabicompendium.41496;
Poa annua,annual meadowgrass,Enhanced,Yes,Plants,Eukaryota,Plantae,Spermatophyta,Monocotyledonae,Poales,Poaceae,,,Freshwater|Rivers / streams,,,,,,,,https://doi.org/10.1079/cabicompendium.42485;;;;
Poecilia latipinna,sailfin molly,Enhanced,No,Metazoa,Eukaryota,Metazoa,Chordata,Osteichthyes,Cyprinodontiformes,Poeciliidae,,,Freshwater|Lakes; Freshwater|Ponds; Freshwater|Reservoirs,,,,,,,,https://doi.org/10.1079/cabicompendium.68203;;
Poecilia reticulata,guppy,Enhanced,No,Metazoa,Eukaryota,Metazoa,Chordata,Osteichthyes,Cyprinodontiformes,Poeciliidae,,,Freshwater|Lakes; Freshwater|Ponds; Freshwater|Reservoirs; Freshwater|Rivers / streams,,,,,,,,https://doi.org/10.1079/cabicompendium.68208;
Pomacea canaliculata,invasive apple snail,Enhanced,Yes,Metazoa,Eukaryota,Metazoa,Mollusca,Gastropoda,,Ampullariidae,,,Freshwater|Lakes; Freshwater|Ponds; Freshwater|Reservoirs; Freshwater|Rivers / streams,,,,,,,,https://doi.org/10.1079/cabicompendium.68490;
Pomacea maculata,,Enhanced,Yes,Metazoa,Eukaryota,Metazoa,Mollusca,Gastropoda,,Ampullariidae,,,Freshwater|Lakes; Freshwater|Ponds; Freshwater|Reservoirs; Freshwater|Rivers / streams,,,,,,,,https://doi.org/10.1079/cabicompendium.116486;
Pomoxis annularis,white crappie,Enhanced,No,Metazoa,Eukaryota,Metazoa,Chordata,Osteichthyes,Perciformes,Centrarchidae,,,Freshwater|Lakes; Freshwater|Ponds; Freshwater|Reservoirs; Freshwater|Rivers / streams,,,,,,,,https://doi.org/10.1079/cabicompendium.68535;
Pomoxis nigromaculatus,black crappie,Enhanced,No,Metazoa,Eukaryota,Metazoa,Chordata,Osteichthyes,Perciformes,Centrarchidae,,,Freshwater|Lakes; Freshwater|Ponds; Freshwater|Reservoirs; Freshwater|Rivers / streams,,,,,,,,https://doi.org/10.1079/cabicompendium.68536;
Pontederia vaginalis,false pickerelweed,Enhanced,Yes,Plants,Eukaryota,Plantae,Spermatophyta,Monocotyledonae,Commelinales,Pontederiaceae,,,Freshwater|Ponds,,,,,,,,https://doi.org/10.1079/cabicompendium.34807;;;;
Pontogammarus robustoides,,Enhanced,No,Metazoa,Eukaryota,Metazoa,Arthropoda,Malacostraca,Amphipoda,,,,Freshwater|Lakes; Freshwater|Reservoirs; Freshwater|Rivers / streams,,,,,,,,https://doi.org/10.1079/cabicompendium.119602;;
Potamocorbula amurensis,Amur River clam,Enhanced,No,Metazoa,Eukaryota,Metazoa,Mollusca,Bivalvia,,Corbulidae,,,Freshwater|Rivers / streams,,,,,,,,https://doi.org/10.1079/cabicompendium.107736;;;;
Potamogeton crispus,curlyleaf pondweed,Enhanced,No,Plants,Eukaryota,Plantae,Spermatophyta,Monocotyledonae,Alismatales,Potamogetonaceae,,,Freshwater|Lakes; Freshwater|Ponds; Freshwater|Reservoirs; Freshwater|Rivers / streams,,,,,,,,https://doi.org/10.1079/cabicompendium.43664;
Potamopyrgus antipodarum,New Zealand mudsnail,Enhanced,No,Metazoa,Eukaryota,Metazoa,Mollusca,Gastropoda,,Hydrobiidae,,,Freshwater|Lakes; Freshwater|Ponds; Freshwater|Reservoirs; Freshwater|Rivers / streams,,,,,,,,https://doi.org/10.1079/cabicompendium.43672;
Procambarus acutus acutus,,Enhanced,No,Metazoa,Eukaryota,Metazoa,Arthropoda,Malacostraca,Decapoda,Cambaridae,,,Freshwater|Lakes; Freshwater|Ponds; Freshwater|Reservoirs; Freshwater|Rivers / streams,,,,,,,,https://doi.org/10.1079/cabicompendium.67841;
Procambarus clarkii,red swamp crayfish,Enhanced,No,Metazoa,Eukaryota,Metazoa,Arthropoda,Malacostraca,Decapoda,Cambaridae,,,Freshwater|Lakes; Freshwater|Ponds; Freshwater|Reservoirs; Freshwater|Rivers / streams,,,,,,,,https://doi.org/10.1079/cabicompendium.67878;
Procambarus fallax f. virginalis,Marmorkrebs,Enhanced,No,Metazoa,Eukaryota,Metazoa,Arthropoda,Malacostraca,Decapoda,Cambaridae,,,Freshwater|Lakes; Freshwater|Ponds; Freshwater|Rivers / streams,,,,,,,,https://doi.org/10.1079/cabicompendium.110477;;
Prosopis juliflora,mesquite,Enhanced,No,Plants,Eukaryota,Plantae,Spermatophyta,,Fabales,Fabaceae,,,Freshwater|Lakes,,,,,,,,https://doi.org/10.1079/cabicompendium.43942;;;;
Protopterus aethiopicus aethiopicus,marbled lungfish,Enhanced,No,Metazoa,Eukaryota,Metazoa,Chordata,Osteichthyes,Lepidosireniformes,Protopteridae,,,Freshwater|Lakes; Freshwater|Ponds; Freshwater|Reservoirs; Freshwater|Rivers / streams,,,,,,,,https://doi.org/10.1079/cabicompendium.120144;
Prymnesium parvum,golden algae,Enhanced,No,Fungi/Chromista,Eukaryota,Chromista,Haptophyta,,Prymnesiales,Prymnesiaceae,,,Freshwater|Lakes; Freshwater|Ponds; Freshwater|Reservoirs; Freshwater|Rivers / streams,,,,,,,,https://doi.org/10.1079/cabicompendium.121720;
Pseudorasbora parva,topmouth gudgeon,Enhanced,No,Metazoa,Eukaryota,Metazoa,Chordata,Osteichthyes,Cypriniformes,Cyprinidae,,,Freshwater|Lakes; Freshwater|Ponds; Freshwater|Reservoirs; Freshwater|Rivers / streams,,,,,,,,https://doi.org/10.1079/cabicompendium.67983;
Pterygoplichthys ambrosettii,southern sailfin catfish,Enhanced,No,Metazoa,Eukaryota,Metazoa,Chordata,Osteichthyes,Siluriformes,Loricariidae,,,Freshwater|Lakes; Freshwater|Ponds; Freshwater|Reservoirs; Freshwater|Rivers / streams,,,,,,,,https://doi.org/10.1079/cabicompendium.116593;
Pterygoplichthys disjunctivus,vermiculated sailfin catfish,Enhanced,No,Metazoa,Eukaryota,Metazoa,Chordata,Osteichthyes,Siluriformes,Loricariidae,,,Freshwater|Lakes; Freshwater|Ponds; Freshwater|Reservoirs; Freshwater|Rivers / streams; Freshwater|Springs,,,,,,,,https://doi.org/10.1079/cabicompendium.116594
Pterygoplichthys multiradiatus,Orinoco sailfin catfish,Enhanced,No,Metazoa,Eukaryota,Metazoa,Chordata,Osteichthyes,Siluriformes,Loricariidae,,,Freshwater|Lakes; Freshwater|Ponds; Freshwater|Reservoirs; Freshwater|Rivers / streams,,,,,,,,https://doi.org/10.1079/cabicompendium.116595;
Pylodictis olivaris,flathead catfish,Enhanced,No,Metazoa,Eukaryota,Metazoa,Chordata,Osteichthyes,Siluriformes,Ictaluridae,,,Freshwater|Reservoirs; Freshwater|Rivers / streams,,,,,,,,https://doi.org/10.1079/cabicompendium.67542;;;
Python bivittatus,Burmese python,Enhanced,No,Metazoa,Eukaryota,Metazoa,Chordata,Reptilia,Serpentes,Pythonidae,,,Freshwater|Lakes; Freshwater|Ponds; Freshwater|Reservoirs; Freshwater|Rivers / streams,,,,,,,,https://doi.org/10.1079/cabicompendium.66412;
Rana catesbeiana,American bullfrog,Enhanced,No,Metazoa,Eukaryota,Metazoa,Chordata,Amphibia,Anura,Ranidae,,,Freshwater|Lakes; Freshwater|Ponds; Freshwater|Reservoirs; Freshwater|Rivers / streams,,,,,,,,https://doi.org/10.1079/cabicompendium.66618;
Rhamphicarpa fistulosa,,Enhanced,Yes,Plants,Eukaryota,Plantae,Spermatophyta,,Lamiales,Orobanchaceae,,,Freshwater|Ponds; Freshwater|Rivers / streams,,,,,,,,https://doi.org/10.1079/cabicompendium.119715;;;
Rhinella marina,cane toad,Enhanced,No,Metazoa,Eukaryota,Metazoa,Chordata,Amphibia,Anura,Bufonidae,,,Freshwater|Lakes; Freshwater|Ponds; Freshwater|Rivers / streams,,,,,,,,https://doi.org/10.1079/cabicompendium.10333;;
Rhithropanopeus harrisii,Harris mud crab,Enhanced,No,Metazoa,Eukaryota,Metazoa,Arthropoda,Malacostraca,Decapoda,Panopeidae,,,Freshwater|Lakes; Freshwater|Reservoirs; Freshwater|Rivers / streams,,,,,,,,https://doi.org/10.1079/cabicompendium.66045;;
Rhodeus ocellatus ocellatus,rosy bitterling,Enhanced,No,Metazoa,Eukaryota,Metazoa,Chordata,Osteichthyes,Cypriniformes,Cyprinidae,,,Freshwater|Lakes; Freshwater|Ponds; Freshwater|Reservoirs; Freshwater|Rivers / streams,,,,,,,,https://doi.org/10.1079/cabicompendium.66070;
Rhodomyrtus tomentosa,Downy rose-myrtle,Enhanced,No,Plants,Eukaryota,Plantae,Spermatophyta,,Myrtales,Myrtaceae,,,Freshwater|Ponds,,,,,,,,https://doi.org/10.1079/cabicompendium.47297;;;;
Rubus parviflorus,thimbleberry,Enhanced,No,Plants,Eukaryota,Plantae,Spermatophyta,,Rosales,Rosaceae,,,Freshwater|Rivers / streams,,,,,,,,https://doi.org/10.1079/cabicompendium.48013;;;;
Sagittaria latifolia,broadleaf arrowhead,Enhanced,No,Plants,Eukaryota,Plantae,Spermatophyta,Monocotyledonae,Alismatales,Alismataceae,,,Freshwater|Lakes; Freshwater|Ponds; Freshwater|Reservoirs; Freshwater|Rivers / streams,,,,,,,,https://doi.org/10.1079/cabicompendium.109160;
Sagittaria sagittifolia,arrowhead,Enhanced,No,Plants,Eukaryota,Plantae,Spermatophyta,Monocotyledonae,Alismatales,Alismataceae,,,Freshwater|Ponds; Freshwater|Reservoirs; Freshwater|Rivers / streams,,,,,,,,https://doi.org/10.1079/cabicompendium.48125;;
Salix humboldtiana,pencil willow,Enhanced,No,Plants,Eukaryota,Plantae,Spermatophyta,,Malpighiales,Salicaceae,,,Freshwater|Rivers / streams,,,,,,,,https://doi.org/10.1079/cabicompendium.48599;;;;
Salmo salar,Atlantic salmon,Enhanced,No,Metazoa,Eukaryota,Metazoa,Chordata,Osteichthyes,Salmoniformes,Salmonidae,,,Freshwater|Rivers / streams,,,,,,,,https://doi.org/10.1079/cabicompendium.65307;;;;
Salmo trutta,sea trout,Enhanced,No,Metazoa,Eukaryota,Metazoa,Chordata,Osteichthyes,Salmoniformes,Salmonidae,,,Freshwater|Lakes; Freshwater|Ponds; Freshwater|Reservoirs; Freshwater|Rivers / streams; Freshwater|Springs,,,,,,,,https://doi.org/10.1079/cabicompendium.65308
Salvelinus fontinalis,brook trout,Enhanced,No,Metazoa,Eukaryota,Metazoa,Chordata,Osteichthyes,Salmoniformes,Salmonidae,,,Freshwater|Lakes; Freshwater|Ponds; Freshwater|Reservoirs; Freshwater|Rivers / streams,,,,,,,,https://doi.org/10.1079/cabicompendium.65325;
Salvelinus namaycush,lake trout,Enhanced,No,Metazoa,Eukaryota,Metazoa,Chordata,Osteichthyes,Salmoniformes,Salmonidae,,,Freshwater|Lakes; Freshwater|Reservoirs; Freshwater|Rivers / streams,,,,,,,,https://doi.org/10.1079/cabicompendium.65327;;
Salvinia auriculata,giant salvinia,Enhanced,Yes,Plants,Eukaryota,Plantae,Pteridophyta,Filicopsida,,Salviniaceae,,,Freshwater|Lakes; Freshwater|Ponds; Freshwater|Reservoirs; Freshwater|Rivers / streams,,,,,,,,https://doi.org/10.1079/cabicompendium.48444;
Salvinia minima,,Enhanced,No,Plants,Eukaryota,Plantae,Pteridophyta,Filicopsida,,Salviniaceae,,,Freshwater|Lakes; Freshwater|Ponds; Freshwater|Reservoirs; Freshwater|Rivers / streams,,,,,,,,https://doi.org/10.1079/cabicompendium.107785;
Salvinia molesta,kariba weed,Enhanced,Yes,Plants,Eukaryota,Plantae,Pteridophyta,Filicopsida,,Salviniaceae,,,Freshwater|Lakes; Freshwater|Ponds; Freshwater|Reservoirs; Freshwater|Rivers / streams,,,,,,,,https://doi.org/10.1079/cabicompendium.48447;
Sandelia capensis,Cape kurper,Enhanced,No,Metazoa,Eukaryota,Metazoa,Chordata,Osteichthyes,Perciformes,Anabantidae,,,Freshwater|Rivers / streams,,,,,,,,https://doi.org/10.1079/cabicompendium.89910248;;;;
Sander lucioperca,pike-perch,Enhanced,No,Metazoa,Eukaryota,Metazoa,Chordata,Osteichthyes,Perciformes,Percidae,,,Freshwater|Lakes; Freshwater|Reservoirs; Freshwater|Rivers / streams,,,,,,,,https://doi.org/10.1079/cabicompendium.65338;;
Sander vitreus,walleye,Enhanced,No,Metazoa,Eukaryota,Metazoa,Chordata,Osteichthyes,Perciformes,Percidae,,,Freshwater|Lakes; Freshwater|Ponds; Freshwater|Reservoirs; Freshwater|Rivers / streams,,,,,,,,https://doi.org/10.1079/cabicompendium.65339;
Scardinius erythrophthalmus,rudd,Enhanced,No,Metazoa,Eukaryota,Metazoa,Chordata,Osteichthyes,Cypriniformes,Cyprinidae,,,Freshwater|Lakes; Freshwater|Ponds; Freshwater|Rivers / streams,,,,,,,,https://doi.org/10.1079/cabicompendium.65689;;
Schilbe mystus,African butter catfish,Enhanced,No,Metazoa,Eukaryota,Metazoa,Chordata,Osteichthyes,Siluriformes,Schilbeidae,,,Freshwater|Lakes; Freshwater|Ponds; Freshwater|Reservoirs; Freshwater|Rivers / streams,,,,,,,,https://doi.org/10.1079/cabicompendium.120107;
Sepedomerus macropus,liverfluke snail predator fly,Enhanced,No,Metazoa,Eukaryota,Metazoa,Arthropoda,Insecta,Diptera,Sciomyzidae,,,Freshwater|Ponds; Freshwater|Rivers / streams,,,,,,,,https://doi.org/10.1079/cabicompendium.121695;;;
Sepedon aenescens,snail-killing fly,Enhanced,No,Metazoa,Eukaryota,Metazoa,Arthropoda,Insecta,Diptera,Sciomyzidae,,,Freshwater|Ponds; Freshwater|Rivers / streams,,,,,,,,https://doi.org/10.1079/cabicompendium.50832;;;
Sesbania bispinosa,dunchi fibre,Enhanced,No,Plants,Eukaryota,Plantae,Spermatophyta,,Fabales,Fabaceae,,,Freshwater|Ponds; Freshwater|Rivers / streams,,,,,,,,https://doi.org/10.1079/cabicompendium.86074621;;;
Silurus asotus,Amur catfish,Enhanced,No,Metazoa,Eukaryota,Metazoa,Chordata,Osteichthyes,Siluriformes,Siluridae,,,Freshwater|Lakes; Freshwater|Reservoirs; Freshwater|Rivers / streams,,,,,,,,https://doi.org/10.1079/cabicompendium.64278;;
Silurus glanis,wels catfish,Enhanced,No,Metazoa,Eukaryota,Metazoa,Chordata,Osteichthyes,Siluriformes,Siluridae,,,Freshwater|Lakes; Freshwater|Ponds; Freshwater|Reservoirs; Freshwater|Rivers / streams,,,,,,,,https://doi.org/10.1079/cabicompendium.64279;
Solanum tampicense,wetland nightshade,Enhanced,No,Plants,Eukaryota,Plantae,Spermatophyta,,Solanales,Solanaceae,,,Freshwater|Rivers / streams,,,,,,,,https://doi.org/10.1079/cabicompendium.76337013;;;;
Solenopsis invicta,red imported fire ant,Enhanced,Yes,Metazoa,Eukaryota,Metazoa,Arthropoda,Insecta,Hymenoptera,Formicidae,,,Freshwater|Lakes; Freshwater|Ponds; Freshwater|Reservoirs; Freshwater|Rivers / streams,,,,,,,,https://doi.org/10.1079/cabicompendium.50569;
Solidago nemoralis,grey goldenrod,Enhanced,No,Plants,Eukaryota,Plantae,Spermatophyta,,Asterales,Asteraceae,,,Freshwater|Lakes; Freshwater|Rivers / streams,,,,,,,,https://doi.org/10.1079/cabicompendium.50601;;;
Solidago sempervirens,seaside goldenrod,Enhanced,No,Plants,Eukaryota,Plantae,Spermatophyta,,Asterales,Asteraceae,,,Freshwater|Lakes,,,,,,,,https://doi.org/10.1079/cabicompendium.117252;;;;
Sparganium erectum,branched bur-reed,Enhanced,No,Plants,Eukaryota,Plantae,Spermatophyta,Monocotyledonae,Poales,Typhaceae,,,Freshwater|Lakes,,,,,,,,https://doi.org/10.1079/cabicompendium.52872467;;;;
Sphenoclea zeylanica,gooseweed,Enhanced,Yes,Plants,Eukaryota,Plantae,Spermatophyta,,Solanales,Sphenocleaceae,,,Freshwater|Lakes; Freshwater|Ponds; Freshwater|Reservoirs; Freshwater|Rivers / streams; Freshwater|Springs,,,,,,,,https://doi.org/10.1079/cabicompendium.51031
Spirodela polyrhiza,giant duckweed,Enhanced,No,Plants,Eukaryota,Plantae,Spermatophyta,Monocotyledonae,Alismatales,Araceae,,,Freshwater|Lakes; Freshwater|Ponds; Freshwater|Reservoirs; Freshwater|Rivers / streams,,,,,,,,https://doi.org/10.1079/cabicompendium.66922350;
Squalius cephalus,European chub,Enhanced,No,Metazoa,Eukaryota,Metazoa,Chordata,Osteichthyes,Cypriniformes,Cyprinidae,,,Freshwater|Lakes; Freshwater|Ponds; Freshwater|Reservoirs; Freshwater|Rivers / streams,,,,,,,,https://doi.org/10.1079/cabicompendium.117313;
Sterculia apetala,Panama tree,Enhanced,No,Plants,Eukaryota,Plantae,Spermatophyta,,Malvales,Malvaceae,,,Freshwater|Rivers / streams,,,,,,,,https://doi.org/10.1079/cabicompendium.51431;;;;
Talipariti tiliaceum,sea hibiscus,Enhanced,No,Plants,Eukaryota,Plantae,Spermatophyta,,Malvales,Malvaceae,,,Freshwater|Lakes; Freshwater|Rivers / streams,,,,,,,,https://doi.org/10.1079/cabicompendium.27132;;;
Tetragonia tetragonioides,New Zealand spinach,Enhanced,No,Plants,Eukaryota,Plantae,Spermatophyta,,Caryophyllales,Aizoaceae,,,Freshwater|Rivers / streams,,,,,,,,https://doi.org/10.1079/cabicompendium.52942;;;;
Threskiornis aethiopicus,sacred ibis,Enhanced,No,Metazoa,Eukaryota,Metazoa,Chordata,Aves,Ciconiiformes,Threskiornithidae,,,Freshwater|Lakes; Freshwater|Ponds; Freshwater|Reservoirs; Freshwater|Rivers / streams,,,,,,,,https://doi.org/10.1079/cabicompendium.62201;
Tilapia mariae,spotted tilapia,Enhanced,No,Metazoa,Eukaryota,Metazoa,Chordata,Osteichthyes,Perciformes,Cichlidae,,,Freshwater|Lakes; Freshwater|Rivers / streams,,,,,,,,https://doi.org/10.1079/cabicompendium.109161;;;
Tilapia zillii,redbelly tilapia,Enhanced,No,Metazoa,Eukaryota,Metazoa,Chordata,Osteichthyes,Perciformes,Cichlidae,,,Freshwater|Lakes; Freshwater|Ponds; Freshwater|Reservoirs; Freshwater|Rivers / streams,,,,,,,,https://doi.org/10.1079/cabicompendium.61147;
Trachemys scripta elegans,red-eared slider,Enhanced,No,Metazoa,Eukaryota,Metazoa,Chordata,Reptilia,Testudines,Emydidae,,,Freshwater|Lakes; Freshwater|Rivers / streams,,,,,,,,https://doi.org/10.1079/cabicompendium.61560;;;
Trapa natans,waterchestnut,Enhanced,Yes,Plants,Eukaryota,Plantae,Spermatophyta,,Myrtales,Lythraceae,,,Freshwater|Lakes; Freshwater|Ponds; Freshwater|Reservoirs; Freshwater|Rivers / streams,,,,,,,,https://doi.org/10.1079/cabicompendium.55040;
Trichopodus trichopterus,three spot gourami,Enhanced,No,Metazoa,Eukaryota,Metazoa,Chordata,Osteichthyes,Perciformes,Osphronemidae,,,Freshwater|Lakes; Freshwater|Ponds; Freshwater|Reservoirs; Freshwater|Rivers / streams,,,,,,,,https://doi.org/10.1079/cabicompendium.121020;
Typha angustifolia,lesser bulrush,Enhanced,Yes,Plants,Eukaryota,Plantae,Spermatophyta,Monocotyledonae,Poales,Typhaceae,,,Freshwater|Lakes; Freshwater|Ponds; Freshwater|Reservoirs; Freshwater|Rivers / streams,,,,,,,,https://doi.org/10.1079/cabicompendium.54294;
Typha domingensis,southern cattail,Enhanced,No,Plants,Eukaryota,Plantae,Spermatophyta,Monocotyledonae,Poales,Typhaceae,,,Freshwater|Lakes; Freshwater|Ponds; Freshwater|Reservoirs; Freshwater|Rivers / streams,,,,,,,,https://doi.org/10.1079/cabicompendium.54296;
Typha latifolia,broadleaf cattail,Enhanced,Yes,Plants,Eukaryota,Plantae,Spermatophyta,Monocotyledonae,Poales,Typhaceae,,,Freshwater|Lakes; Freshwater|Ponds; Freshwater|Reservoirs; Freshwater|Rivers / streams,,,,,,,,https://doi.org/10.1079/cabicompendium.54297;
Typha x glauca,hybrid cattail,Enhanced,No,Plants,Eukaryota,Plantae,Spermatophyta,Monocotyledonae,Poales,Typhaceae,,,Freshwater|Lakes; Freshwater|Ponds; Freshwater|Reservoirs,,,,,,,,https://doi.org/10.1079/cabicompendium.107745;;
Umbra pygmaea,eastern mudminnow,Enhanced,No,Metazoa,Eukaryota,Metazoa,Chordata,Osteichthyes,Salmoniformes,Umbridae,,,Freshwater|Ponds; Freshwater|Rivers / streams,,,,,,,,https://doi.org/10.1079/cabicompendium.59964;;;
Urochloa arrecta,African signalgrass,Enhanced,Yes,Plants,Eukaryota,Plantae,Spermatophyta,Monocotyledonae,Poales,Poaceae,,,Freshwater|Lakes; Freshwater|Ponds; Freshwater|Reservoirs; Freshwater|Rivers / streams,,,,,,,,https://doi.org/10.1079/cabicompendium.120141;
Urochloa distachya,signal grass,Enhanced,Yes,Plants,Eukaryota,Plantae,Spermatophyta,Monocotyledonae,Poales,Poaceae,,,Freshwater|Rivers / streams,,,,,,,,https://doi.org/10.1079/cabicompendium.9664;;;;
Urochloa mutica,para grass,Enhanced,Yes,Plants,Eukaryota,Plantae,Spermatophyta,Monocotyledonae,Poales,Poaceae,,,Freshwater|Lakes; Freshwater|Ponds; Freshwater|Rivers / streams,,,,,,,,https://doi.org/10.1079/cabicompendium.9667;;
Utricularia gibba,,Enhanced,No,Plants,Eukaryota,Plantae,Spermatophyta,,Lamiales,Lentibulariaceae,,,Freshwater|Lakes; Freshwater|Ponds; Freshwater|Reservoirs; Freshwater|Rivers / streams,,,,,,,,https://doi.org/10.1079/cabicompendium.117747;
Vallisneria spiralis,eelweed,Enhanced,No,Plants,Eukaryota,Plantae,Spermatophyta,Monocotyledonae,Alismatales,Hydrocharitaceae,,,Freshwater|Lakes; Freshwater|Ponds; Freshwater|Reservoirs; Freshwater|Rivers / streams,,,,,,,,https://doi.org/10.1079/cabicompendium.56573;
Varanus niloticus,Nile monitor,Enhanced,No,Metazoa,Eukaryota,Metazoa,Chordata,Reptilia,Sauria,Varanidae,,,Freshwater|Lakes; Freshwater|Ponds; Freshwater|Reservoirs; Freshwater|Rivers / streams,,,,,,,,https://doi.org/10.1079/cabicompendium.60306;
Xanthium strumarium,common cocklebur,Enhanced,Yes,Plants,Eukaryota,Plantae,Spermatophyta,,Asterales,Asteraceae,,,Freshwater|Lakes; Freshwater|Ponds; Freshwater|Reservoirs; Freshwater|Rivers / streams,,,,,,,,https://doi.org/10.1079/cabicompendium.56864;
Xenopus laevis,African clawed frog,Enhanced,No,Metazoa,Eukaryota,Metazoa,Chordata,Amphibia,Anura,Pipidae,,,Freshwater|Lakes; Freshwater|Rivers / streams,,,,,,,,https://doi.org/10.1079/cabicompendium.59708;;;
Xiphophorus hellerii,,Enhanced,No,Metazoa,Eukaryota,Metazoa,Chordata,Osteichthyes,Cyprinodontiformes,Poeciliidae,,,Freshwater|Lakes; Freshwater|Ponds; Freshwater|Reservoirs; Freshwater|Rivers / streams,,,,,,,,https://doi.org/10.1079/cabicompendium.59751;
Xiphophorus maculatus,southern platyfish,Enhanced,No,Metazoa,Eukaryota,Metazoa,Chordata,Osteichthyes,Cyprinodontiformes,Poeciliidae,,,Freshwater|Lakes; Freshwater|Ponds; Freshwater|Reservoirs; Freshwater|Rivers / streams,,,,,,,,https://doi.org/10.1079/cabicompendium.59752;
beak and feather disease virus,beak and feather disease virus,Enhanced,No,Virus,Virus,,,,,Circoviridae,,,Freshwater|Lakes; Freshwater|Ponds; Freshwater|Springs,,,,,,,,https://doi.org/10.1079/cabicompendium.96413;;
