Taxon;fre;fbr;brm;fbm;fma;Ref
Acipenser baerii;0;1;0;0;0;
Acipenser gueldenstaedtii;0;0;0;1;0;
Acipenser naccarii;0;0;0;1;0;
Acipenser nudiventris;0;0;0;1;0;
Acipenser ruthenus;0;1;0;0;0;
Acipenser stellatus;0;0;0;1;0;
Acipenser sturio;0;0;0;1;0;
Huso huso;0;0;0;1;0;
Anguilla anguilla;0;0;0;1;0;
Atherina boyeri;0;0;0;1;0;
Alosa agone;1;0;0;0;0;
Alosa alosa;0;0;0;1;0;
Alosa caspia;0;0;0;1;0;
Alosa fallax;1;0;0;0;0;
Alosa immaculata;0;0;0;1;0;
Alosa maeotica;0;0;0;1;0;
Alosa tanaica;0;0;0;1;0;
Clupeonella cultriventris;0;0;0;1;0;
Cobitis calderoni;1;0;0;0;0;
Cobitis elongata;1;0;0;0;0;
Cobitis elongatoides;1;0;0;0;0;
Cobitis paludica;1;0;0;0;0;
Cobitis taenia;1;0;0;0;0;
Misgurnus anguillicaudatus;1;0;0;0;0;
Misgurnus fossilis;1;0;0;0;0;
Sabanejewia aurata;1;0;0;0;0;
Sabanejewia balcanica;1;0;0;0;0;
Sabanejewia bulgarica;1;0;0;0;0;
Abramis brama;0;1;0;0;0;
Achondrostoma arcasii;1;0;0;0;0;
Alburnoides bipunctatus;0;1;0;0;0;
Alburnus alburnus;0;1;0;0;0;
Alburnus chalcoides;0;1;0;0;0;
Anaecypris hispanica;1;0;0;0;0;
Aspius aspius;0;1;0;0;0;
Ballerus ballerus;0;1;0;0;0;
Ballerus sapa;0;1;0;0;0;
Barbus balcanicus;1;0;0;0;0;
Barbus barbus;1;0;0;0;0;
Barbus carparthicus;1;0;0;0;0;
Barbus haasi;1;0;0;0;0;
Barbus meridionalis;1;0;0;0;0;
Barbus peloponnesius;1;0;0;0;0;
Barbus plebejus;1;0;0;0;0;
Blicca bjoerkna;1;0;0;0;0;
Carassius auratus;1;0;0;0;0;
Carassius carassius;1;0;0;0;0;
Carassius gibelio;0;1;0;0;0;
Chondrostoma nasus;1;0;0;0;0;
Chondrostoma soetta;1;0;0;0;0;
Ctenopharyngodon idella;1;0;0;0;0;
Cyprinus carpio;0;1;0;0;0;
Gobio gobio;0;1;0;0;0;
Hypophthalmichthys molitrix;0;1;0;0;0;
Hypophthalmichthys nobilis;1;0;0;0;0;
Iberochondrostoma lemmingii;1;0;0;0;0;
Iberocypris palaciosi;1;0;0;0;0;
Leucaspius delineatus;0;1;0;0;0;
Leuciscus idus;0;1;0;0;0;
Leuciscus leuciscus;0;1;0;0;0;
Luciobarbus bocagei;1;0;0;0;0;
Luciobarbus comizo;1;0;0;0;0;
Luciobarbus graellsii;1;0;0;0;0;
Luciobarbus guiraonis;1;0;0;0;0;
Luciobarbus microcephalus;1;0;0;0;0;
Luciobarbus sclateri;1;0;0;0;0;
Pachychilon pictum;1;0;0;0;0;
Parachondrostoma arrigonis;1;0;0;0;0;
Parachondrostoma toxostoma;1;0;0;0;0;
Parachondrostoma turiense;1;0;0;0;0;
Pelecus cultratus;0;1;0;0;0;
Petroleuciscus borysthenicus;1;0;0;0;0;
Phoxinus phoxinus;0;1;0;0;0;
Pimephales promelas;1;0;0;0;0;
Protochondrostoma genei;1;0;0;0;0;
Pseudochondrostoma polylepis;1;0;0;0;0;
Pseudochondrostoma willkommii;1;0;0;0;0;
Pseudorasbora parva;1;0;0;0;0;
Rhodeus amarus;1;0;0;0;0;
Romanogobio albipinnatus;1;0;0;0;0;
Romanogobio kesslerii;1;0;0;0;0;
Romanogobio uranoscopus;1;0;0;0;0;
Rutilus aula;1;0;0;0;0;
Rutilus meidingeri;1;0;0;0;0;
Rutilus pigus;1;0;0;0;0;
Rutilus rubilio;1;0;0;0;0;
Rutilus rutilus;0;1;0;0;0;
Scardinius erythrophthalmus;0;1;0;0;0;
Sparus aurata;0;0;0;1;0;
Squalius carolitertii;1;0;0;0;0;
Squalius cephalus;0;1;0;0;0;
Squalius pyrenaicus;1;0;0;0;0;
Telestes souffia;1;0;0;0;0;
Tinca tinca;0;1;0;0;0;
Vimba vimba;0;1;0;0;0;
Barbatula barbatula;1;0;0;0;0;
Aphanius fasciatus;0;0;0;1;0;
Aphanius iberus;0;1;0;0;0;
Fundulus heteroclitus;0;0;0;1;0;
Gambusia affinis;0;1;0;0;0;
Gambusia holbrooki;0;1;0;0;0;
Poecilia reticulata;0;1;0;0;0;
Poecilia sphenops;0;1;0;0;0;
Xiphophorus hellerii;0;1;0;0;0;
Valencia hispanica;0;1;0;0;0;
Esox lucius;0;1;0;0;0;
Umbra krameri;1;0;0;0;0;
Umbra pygmaea;1;0;0;0;0;
Lota lota;0;1;0;0;0;
Gasterosteus aculeatus;0;0;0;1;0;
Pungitius platygaster;0;0;0;1;0;
Pungitius pungitius;0;0;0;1;0;
Salaria fluviatilis;1;0;0;0;0;
Salaria pavo;0;0;0;1;0;
Ambloplites rupestris;1;0;0;0;0;
Lepomis gibbosus;1;0;0;0;0;
Micropterus dolomieui;1;0;0;0;0;
Micropterus salmoides;1;0;0;0;0;
Australoheros facetus;1;0;0;0;0;
Herotilapia multispinosa;1;0;0;0;0;
Benthophiloides brauneri;0;1;0;0;0;
Benthophilus stellatus;0;1;0;0;0;
Knipowitschia caucasica;0;0;0;1;0;
Knipowitschia panizzae;0;1;0;0;0;
Neogobius cephalargoides;0;0;0;1;0;
Neogobius eurycephalus;0;1;0;0;0;
Neogobius fluviatilis;0;1;0;0;0;
Neogobius gymnotrachelus;0;1;0;0;0;
Neogobius kessleri;0;1;0;0;0;
Neogobius melanostomus;0;0;0;1;0;
Padogobius bonelli;1;0;0;0;0;
Pomatoschistus canestrinii;0;1;0;0;0;
Pomatoschistus microps;0;0;0;1;0;
Proterorhinus semilunaris;0;0;0;1;0;
Dicentrarchus labrax;0;1;0;0;0;
Morone saxatilis;0;0;0;1;0;
Chelon labrosus;0;0;0;1;0;
Liza ramada;0;0;0;1;0;
Mugil cephalus;0;0;0;0;1;
Perccottus glenii;0;1;0;0;0;
Osmerus eperlanus;0;0;0;1;0;
Gymnocephalus baloni;1;0;0;0;0;
Gymnocephalus cernua;0;1;0;0;0;
Gymnocephalus schraetser;1;0;0;0;0;
Perca fluviatilis;0;1;0;0;0;
Percarina demidoffii;0;1;0;0;0;
Romanichthys valsanicola;1;0;0;0;0;
Sander lucioperca;0;1;0;0;0;
Sander volgensis;0;1;0;0;0;
Zingel asper;1;0;0;0;0;
Zingel streber;1;0;0;0;0;
Zingel zingel;1;0;0;0;0;
Eudontomyzon danfordi;1;0;0;0;0;
Eudontomyzon mariae;1;0;0;0;0;
Eudontomyzon vladykovi;1;0;0;0;0;
Lampetra fluviatilis;0;0;0;1;0;
Lampetra planeri;1;0;0;0;0;
Lethenteron zanandreai;1;0;0;0;0;
Petromyzon marinus;0;0;0;1;0;
Platichthys flesus;0;0;0;1;0;
Coregonus albula;0;0;0;1;0;
Coregonus arenicolus;1;0;0;0;0;
Coregonus bavaricus;1;0;0;0;0;
Coregonus hoferi;1;0;0;0;0;
Coregonus lavaretus;0;0;0;1;0;
Coregonus lucinensis;1;0;0;0;0;
Coregonus macrophthalmus;1;0;0;0;0;
Coregonus maraena;1;0;0;0;0;
Coregonus oxyrinchus;0;0;0;1;0;
Coregonus peled;0;0;0;1;0;
Coregonus renke;1;0;0;0;0;
Coregonus wartmanni;1;0;0;0;0;
Coregonus widegreni;1;0;0;0;0;
Squalius alburnoides;1;0;0;0;0;
Hucho hucho;1;0;0;0;0;
Oncorhynchus kisutch;0;0;0;1;0;
Oncorhynchus mykiss;0;0;0;1;0;
Salmo labrax;0;0;0;1;0;
Salmo marmoratus;1;0;0;0;0;
Salmo salar;0;0;0;1;0;
Salmo trutta fario;0;0;0;1;0;
Salmo trutta lacustris;1;0;0;0;0;
Salmo trutta trutta;0;0;0;1;0;
Salvelinus alpinus;0;0;0;1;0;
Salvelinus fontinalis;0;0;0;1;0;
Salvelinus namaycush;1;0;0;0;0;
Salvelinus umbla;1;0;0;0;0;
Thymallus thymallus;0;1;0;0;0;
Cottus gobio;0;1;0;0;0;
Cottus poecilopus;0;1;0;0;0;
Ameiurus melas;1;0;0;0;0;
Ameiurus nebulosus;0;1;0;0;0;
Ictalurus punctatus;1;0;0;0;0;
Silurus glanis;0;1;0;0;0;
Syngnathus abaster;0;0;0;1;0;
