<?xml version="1.0" encoding="utf-8"?>
<eml:eml xmlns:eml="https://eml.ecoinformatics.org/eml-2.2.0" xmlns:xsi="http://www.w3.org/2001/XMLSchema-instance"
         xsi:schemaLocation="https://eml.ecoinformatics.org/eml-2.2.0 https://rs.gbif.org/schema/eml-gbif-profile/1.3/eml.xsd"
packageId="07afc988-ad0b-4664-890e-96ac643ffbc7"  system="http://gbif.org" scope="system"
xml:lang="en">
    <dataset>
        <alternateIdentifier>10.15468/xv6sv3</alternateIdentifier>
        <alternateIdentifier>https://sernecportal.org/portal/collections/misc/collprofiles.php?collid=194</alternateIdentifier>
        <title>William &amp; Mary Herbarium</title>
        <creator>
            <organizationName>SERNEC</organizationName>
            <electronicMailAddress>hbrown@mailbox.sc.edu</electronicMailAddress>
            <onlineUrl>https://sernecportal.org/portal/index.php</onlineUrl>
        </creator>
        <metadataProvider>
            <organizationName>SERNEC</organizationName>
            <electronicMailAddress>hbrown@mailbox.sc.edu</electronicMailAddress>
            <onlineUrl>https://sernecportal.org/portal/index.php</onlineUrl>
        </metadataProvider>
        <associatedParty>
            <individualName>
                <surName>Beth Chambers, Curator</surName>
            </individualName>
            <electronicMailAddress>bhcham@wm.edu</electronicMailAddress>
            <role>CONTENT_PROVIDER</role>
        </associatedParty>
        <pubDate>
                2025-06-03
        </pubDate>
        <language>ENGLISH</language>
        <abstract>
            <para>The herbarium of the College of William &amp;amp; Mary (WILLI) was formally organized in 1969, and has since grown to over 80,000 accessioned specimens representing most of our regional vascular plant species. About one half of our collection has been generated by faculty and student research which includes the production of 29 floras and a diversity of other projects. The remainder of the collection has been generated by exchanges with other herbaria, and gifts from individuals and agencies such as the Virginia Natural Heritage. Our focus is on the southeast U.S., with special emphasis on Virginia&amp;#39;s Coastal Plain Physiographic Province.</para>
        </abstract>
        <intellectualRights>
            <para>This work is licensed under a <ulink url="http://creativecommons.org/licenses/by-nc/4.0/legalcode"><citetitle>Creative Commons Attribution Non Commercial (CC-BY-NC) 4.0 License</citetitle></ulink>.</para>
        </intellectualRights>
        <licensed>
            <licenseName>Creative Commons Attribution Non Commercial 4.0 International</licenseName>
            <url>https://spdx.org/licenses/CC-BY-NC-4.0.html</url>
            <identifier>CC-BY-NC-4.0</identifier>
        </licensed>
        <distribution scope="document">
            <online>
                <url function="download">https://sernecportal.org/portal/content/dwca/WILLI_DwC-A.zip</url>
            </online>
        </distribution>
        <contact>
            <organizationName>William &amp; Mary Herbarium</organizationName>
            <phone>757-221-2213</phone>
            <electronicMailAddress>bhcham@wm.edu</electronicMailAddress>
            <onlineUrl>http://www.wm.edu/as/biology/about/facilities/herbarium/</onlineUrl>
        </contact>

    </dataset>

    <additionalMetadata>
        <metadata>
            <gbif>
                <dateStamp>2025-07-16T11:43:21Z</dateStamp>
                <citation>William &amp; Mary Herbarium (2025). William &amp; Mary Herbarium. Occurrence dataset https://doi.org/10.15468/xv6sv3 accessed via GBIF.org on 2025-07-16.</citation>
            </gbif>
        </metadata>
    </additionalMetadata>
    </eml:eml>
