<?xml version="1.0" encoding="utf-8"?>
<eml:eml xmlns:eml="https://eml.ecoinformatics.org/eml-2.2.0" xmlns:xsi="http://www.w3.org/2001/XMLSchema-instance"
         xsi:schemaLocation="https://eml.ecoinformatics.org/eml-2.2.0 https://rs.gbif.org/schema/eml-gbif-profile/1.3/eml.xsd"
packageId="13dacd48-5790-4b99-bf04-08b23922e8aa"  system="http://gbif.org" scope="system"
xml:lang="en">
    <dataset>
        <alternateIdentifier>10.15468/jn7fkc</alternateIdentifier>
        <alternateIdentifier>https://midwestherbaria.org/portal/collections/misc/collprofiles.php?collid=198</alternateIdentifier>
        <title>Wisconsin State Herbarium, Vascular Plants</title>
        <creator>
            <organizationName>Consortium of Midwest Herbaria</organizationName>
            <electronicMailAddress>seinetAdmin@asu.edu</electronicMailAddress>
            <onlineUrl>https://midwestherbaria.org/portal/index.php</onlineUrl>
        </creator>
        <metadataProvider>
            <organizationName>Consortium of Midwest Herbaria</organizationName>
            <electronicMailAddress>seinetAdmin@asu.edu</electronicMailAddress>
            <onlineUrl>https://midwestherbaria.org/portal/index.php</onlineUrl>
        </metadataProvider>
        <associatedParty>
            <individualName>
                <surName>Kenneth M. Cameron</surName>
            </individualName>
            <electronicMailAddress>kmcameron@wisc.edu</electronicMailAddress>
            <role>CONTENT_PROVIDER</role>
        </associatedParty>
        <pubDate>
                2025-06-03
        </pubDate>
        <language>ENGLISH</language>
        <abstract>
            <para>The Wisconsin State Herbarium (WIS), formerly known as the University of Wisconsin-Madison Herbarium, was founded in 1849, and is a scientific collection of pressed, dried, labeled, and classified plants and fungi. It also preserves notes, illustrations, and other material about plants, and it maintains its own valuable Herbarium Library. The collection of more than 1.2 million specimens is of regional, national, and international importance. Approximately one-fourth of its vascular plant specimens are from Wisconsin, all of which have been databased and are searchable online. In addition, most of the world&amp;#39;s floras are well represented, and the holdings from certain areas such as the Upper Midwest, eastern North America, western Mexico, and the Arctic (primarily lichens) are widely recognized as resources of global significance. The herbarium occupies two floors of the east wing of historic Birge Hall at the top of Bascom Hill on the UW-Madison campus. In addition to its specimen holdings, visitors to WIS have access to high-quality microscopes, an extensive library of books, reprints and maps, computer workstations, and internet connections for personal computers. WIS serves as the state of Wisconsin&amp;#39;s official repository of plant specimen vouchers, and is actively engaged in educating students and sharing our passion for plants with the public. The faculty, staff, and students associated with the herbarium are engaged in a variety of local, regional, national, and international efforts to document, showcase, and protect plant diversity.</para>
        </abstract>
        <intellectualRights>
            <para>This work is licensed under a <ulink url="http://creativecommons.org/licenses/by-nc/4.0/legalcode"><citetitle>Creative Commons Attribution Non Commercial (CC-BY-NC) 4.0 License</citetitle></ulink>.</para>
        </intellectualRights>
        <licensed>
            <licenseName>Creative Commons Attribution Non Commercial 4.0 International</licenseName>
            <url>https://spdx.org/licenses/CC-BY-NC-4.0.html</url>
            <identifier>CC-BY-NC-4.0</identifier>
        </licensed>
        <distribution scope="document">
            <online>
                <url function="download">https://midwestherbaria.org/portal/content/dwca/WIS_DwC-A.zip</url>
            </online>
        </distribution>
        <contact>
            <organizationName>Wisconsin State Herbarium, Vascular Plants</organizationName>
            <phone>608-262-2792</phone>
            <electronicMailAddress>kmcameron@wisc.edu</electronicMailAddress>
            <onlineUrl>http://herbarium.wisc.edu</onlineUrl>
        </contact>

    </dataset>

    <additionalMetadata>
        <metadata>
            <gbif>
                <dateStamp>2025-07-16T11:43:17Z</dateStamp>
                <citation>University of Wisconsin - Madison (2025). Wisconsin State Herbarium, Vascular Plants. Occurrence dataset https://doi.org/10.15468/jn7fkc accessed via GBIF.org on 2025-07-16.</citation>
            </gbif>
        </metadata>
    </additionalMetadata>
    </eml:eml>
