<?xml version="1.0" encoding="utf-8"?>
<eml:eml xmlns:eml="https://eml.ecoinformatics.org/eml-2.2.0" xmlns:xsi="http://www.w3.org/2001/XMLSchema-instance"
         xsi:schemaLocation="https://eml.ecoinformatics.org/eml-2.2.0 https://rs.gbif.org/schema/eml-gbif-profile/1.3/eml.xsd"
packageId="148a0e3f-1378-4aa5-8423-0ecdac6a5af8"  system="http://gbif.org" scope="system"
xml:lang="en">
    <dataset>
        <alternateIdentifier>10.15468/xfdj42</alternateIdentifier>
        <shortName>CBN de Bailleul - Digitale2 - Flore - Région des Hauts-de-France</shortName>
        <title>DIGITALE - Observations flore et habitat centralisées par le CBN de Bailleul-Données d&apos;occurrence taxon (Plantes vasculaires, Bryophytes et Algues) de la région des Hauts-de-France mises au format standard OccTax v3.1 par le CBN de Bailleul en mai 2023 (Données issues de Digitale2 : digitale.cbnbl.org)</title>
        <creator>
            <individualName>
                <surName>Inventaire National du Patrimoine Naturel</surName>
            </individualName>
            <organizationName>PatriNat</organizationName>
            <positionName>n/a</positionName>
        </creator>
        <metadataProvider>
            <individualName>
                <surName>Inventaire National du Patrimoine Naturel</surName>
            </individualName>
            <organizationName>PatriNat</organizationName>
            <positionName>n/a</positionName>
        </metadataProvider>
        <associatedParty>
            <individualName>
                <surName>GBIF France</surName>
            </individualName>
            <organizationName>GBIF France</organizationName>
            <positionName>IT support</positionName>
            <address>
                <deliveryPoint>GBIF France - MNHN Géologie CP48, 43 rue Buffon</deliveryPoint>
                <city>Paris</city>
                <administrativeArea>Île-de-France</administrativeArea>
                <postalCode>75005</postalCode>
                <country>FRANCE</country>
            </address>
            <phone>+33140798065</phone>
            <electronicMailAddress>connexion@gbif.fr</electronicMailAddress>
            <role>DISTRIBUTOR</role>
        </associatedParty>
        <pubDate>
                2023-06-12
        </pubDate>
        <language>FRENCH</language>
        <abstract>
            Occurrence de taxon (Plantes vasculaires, Bryophytes et Algues (au sens large, incl. Cyanobactéries), de la région des Hauts-France (Départements : 02, 59, 60, 62 et 80), toutes dates et toutes sources confondues.
Ont été exclues : 
- les observations de plantes strictement cultivées pour le territoire concerné (Région Hauts-de-France) ; 
- les observations à &amp;#34;Statut de spontanéité de la population&amp;#34; égale à &amp;#34;Plantée&amp;#34; ou &amp;#34;Cultivée/élevée&amp;#34; ;
- les observations des documents/lots de données non diffusables (car observations non encore vérifiées) ; 
- les observations de taxon sans correspondance vers TAXREF ;
- les observations sans date d&amp;#39;observations.

Précisions concernant la conversion : 
- Le référentiel des communes utilisé par le CBN de Bailleul a été actualisé en 2022. Certaines communes ont été fusionnées par rapport aux versions antérieures. Attention, toutes les communes de notre territoire sont associées à au moins une observation.
- Les données de l&amp;#39;ancienne commune de Gernicourt (02344) n&amp;#39;ont pas été traitées : ce territoire ne fait plus partie de la région des Hauts-de-France car il a fusionné dans une nouvelle commune appartement à la région Grand Est – département de la Marne : Cormicy (51171). 
- Pour les acteurs, seuls les rôles &amp;#34;Observateurs&amp;#34;, &amp;#34;Déterminateur&amp;#34; &amp;#34;Rédacteur&amp;#34; et &amp;#34;Validateur&amp;#34; ont été traité, le rôle &amp;#34;Rapporteur&amp;#34; n&amp;#39;a pas été traité, car notion non présente dans le standard SINP.
- Les données de &amp;#34;Regroupement&amp;#34; et &amp;#34;Habitat&amp;#34; n&amp;#39;ont pas été traités. Elles le seront dans une des futures mises à jour.

Observations validées au moins à l&amp;#39;échelle de la commune selon le protocole du CBN de Bailleul et avec les référentiels taxonomique de DIGITALE (https://digitale.cbnbl.org/digitale-rft/Consultation/TelechargerReferentielsLotMenu.do) et mises en correspondance vers TAXREF v15.
        </abstract>
        <keywordSet>
            <keyword>Département de l&apos;Oise</keyword>
            <keyword>Département de l&apos;Aisne</keyword>
            <keyword>Plantes vasculaires</keyword>
            <keyword>Flore</keyword>
            <keyword>Digitale2</keyword>
            <keyword>Région Hauts-de-France</keyword>
            <keyword>CBN de Bailleul</keyword>
            <keyword>Département du Pas de Calais</keyword>
            <keyword>Algues</keyword>
            <keyword>Département du Nord</keyword>
            <keyword>Bryophytes</keyword>
            <keyword>Département de la Somme</keyword>
        </keywordSet>
        <keywordSet>
            <keyword>Observations opportuniste sur un site</keyword>
            <keyword>Inventaire pour étude impact</keyword>
            <keyword>Inventaire de Zonages d&apos;intérêt</keyword>
            <keyword>Autres études et programmes</keyword>
            <keyword>Inventaire/Evaluation pour plans de gestion</keyword>
            <keyword>Surveillance communauté d&apos;espèces</keyword>
            <keyword>Numérisation de bibliographie habitat</keyword>
            <keyword>Inventaire de répartition</keyword>
            <keyword>Observations naturalistes opportunistes</keyword>
            <keyword>Surveillance temporelle espèces</keyword>
            <keyword>Numérisation de collections</keyword>
            <keyword>Inventaire pour étude d&apos;espèces ou de communautés</keyword>
            <keyword>Numérisation de bibliographie</keyword>
            <keyword>Inventaire type ABC</keyword>
            <keyword>Regroupement de données</keyword>
            <keywordThesaurus>Objectifs du jeu de données</keywordThesaurus>
        </keywordSet>
        <intellectualRights>
            <para>This work is licensed under a <ulink url="http://creativecommons.org/licenses/by/4.0/legalcode"><citetitle>Creative Commons Attribution (CC-BY) 4.0 License</citetitle></ulink>.</para>
        </intellectualRights>
        <licensed>
            <licenseName>Creative Commons Attribution 4.0 International</licenseName>
            <url>https://spdx.org/licenses/CC-BY-4.0.html</url>
            <identifier>CC-BY-4.0</identifier>
        </licensed>
        <distribution scope="document">
            <online>
                <url function="download">https://apt-inpn.gbif.fr/dataset/47d9922e-d36f-479c-8850-9697d9f975bd</url>
            </online>
        </distribution>
        <coverage>
            <geographicCoverage>
                <geographicDescription>La boundingBox est calculée à partir des données</geographicDescription>
                <boundingCoordinates>
                    <westBoundingCoordinate>1.37832</westBoundingCoordinate>
                    <eastBoundingCoordinate>4.26645</eastBoundingCoordinate>
                    <northBoundingCoordinate>51.11605</northBoundingCoordinate>
                    <southBoundingCoordinate>48.83721</southBoundingCoordinate>
                </boundingCoordinates>
            </geographicCoverage>
            <temporalCoverage>
                <rangeOfDates>
                    <beginDate>
                        <calendarDate>                1677-12-31
</calendarDate>
                    </beginDate>
                    <endDate>
                        <calendarDate>                2023-04-30
</calendarDate>
                    </endDate>
                </rangeOfDates>
            </temporalCoverage>
            <taxonomicCoverage>
                <taxonomicClassification>
                    <taxonRankName>Order</taxonRankName>
                    <taxonRankValue>Acorales</taxonRankValue>
                </taxonomicClassification>
                <taxonomicClassification>
                    <taxonRankName>Order</taxonRankName>
                    <taxonRankValue>Alismatales</taxonRankValue>
                </taxonomicClassification>
                <taxonomicClassification>
                    <taxonRankName>Order</taxonRankName>
                    <taxonRankValue>Andreaeales</taxonRankValue>
                </taxonomicClassification>
                <taxonomicClassification>
                    <taxonRankName>Order</taxonRankName>
                    <taxonRankValue>Anthocerotales</taxonRankValue>
                </taxonomicClassification>
                <taxonomicClassification>
                    <taxonRankName>Order</taxonRankName>
                    <taxonRankValue>Apiales</taxonRankValue>
                </taxonomicClassification>
                <taxonomicClassification>
                    <taxonRankName>Order</taxonRankName>
                    <taxonRankValue>Aquifoliales</taxonRankValue>
                </taxonomicClassification>
                <taxonomicClassification>
                    <taxonRankName>Order</taxonRankName>
                    <taxonRankValue>Asparagales</taxonRankValue>
                </taxonomicClassification>
                <taxonomicClassification>
                    <taxonRankName>Order</taxonRankName>
                    <taxonRankValue>Asterales</taxonRankValue>
                </taxonomicClassification>
                <taxonomicClassification>
                    <taxonRankName>Order</taxonRankName>
                    <taxonRankValue>Aulacomniales</taxonRankValue>
                </taxonomicClassification>
                <taxonomicClassification>
                    <taxonRankName>Order</taxonRankName>
                    <taxonRankValue>Bartramiales</taxonRankValue>
                </taxonomicClassification>
                <taxonomicClassification>
                    <taxonRankName>Order</taxonRankName>
                    <taxonRankValue>Blasiales</taxonRankValue>
                </taxonomicClassification>
                <taxonomicClassification>
                    <taxonRankName>Order</taxonRankName>
                    <taxonRankValue>Boraginales</taxonRankValue>
                </taxonomicClassification>
                <taxonomicClassification>
                    <taxonRankName>Order</taxonRankName>
                    <taxonRankValue>Brassicales</taxonRankValue>
                </taxonomicClassification>
                <taxonomicClassification>
                    <taxonRankName>Order</taxonRankName>
                    <taxonRankValue>Bryales</taxonRankValue>
                </taxonomicClassification>
                <taxonomicClassification>
                    <taxonRankName>Order</taxonRankName>
                    <taxonRankValue>Buxales</taxonRankValue>
                </taxonomicClassification>
                <taxonomicClassification>
                    <taxonRankName>Order</taxonRankName>
                    <taxonRankValue>Buxbaumiales</taxonRankValue>
                </taxonomicClassification>
                <taxonomicClassification>
                    <taxonRankName>Order</taxonRankName>
                    <taxonRankValue>Caryophyllales</taxonRankValue>
                </taxonomicClassification>
                <taxonomicClassification>
                    <taxonRankName>Order</taxonRankName>
                    <taxonRankValue>Celastrales</taxonRankValue>
                </taxonomicClassification>
                <taxonomicClassification>
                    <taxonRankName>Order</taxonRankName>
                    <taxonRankValue>Ceratophyllales</taxonRankValue>
                </taxonomicClassification>
                <taxonomicClassification>
                    <taxonRankName>Order</taxonRankName>
                    <taxonRankValue>Charales</taxonRankValue>
                </taxonomicClassification>
                <taxonomicClassification>
                    <taxonRankName>Order</taxonRankName>
                    <taxonRankValue>Commelinales</taxonRankValue>
                </taxonomicClassification>
                <taxonomicClassification>
                    <taxonRankName>Order</taxonRankName>
                    <taxonRankValue>Cornales</taxonRankValue>
                </taxonomicClassification>
                <taxonomicClassification>
                    <taxonRankName>Order</taxonRankName>
                    <taxonRankValue>Crossosomatales</taxonRankValue>
                </taxonomicClassification>
                <taxonomicClassification>
                    <taxonRankName>Order</taxonRankName>
                    <taxonRankValue>Cucurbitales</taxonRankValue>
                </taxonomicClassification>
                <taxonomicClassification>
                    <taxonRankName>Order</taxonRankName>
                    <taxonRankValue>Cupressales</taxonRankValue>
                </taxonomicClassification>
                <taxonomicClassification>
                    <taxonRankName>Order</taxonRankName>
                    <taxonRankValue>Dicranales</taxonRankValue>
                </taxonomicClassification>
                <taxonomicClassification>
                    <taxonRankName>Order</taxonRankName>
                    <taxonRankValue>Dioscoreales</taxonRankValue>
                </taxonomicClassification>
                <taxonomicClassification>
                    <taxonRankName>Order</taxonRankName>
                    <taxonRankValue>Diphysciales</taxonRankValue>
                </taxonomicClassification>
                <taxonomicClassification>
                    <taxonRankName>Order</taxonRankName>
                    <taxonRankValue>Dipsacales</taxonRankValue>
                </taxonomicClassification>
                <taxonomicClassification>
                    <taxonRankName>Order</taxonRankName>
                    <taxonRankValue>Encalyptales</taxonRankValue>
                </taxonomicClassification>
                <taxonomicClassification>
                    <taxonRankName>Order</taxonRankName>
                    <taxonRankValue>Equisetales</taxonRankValue>
                </taxonomicClassification>
                <taxonomicClassification>
                    <taxonRankName>Order</taxonRankName>
                    <taxonRankValue>Ericales</taxonRankValue>
                </taxonomicClassification>
                <taxonomicClassification>
                    <taxonRankName>Order</taxonRankName>
                    <taxonRankValue>Fabales</taxonRankValue>
                </taxonomicClassification>
                <taxonomicClassification>
                    <taxonRankName>Order</taxonRankName>
                    <taxonRankValue>Fagales</taxonRankValue>
                </taxonomicClassification>
                <taxonomicClassification>
                    <taxonRankName>Order</taxonRankName>
                    <taxonRankValue>Fossombroniales</taxonRankValue>
                </taxonomicClassification>
                <taxonomicClassification>
                    <taxonRankName>Order</taxonRankName>
                    <taxonRankValue>Funariales</taxonRankValue>
                </taxonomicClassification>
                <taxonomicClassification>
                    <taxonRankName>Order</taxonRankName>
                    <taxonRankValue>Garryales</taxonRankValue>
                </taxonomicClassification>
                <taxonomicClassification>
                    <taxonRankName>Order</taxonRankName>
                    <taxonRankValue>Gentianales</taxonRankValue>
                </taxonomicClassification>
                <taxonomicClassification>
                    <taxonRankName>Order</taxonRankName>
                    <taxonRankValue>Geraniales</taxonRankValue>
                </taxonomicClassification>
                <taxonomicClassification>
                    <taxonRankName>Order</taxonRankName>
                    <taxonRankValue>Grimmiales</taxonRankValue>
                </taxonomicClassification>
                <taxonomicClassification>
                    <taxonRankName>Order</taxonRankName>
                    <taxonRankValue>Hedwigiales</taxonRankValue>
                </taxonomicClassification>
                <taxonomicClassification>
                    <taxonRankName>Order</taxonRankName>
                    <taxonRankValue>Hookeriales</taxonRankValue>
                </taxonomicClassification>
                <taxonomicClassification>
                    <taxonRankName>Order</taxonRankName>
                    <taxonRankValue>Hypnales</taxonRankValue>
                </taxonomicClassification>
                <taxonomicClassification>
                    <taxonRankName>Order</taxonRankName>
                    <taxonRankValue>Jungermanniales</taxonRankValue>
                </taxonomicClassification>
                <taxonomicClassification>
                    <taxonRankName>Order</taxonRankName>
                    <taxonRankValue>Lamiales</taxonRankValue>
                </taxonomicClassification>
                <taxonomicClassification>
                    <taxonRankName>Order</taxonRankName>
                    <taxonRankValue>Laurales</taxonRankValue>
                </taxonomicClassification>
                <taxonomicClassification>
                    <taxonRankName>Order</taxonRankName>
                    <taxonRankValue>Liliales</taxonRankValue>
                </taxonomicClassification>
                <taxonomicClassification>
                    <taxonRankName>Order</taxonRankName>
                    <taxonRankValue>Lunulariales</taxonRankValue>
                </taxonomicClassification>
                <taxonomicClassification>
                    <taxonRankName>Order</taxonRankName>
                    <taxonRankValue>Lycopodiales</taxonRankValue>
                </taxonomicClassification>
                <taxonomicClassification>
                    <taxonRankName>Order</taxonRankName>
                    <taxonRankValue>Magnoliales</taxonRankValue>
                </taxonomicClassification>
                <taxonomicClassification>
                    <taxonRankName>Order</taxonRankName>
                    <taxonRankValue>Malpighiales</taxonRankValue>
                </taxonomicClassification>
                <taxonomicClassification>
                    <taxonRankName>Order</taxonRankName>
                    <taxonRankValue>Malvales</taxonRankValue>
                </taxonomicClassification>
                <taxonomicClassification>
                    <taxonRankName>Order</taxonRankName>
                    <taxonRankValue>Marchantiales</taxonRankValue>
                </taxonomicClassification>
                <taxonomicClassification>
                    <taxonRankName>Order</taxonRankName>
                    <taxonRankValue>Metzgeriales</taxonRankValue>
                </taxonomicClassification>
                <taxonomicClassification>
                    <taxonRankName>Order</taxonRankName>
                    <taxonRankValue>Myrtales</taxonRankValue>
                </taxonomicClassification>
                <taxonomicClassification>
                    <taxonRankName>Order</taxonRankName>
                    <taxonRankValue>Notothyladales</taxonRankValue>
                </taxonomicClassification>
                <taxonomicClassification>
                    <taxonRankName>Order</taxonRankName>
                    <taxonRankValue>Nymphaeales</taxonRankValue>
                </taxonomicClassification>
                <taxonomicClassification>
                    <taxonRankName>Order</taxonRankName>
                    <taxonRankValue>Ophioglossales</taxonRankValue>
                </taxonomicClassification>
                <taxonomicClassification>
                    <taxonRankName>Order</taxonRankName>
                    <taxonRankValue>Orthotrichales</taxonRankValue>
                </taxonomicClassification>
                <taxonomicClassification>
                    <taxonRankName>Order</taxonRankName>
                    <taxonRankValue>Osmundales</taxonRankValue>
                </taxonomicClassification>
                <taxonomicClassification>
                    <taxonRankName>Order</taxonRankName>
                    <taxonRankValue>Oxalidales</taxonRankValue>
                </taxonomicClassification>
                <taxonomicClassification>
                    <taxonRankName>Order</taxonRankName>
                    <taxonRankValue>Pelliales</taxonRankValue>
                </taxonomicClassification>
                <taxonomicClassification>
                    <taxonRankName>Order</taxonRankName>
                    <taxonRankValue>Pinales</taxonRankValue>
                </taxonomicClassification>
                <taxonomicClassification>
                    <taxonRankName>Order</taxonRankName>
                    <taxonRankValue>Piperales</taxonRankValue>
                </taxonomicClassification>
                <taxonomicClassification>
                    <taxonRankName>Order</taxonRankName>
                    <taxonRankValue>Poales</taxonRankValue>
                </taxonomicClassification>
                <taxonomicClassification>
                    <taxonRankName>Order</taxonRankName>
                    <taxonRankValue>Polypodiales</taxonRankValue>
                </taxonomicClassification>
                <taxonomicClassification>
                    <taxonRankName>Order</taxonRankName>
                    <taxonRankValue>Polytrichales</taxonRankValue>
                </taxonomicClassification>
                <taxonomicClassification>
                    <taxonRankName>Order</taxonRankName>
                    <taxonRankValue>Porellales</taxonRankValue>
                </taxonomicClassification>
                <taxonomicClassification>
                    <taxonRankName>Order</taxonRankName>
                    <taxonRankValue>Proteales</taxonRankValue>
                </taxonomicClassification>
                <taxonomicClassification>
                    <taxonRankName>Order</taxonRankName>
                    <taxonRankValue>Ptilidiales</taxonRankValue>
                </taxonomicClassification>
                <taxonomicClassification>
                    <taxonRankName>Order</taxonRankName>
                    <taxonRankValue>Ranunculales</taxonRankValue>
                </taxonomicClassification>
                <taxonomicClassification>
                    <taxonRankName>Order</taxonRankName>
                    <taxonRankValue>Rhizogoniales</taxonRankValue>
                </taxonomicClassification>
                <taxonomicClassification>
                    <taxonRankName>Order</taxonRankName>
                    <taxonRankValue>Rosales</taxonRankValue>
                </taxonomicClassification>
                <taxonomicClassification>
                    <taxonRankName>Order</taxonRankName>
                    <taxonRankValue>Salviniales</taxonRankValue>
                </taxonomicClassification>
                <taxonomicClassification>
                    <taxonRankName>Order</taxonRankName>
                    <taxonRankValue>Santalales</taxonRankValue>
                </taxonomicClassification>
                <taxonomicClassification>
                    <taxonRankName>Order</taxonRankName>
                    <taxonRankValue>Sapindales</taxonRankValue>
                </taxonomicClassification>
                <taxonomicClassification>
                    <taxonRankName>Order</taxonRankName>
                    <taxonRankValue>Saxifragales</taxonRankValue>
                </taxonomicClassification>
                <taxonomicClassification>
                    <taxonRankName>Order</taxonRankName>
                    <taxonRankValue>Solanales</taxonRankValue>
                </taxonomicClassification>
                <taxonomicClassification>
                    <taxonRankName>Order</taxonRankName>
                    <taxonRankValue>Sphaerocarpales</taxonRankValue>
                </taxonomicClassification>
                <taxonomicClassification>
                    <taxonRankName>Order</taxonRankName>
                    <taxonRankValue>Sphagnales</taxonRankValue>
                </taxonomicClassification>
                <taxonomicClassification>
                    <taxonRankName>Order</taxonRankName>
                    <taxonRankValue>Splachnales</taxonRankValue>
                </taxonomicClassification>
                <taxonomicClassification>
                    <taxonRankName>Order</taxonRankName>
                    <taxonRankValue>Tetraphidales</taxonRankValue>
                </taxonomicClassification>
                <taxonomicClassification>
                    <taxonRankName>Order</taxonRankName>
                    <taxonRankValue>Vitales</taxonRankValue>
                </taxonomicClassification>
            </taxonomicCoverage>
        </coverage>
        <contact>
            <individualName>
                <surName>DESSE</surName>
            </individualName>
            <organizationName>CONSERVATOIRE BOTANIQUE NATIONAL DE BAILLEUL</organizationName>
            <positionName>n/a</positionName>
        </contact>
        <contact>
            <individualName>
                <surName>DESSE</surName>
            </individualName>
            <organizationName>CONSERVATOIRE BOTANIQUE NATIONAL DE BAILLEUL</organizationName>
            <positionName>n/a</positionName>
        </contact>
        <contact>
            <individualName>
                <surName>DESSE</surName>
            </individualName>
            <organizationName>CONSERVATOIRE BOTANIQUE NATIONAL DE BAILLEUL</organizationName>
            <positionName>n/a</positionName>
        </contact>
        <contact>
            <individualName>
                <surName>DESSE</surName>
            </individualName>
            <organizationName>CONSERVATOIRE BOTANIQUE NATIONAL DE BAILLEUL</organizationName>
            <positionName>n/a</positionName>
        </contact>

            <project >
                <title>DIGITALE - Observations flore et habitat centralisées par le CBN de Bailleul</title>
                <personnel>
                    <individualName>
                    <surName>DESSE Alexis</surName>
                    </individualName>
                    <organizationName>CONSERVATOIRE BOTANIQUE NATIONAL DE BAILLEUL</organizationName>
                    <positionName>n/a</positionName>
                    <role>ADMINISTRATIVE_POINT_OF_CONTACT</role>
                </personnel>
                <personnel>
                    <individualName>
                    <surName>DESSE Alexis</surName>
                    </individualName>
                    <organizationName>CONSERVATOIRE BOTANIQUE NATIONAL DE BAILLEUL</organizationName>
                    <positionName>n/a</positionName>
                    <role>ADMINISTRATIVE_POINT_OF_CONTACT</role>
                </personnel>
                <personnel>
                    <individualName>
                    <surName>DESSE Alexis</surName>
                    </individualName>
                    <organizationName>CONSERVATOIRE BOTANIQUE NATIONAL DE BAILLEUL</organizationName>
                    <positionName>n/a</positionName>
                    <role>ADMINISTRATIVE_POINT_OF_CONTACT</role>
                </personnel>
                <personnel>
                    <individualName>
                    <surName>MAISON DE L&apos;ESTUAIRE</surName>
                    </individualName>
                    <organizationName>MAISON DE L&apos;ESTUAIRE</organizationName>
                    <positionName>n/a</positionName>
                    <role>ADMINISTRATIVE_POINT_OF_CONTACT</role>
                </personnel>
                <personnel>
                    <individualName>
                    <surName>DIRECTION REGIONALE DE L&apos;ENVIRONNEMENT DE L&apos;AMENAGEMENT ET DU LOGEMENT HAUTS-DE-FRANCE</surName>
                    </individualName>
                    <organizationName>DIRECTION REGIONALE DE L&apos;ENVIRONNEMENT DE L&apos;AMENAGEMENT ET DU LOGEMENT HAUTS-DE-FRANCE</organizationName>
                    <positionName>n/a</positionName>
                    <role>ADMINISTRATIVE_POINT_OF_CONTACT</role>
                </personnel>
                <personnel>
                    <individualName>
                    <surName>EUROPE (FEDER)</surName>
                    </individualName>
                    <organizationName>EUROPE (FEDER)</organizationName>
                    <positionName>n/a</positionName>
                    <role>ADMINISTRATIVE_POINT_OF_CONTACT</role>
                </personnel>
                <personnel>
                    <individualName>
                    <surName>UNION EUROPEENNE</surName>
                    </individualName>
                    <organizationName>UNION EUROPEENNE</organizationName>
                    <positionName>n/a</positionName>
                    <role>ADMINISTRATIVE_POINT_OF_CONTACT</role>
                </personnel>
                <personnel>
                    <individualName>
                    <surName>Commune de Bailleul</surName>
                    </individualName>
                    <organizationName>Commune de Bailleul</organizationName>
                    <positionName>n/a</positionName>
                    <role>ADMINISTRATIVE_POINT_OF_CONTACT</role>
                </personnel>
                <personnel>
                    <individualName>
                    <surName>METROPLE EUROPEENE DE LILLE</surName>
                    </individualName>
                    <organizationName>METROPLE EUROPEENE DE LILLE</organizationName>
                    <positionName>n/a</positionName>
                    <role>ADMINISTRATIVE_POINT_OF_CONTACT</role>
                </personnel>
                <personnel>
                    <individualName>
                    <surName>COMMUNAUTE DE COMMUNES DE FLANDRE INTERIEURE</surName>
                    </individualName>
                    <organizationName>COMMUNAUTE DE COMMUNES DE FLANDRE INTERIEURE</organizationName>
                    <positionName>n/a</positionName>
                    <role>ADMINISTRATIVE_POINT_OF_CONTACT</role>
                </personnel>
                <personnel>
                    <individualName>
                    <surName>PREFECTURE DE LA REGION NORMANDIE</surName>
                    </individualName>
                    <organizationName>PREFECTURE DE LA REGION NORMANDIE</organizationName>
                    <positionName>n/a</positionName>
                    <role>ADMINISTRATIVE_POINT_OF_CONTACT</role>
                </personnel>
                <personnel>
                    <individualName>
                    <surName>DEPARTEMENT DE LA SOMME</surName>
                    </individualName>
                    <organizationName>DEPARTEMENT DE LA SOMME</organizationName>
                    <positionName>n/a</positionName>
                    <role>ADMINISTRATIVE_POINT_OF_CONTACT</role>
                </personnel>
                <personnel>
                    <individualName>
                    <surName>OFFICE NATIONAL DES FORETS</surName>
                    </individualName>
                    <organizationName>OFFICE NATIONAL DES FORETS</organizationName>
                    <positionName>n/a</positionName>
                    <role>ADMINISTRATIVE_POINT_OF_CONTACT</role>
                </personnel>
                <personnel>
                    <individualName>
                    <surName>AGGLOMERATION DU HAVRE</surName>
                    </individualName>
                    <organizationName>AGGLOMERATION DU HAVRE</organizationName>
                    <positionName>n/a</positionName>
                    <role>ADMINISTRATIVE_POINT_OF_CONTACT</role>
                </personnel>
                <personnel>
                    <individualName>
                    <surName>DEPARTEMENT DE L&apos;AISNE</surName>
                    </individualName>
                    <organizationName>DEPARTEMENT DE L&apos;AISNE</organizationName>
                    <positionName>n/a</positionName>
                    <role>ADMINISTRATIVE_POINT_OF_CONTACT</role>
                </personnel>
                <personnel>
                    <individualName>
                    <surName>REGION NORMANDIE</surName>
                    </individualName>
                    <organizationName>REGION NORMANDIE</organizationName>
                    <positionName>n/a</positionName>
                    <role>ADMINISTRATIVE_POINT_OF_CONTACT</role>
                </personnel>
                <personnel>
                    <individualName>
                    <surName>CU DE DUNKERQUE</surName>
                    </individualName>
                    <organizationName>CU DE DUNKERQUE</organizationName>
                    <positionName>n/a</positionName>
                    <role>ADMINISTRATIVE_POINT_OF_CONTACT</role>
                </personnel>
                <personnel>
                    <individualName>
                    <surName>DEPARTEMENT DU NORD</surName>
                    </individualName>
                    <organizationName>DEPARTEMENT DU NORD</organizationName>
                    <positionName>n/a</positionName>
                    <role>ADMINISTRATIVE_POINT_OF_CONTACT</role>
                </personnel>
                <personnel>
                    <individualName>
                    <surName>AGENCE DE L&apos;EAU SEINE-NORMANDIE</surName>
                    </individualName>
                    <organizationName>AGENCE DE L&apos;EAU SEINE-NORMANDIE</organizationName>
                    <positionName>n/a</positionName>
                    <role>ADMINISTRATIVE_POINT_OF_CONTACT</role>
                </personnel>
                <personnel>
                    <individualName>
                    <surName>CONSERVATOIRE DU LITTORAL</surName>
                    </individualName>
                    <organizationName>CONSERVATOIRE DU LITTORAL</organizationName>
                    <positionName>n/a</positionName>
                    <role>ADMINISTRATIVE_POINT_OF_CONTACT</role>
                </personnel>
                <personnel>
                    <individualName>
                    <surName>DEPARTEMENT DE L&apos;EURE</surName>
                    </individualName>
                    <organizationName>DEPARTEMENT DE L&apos;EURE</organizationName>
                    <positionName>n/a</positionName>
                    <role>ADMINISTRATIVE_POINT_OF_CONTACT</role>
                </personnel>
                <personnel>
                    <individualName>
                    <surName>METROPOLE ROUEN NORMANDIE</surName>
                    </individualName>
                    <organizationName>METROPOLE ROUEN NORMANDIE</organizationName>
                    <positionName>n/a</positionName>
                    <role>ADMINISTRATIVE_POINT_OF_CONTACT</role>
                </personnel>
                <personnel>
                    <individualName>
                    <surName>OFFICE FRANCAIS DE LA BIODIVERSITE - SIEGE</surName>
                    </individualName>
                    <organizationName>OFFICE FRANCAIS DE LA BIODIVERSITE - SIEGE</organizationName>
                    <positionName>n/a</positionName>
                    <role>ADMINISTRATIVE_POINT_OF_CONTACT</role>
                </personnel>
                <personnel>
                    <individualName>
                    <surName>DEPARTEMENT DE L&apos;OISE</surName>
                    </individualName>
                    <organizationName>DEPARTEMENT DE L&apos;OISE</organizationName>
                    <positionName>n/a</positionName>
                    <role>ADMINISTRATIVE_POINT_OF_CONTACT</role>
                </personnel>
                <personnel>
                    <individualName>
                    <surName>REGION HAUTS-DE-FRANCE</surName>
                    </individualName>
                    <organizationName>REGION HAUTS-DE-FRANCE</organizationName>
                    <positionName>n/a</positionName>
                    <role>ADMINISTRATIVE_POINT_OF_CONTACT</role>
                </personnel>
                <personnel>
                    <individualName>
                    <surName>DEPARTEMENT DU PAS DE CALAIS</surName>
                    </individualName>
                    <organizationName>DEPARTEMENT DU PAS DE CALAIS</organizationName>
                    <positionName>n/a</positionName>
                    <role>ADMINISTRATIVE_POINT_OF_CONTACT</role>
                </personnel>
                <personnel>
                    <individualName>
                    <surName>PARC NATUREL REGIONAL OISE-PAYS DE FRANCE</surName>
                    </individualName>
                    <organizationName>PARC NATUREL REGIONAL OISE-PAYS DE FRANCE</organizationName>
                    <positionName>n/a</positionName>
                    <role>ADMINISTRATIVE_POINT_OF_CONTACT</role>
                </personnel>
                <personnel>
                    <individualName>
                    <surName>PREFECTURE DE LA REGION DES HAUTS-DE-FRANCE</surName>
                    </individualName>
                    <organizationName>PREFECTURE DE LA REGION DES HAUTS-DE-FRANCE</organizationName>
                    <positionName>n/a</positionName>
                    <role>ADMINISTRATIVE_POINT_OF_CONTACT</role>
                </personnel>
                <personnel>
                    <individualName>
                    <surName>AGENCE DE L EAU ARTOIS PICARDIE</surName>
                    </individualName>
                    <organizationName>AGENCE DE L EAU ARTOIS PICARDIE</organizationName>
                    <positionName>n/a</positionName>
                    <role>ADMINISTRATIVE_POINT_OF_CONTACT</role>
                </personnel>
                <personnel>
                    <individualName>
                    <surName>CONSERVATOIRE D&apos;ESPACES NATURELS DES HAUTS-DE-FRANCE</surName>
                    </individualName>
                    <organizationName>CONSERVATOIRE D&apos;ESPACES NATURELS DES HAUTS-DE-FRANCE</organizationName>
                    <positionName>n/a</positionName>
                    <role>ADMINISTRATIVE_POINT_OF_CONTACT</role>
                </personnel>
                <abstract>
                    <para>Données d&apos;observations flore et habitat centralisées par le CBN de Bailleul dans DIGITALE : https://digitale.cbnbl.org
Groupe taxonomique : plantes vasculaires, bryophytes, algues d&apos;eau douce, lichens.
Typologie Habitat : habitat phytosciologique (syntaxon de niveau d&apos;intégration synusies, microcénoses et cellules paysagères), Habitat EUNIS, Habitat Union européenne et Habitat Cahiers d&apos;habitat.
Type de source : collection, bibliographique, terrain.
Type de protocole : inventaire atlas, inventaire de station, suivie de station, relevé phytosociologique, relevé symphytosociologique, cartographie habitat, données opportuniste, etc.</para>
                </abstract>
                <funding>
                    <para></para>
                </funding>
            </project>
    </dataset>

    <additionalMetadata>
        <metadata>
            <gbif>
                <dateStamp>2025-07-16T11:46:55Z</dateStamp>
                <citation>Inventaire National du Patrimoine Naturel (2023). DIGITALE - Observations flore et habitat centralisées par le CBN de Bailleul-Données d&apos;occurrence taxon (Plantes vasculaires, Bryophytes et Algues) de la région des Hauts-de-France mises au format standard OccTax v3.1 par le CBN de Bailleul en mai 2023 (Données issues de Digitale2 : digitale.cbnbl.org). UMS PatriNat (OFB-CNRS-MNHN), Paris. Occurrence dataset https://doi.org/10.15468/xfdj42 accessed via GBIF.org on 2025-07-16.</citation>
            </gbif>
        </metadata>
    </additionalMetadata>
    </eml:eml>
