<?xml version="1.0" encoding="utf-8"?>
<eml:eml xmlns:eml="https://eml.ecoinformatics.org/eml-2.2.0" xmlns:xsi="http://www.w3.org/2001/XMLSchema-instance"
         xsi:schemaLocation="https://eml.ecoinformatics.org/eml-2.2.0 https://rs.gbif.org/schema/eml-gbif-profile/1.3/eml.xsd"
packageId="1edaeec2-9fdf-48d2-a459-2bb8635e9aba"  system="http://gbif.org" scope="system"
xml:lang="en">
    <dataset>
        <alternateIdentifier>10.15468/aa9jxr</alternateIdentifier>
        <alternateIdentifier>https://ipt.nlbif.nl/resource?r=paramo-pol-refcol</alternateIdentifier>
        <alternateIdentifier>http://ipt.ibed.uva.nl/resource?r=paramo-pol-refcol</alternateIdentifier>
        <alternateIdentifier>1edaeec2-9fdf-48d2-a459-2bb8635e9aba</alternateIdentifier>
        <alternateIdentifier>14732</alternateIdentifier>
        <title>University of Amsterdam (NL) - Páramo pollen reference collection</title>
        <creator>
            <individualName>
                <givenName>Henry</givenName>
                <surName>Hooghiemstra</surName>
            </individualName>
            <organizationName>University of Amsterdam</organizationName>
            <positionName>Professor</positionName>
            <address>
                <deliveryPoint>P.O. Box 94248</deliveryPoint>
                <city>Amsterdam</city>
                <postalCode>NL-1090 GE</postalCode>
                <country>NETHERLANDS</country>
            </address>
            <phone>+31 20 525785</phone>
            <electronicMailAddress>H.Hooghiemstra@uva.nl</electronicMailAddress>
        </creator>
        <creator>
            <individualName>
                <givenName>A.M.</givenName>
                <surName>Cleef</surName>
            </individualName>
            <organizationName>University of Amsterdam</organizationName>
            <address>
                <country>NETHERLANDS</country>
            </address>
        </creator>
        <metadataProvider>
            <individualName>
                <givenName>A.</givenName>
                <surName>Lyaruu</surName>
            </individualName>
            <organizationName>University of Amsterdam</organizationName>
            <address>
                <deliveryPoint>P.O. Box 94248</deliveryPoint>
                <city>Amsterdam</city>
                <postalCode>NL-1090 GE</postalCode>
                <country>NETHERLANDS</country>
            </address>
        </metadataProvider>
        <associatedParty>
            <individualName>
                <givenName>Niels</givenName>
                <surName>Raes</surName>
            </individualName>
            <organizationName>NLBIF</organizationName>
            <positionName>Node Manager</positionName>
            <address>
                <deliveryPoint>PO Box 9517</deliveryPoint>
                <city>Leiden</city>
                <postalCode>NL-2300 RA</postalCode>
                <country>NETHERLANDS</country>
            </address>
            <phone>+31.71.7519362</phone>
            <electronicMailAddress>nlbif@naturalis.nl</electronicMailAddress>
            <onlineUrl>http://www.nlbif.nl</onlineUrl>
            <userId directory="https://orcid.org/">0000-0002-4329-4892</userId>
            <role>PROCESSOR</role>
        </associatedParty>
        <associatedParty>
            <individualName>
                <givenName>Henry</givenName>
                <surName>Hooghiemstra</surName>
            </individualName>
            <organizationName>University of Amsterdam</organizationName>
            <positionName>Professor</positionName>
            <address>
                <deliveryPoint>P.O. Box 94248</deliveryPoint>
                <city>Amsterdam</city>
                <postalCode>NL-1090 GE</postalCode>
                <country>NETHERLANDS</country>
            </address>
            <phone>+31 20 525785</phone>
            <electronicMailAddress>H.Hooghiemstra@uva.nl</electronicMailAddress>
            <role>PRINCIPAL_INVESTIGATOR</role>
        </associatedParty>
        <associatedParty>
            <individualName>
                <givenName>A.L.</givenName>
                <surName>Philip</surName>
            </individualName>
            <organizationName>University of Amsterdam</organizationName>
            <address>
                <deliveryPoint>P.O. Box 94248</deliveryPoint>
                <city>Amsterdam</city>
                <postalCode>NL-1090 GE</postalCode>
                <country>NETHERLANDS</country>
            </address>
            <phone>+31 20 5257844</phone>
            <electronicMailAddress>A.L.Philip@uva.nl</electronicMailAddress>
            <role>PROCESSOR</role>
        </associatedParty>
        <associatedParty>
            <individualName>
                <givenName>A.</givenName>
                <surName>Lyaruu</surName>
            </individualName>
            <organizationName>University of Amsterdam</organizationName>
            <address>
                <country>NETHERLANDS</country>
            </address>
            <role>PROCESSOR</role>
        </associatedParty>
        <associatedParty>
            <individualName>
                <givenName>Jeroen</givenName>
                <surName>Creuwels</surName>
            </individualName>
            <organizationName>NLBIF</organizationName>
            <positionName>Data manager</positionName>
            <address>
                <deliveryPoint>PO Box 9517</deliveryPoint>
                <city>Leiden</city>
                <administrativeArea>Zuid-Holland</administrativeArea>
                <postalCode>NL-2300 RA</postalCode>
                <country>NETHERLANDS</country>
            </address>
            <phone>+31.71.7519362</phone>
            <electronicMailAddress>nlbif@naturalis.nl</electronicMailAddress>
            <onlineUrl>https://www.nlbif.nl</onlineUrl>
            <userId directory="https://orcid.org/">0000-0001-6131-7026</userId>
            <role>PROGRAMMER</role>
        </associatedParty>
        <pubDate>
                2025-05-01
        </pubDate>
        <language>SPANISH</language>
        <abstract>
            <para>Pollen samples from Páramo plants collected by A.M. Cleef and from various herbaria. The collection is used as a reference collection for palynological research.</para>
        </abstract>
        <keywordSet>
            <keyword>South America</keyword>
            <keyword>Colombia</keyword>
            <keyword>Andes</keyword>
            <keyword>Palynology</keyword>
            <keyword>Páramo</keyword>
            <keyword>Northern Andes</keyword>
            <keyword>Pollen</keyword>
            <keyword>Ecology</keyword>
            <keyword>Paramo</keyword>
            <keyword>Spores</keyword>
            <keyword>Latin America</keyword>
            <keywordThesaurus>n/a</keywordThesaurus>
        </keywordSet>
        <keywordSet>
            <keyword>Occurrence</keyword>
            <keywordThesaurus>GBIF Dataset Type Vocabulary: http://rs.gbif.org/vocabulary/gbif/dataset_type.xml</keywordThesaurus>
        </keywordSet>
        <keywordSet>
            <keyword>Specimen</keyword>
            <keywordThesaurus>GBIF Dataset Subtype Vocabulary: http://rs.gbif.org/vocabulary/gbif/dataset_subtype.xml</keywordThesaurus>
        </keywordSet>
        <keywordSet>
            <keyword>Occurrence</keyword>
            <keywordThesaurus>GBIF Dataset Type Vocabulary: http://rs.gbif.org/vocabulary/gbif/dataset_type_2015-07-10.xml</keywordThesaurus>
        </keywordSet>
        <additionalInfo>
            <para>Original microscope slides are located at the University of Amsterdam, Institute for Biodiversity and Ecosystem Dynamics, Science Park 904, 1098 SM Amsterdam.</para>
        </additionalInfo>
        <intellectualRights>
            <para>This work is licensed under a <ulink url="http://creativecommons.org/licenses/by/4.0/legalcode"><citetitle>Creative Commons Attribution (CC-BY) 4.0 License</citetitle></ulink>.</para>
        </intellectualRights>
        <licensed>
            <licenseName>Creative Commons Attribution 4.0 International</licenseName>
            <url>https://spdx.org/licenses/CC-BY-4.0.html</url>
            <identifier>CC-BY-4.0</identifier>
        </licensed>
        <distribution scope="document">
            <online>
                <url function="download">https://ipt.nlbif.nl/archive.do?r=paramo-pol-refcol</url>
            </online>
        </distribution>
        <coverage>
            <geographicCoverage>
                <geographicDescription>Andean South America, Costa Rica, Venezuela, Colombia, Ecuador, Bolivia, Peru. (&gt;3000m)</geographicDescription>
                <boundingCoordinates>
                    <westBoundingCoordinate>-85.24</westBoundingCoordinate>
                    <eastBoundingCoordinate>-61.93</eastBoundingCoordinate>
                    <northBoundingCoordinate>12.29</northBoundingCoordinate>
                    <southBoundingCoordinate>-53.04</southBoundingCoordinate>
                </boundingCoordinates>
            </geographicCoverage>
            <temporalCoverage>
                <rangeOfDates>
                    <beginDate>
                        <calendarDate>                1903
</calendarDate>
                    </beginDate>
                    <endDate>
                        <calendarDate>                2013-03-18
</calendarDate>
                    </endDate>
                </rangeOfDates>
            </temporalCoverage>
            <taxonomicCoverage>
                <generalTaxonomicCoverage>List of Vascular families according to Luteyn (1999)</generalTaxonomicCoverage>
                <taxonomicClassification>
                    <taxonRankName>Family</taxonRankName>
                    <taxonRankValue>Acanthaceae</taxonRankValue>
                </taxonomicClassification>
                <taxonomicClassification>
                    <taxonRankName>Family</taxonRankName>
                    <taxonRankValue>Actinidiaceae</taxonRankValue>
                </taxonomicClassification>
                <taxonomicClassification>
                    <taxonRankName>Family</taxonRankName>
                    <taxonRankValue>Adiantaceae</taxonRankValue>
                </taxonomicClassification>
                <taxonomicClassification>
                    <taxonRankName>Family</taxonRankName>
                    <taxonRankValue>Alstroemeriaceae</taxonRankValue>
                </taxonomicClassification>
                <taxonomicClassification>
                    <taxonRankName>Family</taxonRankName>
                    <taxonRankValue>Apiaceae</taxonRankValue>
                </taxonomicClassification>
                <taxonomicClassification>
                    <taxonRankName>Family</taxonRankName>
                    <taxonRankValue>Apocynaceae</taxonRankValue>
                </taxonomicClassification>
                <taxonomicClassification>
                    <taxonRankName>Family</taxonRankName>
                    <taxonRankValue>Araliaceae</taxonRankValue>
                </taxonomicClassification>
                <taxonomicClassification>
                    <taxonRankName>Family</taxonRankName>
                    <taxonRankValue>Aspleniaceae</taxonRankValue>
                </taxonomicClassification>
                <taxonomicClassification>
                    <taxonRankName>Family</taxonRankName>
                    <taxonRankValue>Bartramiaceae</taxonRankValue>
                </taxonomicClassification>
                <taxonomicClassification>
                    <taxonRankName>Family</taxonRankName>
                    <taxonRankValue>Begoniaceae</taxonRankValue>
                </taxonomicClassification>
                <taxonomicClassification>
                    <taxonRankName>Family</taxonRankName>
                    <taxonRankValue>Berberidaceae</taxonRankValue>
                </taxonomicClassification>
                <taxonomicClassification>
                    <taxonRankName>Family</taxonRankName>
                    <taxonRankValue>Bignoniaceae</taxonRankValue>
                </taxonomicClassification>
                <taxonomicClassification>
                    <taxonRankName>Family</taxonRankName>
                    <taxonRankValue>Blechnaceae</taxonRankValue>
                </taxonomicClassification>
                <taxonomicClassification>
                    <taxonRankName>Family</taxonRankName>
                    <taxonRankValue>Boraginaceae</taxonRankValue>
                </taxonomicClassification>
                <taxonomicClassification>
                    <taxonRankName>Family</taxonRankName>
                    <taxonRankValue>Brassicaceae</taxonRankValue>
                </taxonomicClassification>
                <taxonomicClassification>
                    <taxonRankName>Family</taxonRankName>
                    <taxonRankValue>Bromeliaceae</taxonRankValue>
                </taxonomicClassification>
                <taxonomicClassification>
                    <taxonRankName>Family</taxonRankName>
                    <taxonRankValue>Cactaceae</taxonRankValue>
                </taxonomicClassification>
                <taxonomicClassification>
                    <taxonRankName>Family</taxonRankName>
                    <taxonRankValue>Calceolariaceae</taxonRankValue>
                </taxonomicClassification>
                <taxonomicClassification>
                    <taxonRankName>Family</taxonRankName>
                    <taxonRankValue>Campanulaceae</taxonRankValue>
                </taxonomicClassification>
                <taxonomicClassification>
                    <taxonRankName>Family</taxonRankName>
                    <taxonRankValue>Caprifoliaceae</taxonRankValue>
                </taxonomicClassification>
                <taxonomicClassification>
                    <taxonRankName>Family</taxonRankName>
                    <taxonRankValue>Caryophyllaceae</taxonRankValue>
                </taxonomicClassification>
                <taxonomicClassification>
                    <taxonRankName>Family</taxonRankName>
                    <taxonRankValue>Chloranthaceae</taxonRankValue>
                </taxonomicClassification>
                <taxonomicClassification>
                    <taxonRankName>Family</taxonRankName>
                    <taxonRankValue>Cleomaceae</taxonRankValue>
                </taxonomicClassification>
                <taxonomicClassification>
                    <taxonRankName>Family</taxonRankName>
                    <taxonRankValue>Clethraceae</taxonRankValue>
                </taxonomicClassification>
                <taxonomicClassification>
                    <taxonRankName>Family</taxonRankName>
                    <taxonRankValue>Clusiaceae</taxonRankValue>
                </taxonomicClassification>
                <taxonomicClassification>
                    <taxonRankName>Family</taxonRankName>
                    <taxonRankValue>Columelliaceae</taxonRankValue>
                </taxonomicClassification>
                <taxonomicClassification>
                    <taxonRankName>Family</taxonRankName>
                    <taxonRankValue>Compositae</taxonRankValue>
                </taxonomicClassification>
                <taxonomicClassification>
                    <taxonRankName>Family</taxonRankName>
                    <taxonRankValue>Convolvulaceae</taxonRankValue>
                </taxonomicClassification>
                <taxonomicClassification>
                    <taxonRankName>Family</taxonRankName>
                    <taxonRankValue>Coriariaceae</taxonRankValue>
                </taxonomicClassification>
                <taxonomicClassification>
                    <taxonRankName>Family</taxonRankName>
                    <taxonRankValue>Crassulaceae</taxonRankValue>
                </taxonomicClassification>
                <taxonomicClassification>
                    <taxonRankName>Family</taxonRankName>
                    <taxonRankValue>Cunoniaceae</taxonRankValue>
                </taxonomicClassification>
                <taxonomicClassification>
                    <taxonRankName>Family</taxonRankName>
                    <taxonRankValue>Cyatheaceae</taxonRankValue>
                </taxonomicClassification>
                <taxonomicClassification>
                    <taxonRankName>Family</taxonRankName>
                    <taxonRankValue>Cyperaceae</taxonRankValue>
                </taxonomicClassification>
                <taxonomicClassification>
                    <taxonRankName>Family</taxonRankName>
                    <taxonRankValue>Dennstaedtiaceae</taxonRankValue>
                </taxonomicClassification>
                <taxonomicClassification>
                    <taxonRankName>Family</taxonRankName>
                    <taxonRankValue>Dicksoniaceae</taxonRankValue>
                </taxonomicClassification>
                <taxonomicClassification>
                    <taxonRankName>Family</taxonRankName>
                    <taxonRankValue>Dicranaceae</taxonRankValue>
                </taxonomicClassification>
                <taxonomicClassification>
                    <taxonRankName>Family</taxonRankName>
                    <taxonRankValue>Dioscoreaceae</taxonRankValue>
                </taxonomicClassification>
                <taxonomicClassification>
                    <taxonRankName>Family</taxonRankName>
                    <taxonRankValue>Dryopteridaceae</taxonRankValue>
                </taxonomicClassification>
                <taxonomicClassification>
                    <taxonRankName>Family</taxonRankName>
                    <taxonRankValue>Ebenaceae</taxonRankValue>
                </taxonomicClassification>
                <taxonomicClassification>
                    <taxonRankName>Family</taxonRankName>
                    <taxonRankValue>Elaeocarpaceae</taxonRankValue>
                </taxonomicClassification>
                <taxonomicClassification>
                    <taxonRankName>Family</taxonRankName>
                    <taxonRankValue>Equisetaceae</taxonRankValue>
                </taxonomicClassification>
                <taxonomicClassification>
                    <taxonRankName>Family</taxonRankName>
                    <taxonRankValue>Ericaceae</taxonRankValue>
                </taxonomicClassification>
                <taxonomicClassification>
                    <taxonRankName>Family</taxonRankName>
                    <taxonRankValue>Eriocaulaceae</taxonRankValue>
                </taxonomicClassification>
                <taxonomicClassification>
                    <taxonRankName>Family</taxonRankName>
                    <taxonRankValue>Escalloniaceae</taxonRankValue>
                </taxonomicClassification>
                <taxonomicClassification>
                    <taxonRankName>Family</taxonRankName>
                    <taxonRankValue>Euphorbiaceae</taxonRankValue>
                </taxonomicClassification>
                <taxonomicClassification>
                    <taxonRankName>Family</taxonRankName>
                    <taxonRankValue>Gentianaceae</taxonRankValue>
                </taxonomicClassification>
                <taxonomicClassification>
                    <taxonRankName>Family</taxonRankName>
                    <taxonRankValue>Gesneriaceae</taxonRankValue>
                </taxonomicClassification>
                <taxonomicClassification>
                    <taxonRankName>Family</taxonRankName>
                    <taxonRankValue>Grammitidaceae</taxonRankValue>
                </taxonomicClassification>
                <taxonomicClassification>
                    <taxonRankName>Family</taxonRankName>
                    <taxonRankValue>Grossulariaceae</taxonRankValue>
                </taxonomicClassification>
                <taxonomicClassification>
                    <taxonRankName>Family</taxonRankName>
                    <taxonRankValue>Haloragaceae</taxonRankValue>
                </taxonomicClassification>
                <taxonomicClassification>
                    <taxonRankName>Family</taxonRankName>
                    <taxonRankValue>Hymenophyllaceae</taxonRankValue>
                </taxonomicClassification>
                <taxonomicClassification>
                    <taxonRankName>Family</taxonRankName>
                    <taxonRankValue>Hypericaceae</taxonRankValue>
                </taxonomicClassification>
                <taxonomicClassification>
                    <taxonRankName>Family</taxonRankName>
                    <taxonRankValue>Iridaceae</taxonRankValue>
                </taxonomicClassification>
                <taxonomicClassification>
                    <taxonRankName>Family</taxonRankName>
                    <taxonRankValue>Isoetaceae</taxonRankValue>
                </taxonomicClassification>
                <taxonomicClassification>
                    <taxonRankName>Family</taxonRankName>
                    <taxonRankValue>Juncaceae</taxonRankValue>
                </taxonomicClassification>
                <taxonomicClassification>
                    <taxonRankName>Family</taxonRankName>
                    <taxonRankValue>Lamiaceae</taxonRankValue>
                </taxonomicClassification>
                <taxonomicClassification>
                    <taxonRankName>Family</taxonRankName>
                    <taxonRankValue>Lauraceae</taxonRankValue>
                </taxonomicClassification>
                <taxonomicClassification>
                    <taxonRankName>Family</taxonRankName>
                    <taxonRankValue>Leguminosae</taxonRankValue>
                </taxonomicClassification>
                <taxonomicClassification>
                    <taxonRankName>Family</taxonRankName>
                    <taxonRankValue>Lentibulariaceae</taxonRankValue>
                </taxonomicClassification>
                <taxonomicClassification>
                    <taxonRankName>Family</taxonRankName>
                    <taxonRankValue>Loganiaceae</taxonRankValue>
                </taxonomicClassification>
                <taxonomicClassification>
                    <taxonRankName>Family</taxonRankName>
                    <taxonRankValue>Lomariopsidaceae</taxonRankValue>
                </taxonomicClassification>
                <taxonomicClassification>
                    <taxonRankName>Family</taxonRankName>
                    <taxonRankValue>Loranthaceae</taxonRankValue>
                </taxonomicClassification>
                <taxonomicClassification>
                    <taxonRankName>Family</taxonRankName>
                    <taxonRankValue>Lycopodiaceae</taxonRankValue>
                </taxonomicClassification>
                <taxonomicClassification>
                    <taxonRankName>Family</taxonRankName>
                    <taxonRankValue>Lythraceae</taxonRankValue>
                </taxonomicClassification>
                <taxonomicClassification>
                    <taxonRankName>Family</taxonRankName>
                    <taxonRankValue>Malvaceae</taxonRankValue>
                </taxonomicClassification>
                <taxonomicClassification>
                    <taxonRankName>Family</taxonRankName>
                    <taxonRankValue>Melanthiaceae</taxonRankValue>
                </taxonomicClassification>
                <taxonomicClassification>
                    <taxonRankName>Family</taxonRankName>
                    <taxonRankValue>Melastomataceae</taxonRankValue>
                </taxonomicClassification>
                <taxonomicClassification>
                    <taxonRankName>Family</taxonRankName>
                    <taxonRankValue>Myricaceae</taxonRankValue>
                </taxonomicClassification>
                <taxonomicClassification>
                    <taxonRankName>Family</taxonRankName>
                    <taxonRankValue>Myrtaceae</taxonRankValue>
                </taxonomicClassification>
                <taxonomicClassification>
                    <taxonRankName>Family</taxonRankName>
                    <taxonRankValue>Onagraceae</taxonRankValue>
                </taxonomicClassification>
                <taxonomicClassification>
                    <taxonRankName>Family</taxonRankName>
                    <taxonRankValue>Ophioglossaceae</taxonRankValue>
                </taxonomicClassification>
                <taxonomicClassification>
                    <taxonRankName>Family</taxonRankName>
                    <taxonRankValue>Orchidaceae</taxonRankValue>
                </taxonomicClassification>
                <taxonomicClassification>
                    <taxonRankName>Family</taxonRankName>
                    <taxonRankValue>Oxalidaceae</taxonRankValue>
                </taxonomicClassification>
                <taxonomicClassification>
                    <taxonRankName>Family</taxonRankName>
                    <taxonRankValue>Papaveraceae</taxonRankValue>
                </taxonomicClassification>
                <taxonomicClassification>
                    <taxonRankName>Family</taxonRankName>
                    <taxonRankValue>Pentaphylacaceae</taxonRankValue>
                </taxonomicClassification>
                <taxonomicClassification>
                    <taxonRankName>Family</taxonRankName>
                    <taxonRankValue>Phyllanthaceae</taxonRankValue>
                </taxonomicClassification>
                <taxonomicClassification>
                    <taxonRankName>Family</taxonRankName>
                    <taxonRankValue>Phytolaccaceae</taxonRankValue>
                </taxonomicClassification>
                <taxonomicClassification>
                    <taxonRankName>Family</taxonRankName>
                    <taxonRankValue>Piperaceae</taxonRankValue>
                </taxonomicClassification>
                <taxonomicClassification>
                    <taxonRankName>Family</taxonRankName>
                    <taxonRankValue>Plagiogyriaceae</taxonRankValue>
                </taxonomicClassification>
                <taxonomicClassification>
                    <taxonRankName>Family</taxonRankName>
                    <taxonRankValue>Plantaginaceae</taxonRankValue>
                </taxonomicClassification>
                <taxonomicClassification>
                    <taxonRankName>Family</taxonRankName>
                    <taxonRankValue>Poaceae</taxonRankValue>
                </taxonomicClassification>
                <taxonomicClassification>
                    <taxonRankName>Family</taxonRankName>
                    <taxonRankValue>Podocarpaceae</taxonRankValue>
                </taxonomicClassification>
                <taxonomicClassification>
                    <taxonRankName>Family</taxonRankName>
                    <taxonRankValue>Polygalaceae</taxonRankValue>
                </taxonomicClassification>
                <taxonomicClassification>
                    <taxonRankName>Family</taxonRankName>
                    <taxonRankValue>Polygonaceae</taxonRankValue>
                </taxonomicClassification>
                <taxonomicClassification>
                    <taxonRankName>Family</taxonRankName>
                    <taxonRankValue>Polypodiaceae</taxonRankValue>
                </taxonomicClassification>
                <taxonomicClassification>
                    <taxonRankName>Family</taxonRankName>
                    <taxonRankValue>Portulacaceae</taxonRankValue>
                </taxonomicClassification>
                <taxonomicClassification>
                    <taxonRankName>Family</taxonRankName>
                    <taxonRankValue>Potamogetonaceae</taxonRankValue>
                </taxonomicClassification>
                <taxonomicClassification>
                    <taxonRankName>Family</taxonRankName>
                    <taxonRankValue>Primulaceae</taxonRankValue>
                </taxonomicClassification>
                <taxonomicClassification>
                    <taxonRankName>Family</taxonRankName>
                    <taxonRankValue>Proteaceae</taxonRankValue>
                </taxonomicClassification>
                <taxonomicClassification>
                    <taxonRankName>Family</taxonRankName>
                    <taxonRankValue>Ranunculaceae</taxonRankValue>
                </taxonomicClassification>
                <taxonomicClassification>
                    <taxonRankName>Family</taxonRankName>
                    <taxonRankValue>Rosaceae</taxonRankValue>
                </taxonomicClassification>
                <taxonomicClassification>
                    <taxonRankName>Family</taxonRankName>
                    <taxonRankValue>Rubiaceae</taxonRankValue>
                </taxonomicClassification>
                <taxonomicClassification>
                    <taxonRankName>Family</taxonRankName>
                    <taxonRankValue>Salicaceae</taxonRankValue>
                </taxonomicClassification>
                <taxonomicClassification>
                    <taxonRankName>Family</taxonRankName>
                    <taxonRankValue>Santalaceae</taxonRankValue>
                </taxonomicClassification>
                <taxonomicClassification>
                    <taxonRankName>Family</taxonRankName>
                    <taxonRankValue>Sapindaceae</taxonRankValue>
                </taxonomicClassification>
                <taxonomicClassification>
                    <taxonRankName>Family</taxonRankName>
                    <taxonRankValue>Scrophulariaceae</taxonRankValue>
                </taxonomicClassification>
                <taxonomicClassification>
                    <taxonRankName>Family</taxonRankName>
                    <taxonRankValue>Solanaceae</taxonRankValue>
                </taxonomicClassification>
                <taxonomicClassification>
                    <taxonRankName>Family</taxonRankName>
                    <taxonRankValue>Symplocaceae</taxonRankValue>
                </taxonomicClassification>
                <taxonomicClassification>
                    <taxonRankName>Family</taxonRankName>
                    <taxonRankValue>Thelypteridaceae</taxonRankValue>
                </taxonomicClassification>
                <taxonomicClassification>
                    <taxonRankName>Family</taxonRankName>
                    <taxonRankValue>Thymelaeaceae</taxonRankValue>
                </taxonomicClassification>
                <taxonomicClassification>
                    <taxonRankName>Family</taxonRankName>
                    <taxonRankValue>Urticaceae</taxonRankValue>
                </taxonomicClassification>
                <taxonomicClassification>
                    <taxonRankName>Family</taxonRankName>
                    <taxonRankValue>Verbenaceae</taxonRankValue>
                </taxonomicClassification>
                <taxonomicClassification>
                    <taxonRankName>Family</taxonRankName>
                    <taxonRankValue>Violaceae</taxonRankValue>
                </taxonomicClassification>
                <taxonomicClassification>
                    <taxonRankName>Family</taxonRankName>
                    <taxonRankValue>Vittariaceae</taxonRankValue>
                </taxonomicClassification>
                <taxonomicClassification>
                    <taxonRankName>Family</taxonRankName>
                    <taxonRankValue>Winteraceae</taxonRankValue>
                </taxonomicClassification>
                <taxonomicClassification>
                    <taxonRankName>Family</taxonRankName>
                    <taxonRankValue>Woodsiaceae</taxonRankValue>
                </taxonomicClassification>
                <taxonomicClassification>
                    <taxonRankName>Family</taxonRankName>
                    <taxonRankValue>Xanthorrhoeaceae</taxonRankValue>
                </taxonomicClassification>
                <taxonomicClassification>
                    <taxonRankName>Family</taxonRankName>
                    <taxonRankValue>Xyridaceae</taxonRankValue>
                </taxonomicClassification>
                <taxonomicClassification>
                    <taxonRankName>Family</taxonRankName>
                    <taxonRankValue>Gunneraceae</taxonRankValue>
                </taxonomicClassification>
                <taxonomicClassification>
                    <taxonRankName>Family</taxonRankName>
                    <taxonRankValue>Amaranthaceae</taxonRankValue>
                </taxonomicClassification>
                <taxonomicClassification>
                    <taxonRankName>Family</taxonRankName>
                    <taxonRankValue>Amaryllidaceae</taxonRankValue>
                </taxonomicClassification>
                <taxonomicClassification>
                    <taxonRankName>Family</taxonRankName>
                    <taxonRankValue>Aquifoliaceae</taxonRankValue>
                </taxonomicClassification>
                <taxonomicClassification>
                    <taxonRankName>Family</taxonRankName>
                    <taxonRankValue>Araceae</taxonRankValue>
                </taxonomicClassification>
                <taxonomicClassification>
                    <taxonRankName>Family</taxonRankName>
                    <taxonRankValue>Balanophoraceae</taxonRankValue>
                </taxonomicClassification>
                <taxonomicClassification>
                    <taxonRankName>Family</taxonRankName>
                    <taxonRankValue>Brunelliaceae</taxonRankValue>
                </taxonomicClassification>
                <taxonomicClassification>
                    <taxonRankName>Family</taxonRankName>
                    <taxonRankValue>Ephedraceae</taxonRankValue>
                </taxonomicClassification>
                <taxonomicClassification>
                    <taxonRankName>Family</taxonRankName>
                    <taxonRankValue>Garryaceae</taxonRankValue>
                </taxonomicClassification>
                <taxonomicClassification>
                    <taxonRankName>Family</taxonRankName>
                    <taxonRankValue>Geraniaceae</taxonRankValue>
                </taxonomicClassification>
                <taxonomicClassification>
                    <taxonRankName>Family</taxonRankName>
                    <taxonRankValue>Hydrocharitaceae</taxonRankValue>
                </taxonomicClassification>
                <taxonomicClassification>
                    <taxonRankName>Family</taxonRankName>
                    <taxonRankValue>Juncaginaceae</taxonRankValue>
                </taxonomicClassification>
                <taxonomicClassification>
                    <taxonRankName>Family</taxonRankName>
                    <taxonRankValue>Montiaceae</taxonRankValue>
                </taxonomicClassification>
                <taxonomicClassification>
                    <taxonRankName>Family</taxonRankName>
                    <taxonRankValue>Orobanchaceae</taxonRankValue>
                </taxonomicClassification>
                <taxonomicClassification>
                    <taxonRankName>Family</taxonRankName>
                    <taxonRankValue>Phrymaceae</taxonRankValue>
                </taxonomicClassification>
                <taxonomicClassification>
                    <taxonRankName>Family</taxonRankName>
                    <taxonRankValue>Styracaceae</taxonRankValue>
                </taxonomicClassification>
            </taxonomicCoverage>
        </coverage>
        <purpose><para>Identification of fossil pollen grains to support reconstructions of environmental change, climatic change, and human impact on landscapes</para></purpose>
        <maintenance>
            <description>
                <para></para>
            </description>
            <maintenanceUpdateFrequency>notPlanned</maintenanceUpdateFrequency>
        </maintenance>
        <contact>
            <individualName>
                <givenName>Henry</givenName>
                <surName>Hooghiemstra</surName>
            </individualName>
            <organizationName>University of Amsterdam</organizationName>
            <positionName>Professor</positionName>
            <address>
                <deliveryPoint>P.O. Box 94248</deliveryPoint>
                <city>Amsterdam</city>
                <postalCode>NL-1090 GE</postalCode>
                <country>NETHERLANDS</country>
            </address>
            <phone>+31 20 525785</phone>
            <electronicMailAddress>H.Hooghiemstra@uva.nl</electronicMailAddress>
        </contact>
        <methods>
            <methodStep>
                <description>
                    <para>n/a</para>
                </description>
            </methodStep>
            <sampling>
                <studyExtent>
                    <description>
                        <para>páramo occurs between ~200 m and ~ 4500 m elevation</para>
                    </description>
                </studyExtent>
                <samplingDescription>
                    <para>checklist by Luteyn (1999) has been followed</para>
                </samplingDescription>
            </sampling>
            <qualityControl>
                <description>
                    <para>scientific names are validated against The Plantlist (theplantlist.org), Tropicos (tropicos.org), IPNI (ipni.org)</para>
                </description>
            </qualityControl>
        </methods>

            <project >
                <title>Páramo pollen reference collection</title>
                <personnel>
                    <individualName>
                    <givenName>A. M.</givenName>
                    <surName>Cleef</surName>
                    </individualName>
                    <role>CONTENT_PROVIDER</role>
                </personnel>
                <abstract>
                    <para></para>
                </abstract>
                <funding>
                    <para>NWO (NL), WOTRO (NL), UvA/IBED (NL)</para>
                </funding>
                <studyAreaDescription>
                    <descriptor name="generic" citableClassificationSystem="false">
                        <descriptorValue>Ecuador, Colombia, Venezuela, Costa Rica</descriptorValue>
                    </descriptor>
                </studyAreaDescription>
                <designDescription>
                    <description>
                        <para>genera according to Luteyn (1999)</para>
                    </description>
                </designDescription>
            </project>
    </dataset>

    <additionalMetadata>
        <metadata>
            <gbif>
                <dateStamp>2025-07-16T11:47:21Z</dateStamp>
                <citation>Hooghiemstra H, Lyaruu A, Cleef A (2025). University of Amsterdam (NL) - Páramo pollen reference collection. Version 10.4. University of Amsterdam / IBED. Occurrence dataset https://doi.org/10.15468/aa9jxr accessed via GBIF.org on 2025-07-16.</citation>
                <bibliography>
                <citation>Hooghiemstra H. 1983 Pollen morphology of the Plantago species of the Colombian Andes and its application to fossil material. Rev. Acad. Colom. Cien. Exact. Fis. Nat. 15. (58): 41-65. Plantaginaceae, Pollen (PMBD, 185704426).</citation>
                <citation identifier="ISSN 0034-6667">MURILLO,M.T. &amp; BLESS,M.J.M. (1974) Spores of
recent Colombian Pteridophyta I. Trilete Spores.
Review Paleobotany Palynology 18, 223-269.</citation>
                <citation identifier="ISSN 0034-6667">MURILLO,M.T. &amp; BLESS,M.J.M. (1978) Spores of
recent colombian Pteridophyta II. Monolete Spores.
Review Paleobotany Palynology 25, 29-35.</citation>
                <citation identifier="ISSN 0034-6667">Smit, A., 1978. Pollen morphology of Polylepis boyacensis Cuatrecasas, Acaena cylindristachya Ruiz et Pavon and Acaena elongata L. (Rosaceae) and its application to fossil material. Smit, A.
Review Paleobotany Palynology 25 393-398.</citation>
                <citation identifier="ISSN 0034-6667">Van der Hammen T., Cleef, A.M., 1978 Pollenmorphology of Lysipomia H.B.K. and Rhizocephalum Wedd. (Campanulaceae) and the revision of the pollen determination &quot;Valeriana&quot; stenophylla Killip. Review Paleobotany Palynology 25. 367 - 376 - illus. (Sp) Palynology. Geog=4 Systematics: ANGIOSPERMAE (CAMPANULACEAE: RHIZOCEPHALUM) (KR, 197801452).</citation>
                <citation identifier="ISSN: 0036-8075">Hoorn, C, Wesselingh, F.P., Ter Steege, H., Bermudez, M.A., Mora, A., Sevink, J., Sanmartin, I., Sanchez-Meseguer, A., Anderson, C.L., Figueiredo, J.P., Jaramillo, C., Riff, D., Negri, F.R., Hooghiemstra, H., Lundberg, J., Stadler, T., Sarkinen, T., Antonelli, A., 2010. Amazonia through Ttme: Andean uplift, climate Change, Landscape Evolution, and Biodiversity Science 330, 927-931.</citation>
                <citation identifier="ISBN10 3768214044 ">HOOGHIEMSTRA, H., 1984. Vegetational and climatic
history of the high plain of Bogotá, Colombia. Dissertationes Botanicae 79, 368 pp. Cramer, Vaduz.</citation>
                </bibliography>
                <resourceLogoUrl>https://ipt.nlbif.nl/logo.do?r=paramo-pol-refcol</resourceLogoUrl>
                <collection>
                    <parentCollectionIdentifier>NA</parentCollectionIdentifier>
                    <collectionIdentifier>NA</collectionIdentifier>
                    <collectionName>Páramo pollen reference collection</collectionName>
                </collection>
                <specimenPreservationMethod>MICROSCOPIC_PREPARATION</specimenPreservationMethod>
            </gbif>
        </metadata>
    </additionalMetadata>
    </eml:eml>
