<?xml version="1.0" encoding="utf-8"?>
<eml:eml xmlns:eml="https://eml.ecoinformatics.org/eml-2.2.0" xmlns:xsi="http://www.w3.org/2001/XMLSchema-instance"
         xsi:schemaLocation="https://eml.ecoinformatics.org/eml-2.2.0 https://rs.gbif.org/schema/eml-gbif-profile/1.3/eml.xsd"
packageId="27b4ff4b-29c3-4017-9c48-3750861392f7"  system="http://gbif.org" scope="system"
xml:lang="en">
    <dataset>
        <alternateIdentifier>10.15468/63vxjd</alternateIdentifier>
        <alternateIdentifier>https://sernecportal.org/portal/collections/misc/collprofiles.php?collid=206</alternateIdentifier>
        <alternateIdentifier>http://sernecportal.org/portal/collections/misc/collprofiles.php?collid=206</alternateIdentifier>
        <title>University of North Carolina at Chapel Hill Herbarium: Vascular Plants</title>
        <creator>
            <organizationName>SERNEC</organizationName>
            <electronicMailAddress>hbrown@mailbox.sc.edu</electronicMailAddress>
            <onlineUrl>https://sernecportal.org/portal/index.php</onlineUrl>
        </creator>
        <metadataProvider>
            <organizationName>SERNEC</organizationName>
            <electronicMailAddress>hbrown@mailbox.sc.edu</electronicMailAddress>
            <onlineUrl>https://sernecportal.org/portal/index.php</onlineUrl>
        </metadataProvider>
        <associatedParty>
            <individualName>
                <givenName>Carol Ann</givenName>
                <surName>McCormick</surName>
            </individualName>
            <positionName>Herbarium Curatrix</positionName>
            <electronicMailAddress>mccormick@unc.edu</electronicMailAddress>
            <role>CONTENT_PROVIDER</role>
        </associatedParty>
        <associatedParty>
            <individualName>
                <givenName>Alan</givenName>
                <surName>Weakley</surName>
            </individualName>
            <positionName>Herbarium Director</positionName>
            <electronicMailAddress>weakley@unc.edu</electronicMailAddress>
            <role>CONTENT_PROVIDER</role>
        </associatedParty>
        <associatedParty>
            <individualName>
                <givenName>Shanna</givenName>
                <surName>Oberreiter</surName>
            </individualName>
            <positionName>Herbarium Assistant Curatrix</positionName>
            <electronicMailAddress>oberreit@email.unc.edu</electronicMailAddress>
            <role>CONTENT_PROVIDER</role>
        </associatedParty>
        <pubDate>
                2025-06-30
        </pubDate>
        <language>ENGLISH</language>
        <abstract>
            <para>NCU curates vascular plants, macroalgae, fungi, lichens, bryophytes and fossilized plants of the Devonian.&amp;nbsp; NCU incorporated HNH (in part; 2002); NCATG (in full, 2025); and SAPCL (in full, 2025).</para>
        </abstract>
        <intellectualRights>
            <para>This work is licensed under a <ulink url="http://creativecommons.org/licenses/by-nc/4.0/legalcode"><citetitle>Creative Commons Attribution Non Commercial (CC-BY-NC) 4.0 License</citetitle></ulink>.</para>
        </intellectualRights>
        <licensed>
            <licenseName>Creative Commons Attribution Non Commercial 4.0 International</licenseName>
            <url>https://spdx.org/licenses/CC-BY-NC-4.0.html</url>
            <identifier>CC-BY-NC-4.0</identifier>
        </licensed>
        <distribution scope="document">
            <online>
                <url function="download">https://sernecportal.org/portal/content/dwca/NCU-VascularPlants_DwC-A.zip</url>
            </online>
        </distribution>
        <contact>
            <organizationName>University of North Carolina at Chapel Hill Herbarium: Vascular Plants</organizationName>
            <phone>[1] 919 962 6931</phone>
            <electronicMailAddress>mccormick@unc.edu</electronicMailAddress>
            <onlineUrl>https://ncbg.unc.edu/research/unc-herbarium/</onlineUrl>
        </contact>

    </dataset>

    <additionalMetadata>
        <metadata>
            <gbif>
                <dateStamp>2025-07-16T11:43:19Z</dateStamp>
                <citation>University of North Carolina at Chapel Hill Herbarium (NCU) (2025). University of North Carolina at Chapel Hill Herbarium: Vascular Plants. Occurrence dataset https://doi.org/10.15468/63vxjd accessed via GBIF.org on 2025-07-16.</citation>
            </gbif>
        </metadata>
    </additionalMetadata>
    </eml:eml>
