<?xml version="1.0" encoding="utf-8"?>
<eml:eml xmlns:eml="https://eml.ecoinformatics.org/eml-2.2.0" xmlns:xsi="http://www.w3.org/2001/XMLSchema-instance"
         xsi:schemaLocation="https://eml.ecoinformatics.org/eml-2.2.0 https://rs.gbif.org/schema/eml-gbif-profile/1.3/eml.xsd"
packageId="4e287c72-c3f3-492c-ba43-d0fe8a97bba1"  system="http://gbif.org" scope="system"
xml:lang="en">
    <dataset>
        <alternateIdentifier>10.15468/xrjeh0</alternateIdentifier>
        <alternateIdentifier>https://science-net.kahaku.go.jp/ipt2/resource?r=snet-1138-104</alternateIdentifier>
        <alternateIdentifier>http://science-net.kahaku.go.jp/ipt2/resource?r=snet-1138-104</alternateIdentifier>
        <alternateIdentifier>4e287c72-c3f3-492c-ba43-d0fe8a97bba1</alternateIdentifier>
        <alternateIdentifier>http://gbif.science-net.kahaku.go.jp:8081/ipt2/resource?r=snet-1138-104</alternateIdentifier>
        <title>Plant specimens of Komatsu City Museum</title>
        <creator>
            <individualName>
                <givenName>Yukimasa</givenName>
                <surName>Nashiki</surName>
            </individualName>
            <organizationName>Komatsu City Museum</organizationName>
            <positionName>Curator</positionName>
            <address>
                <country>JAPAN</country>
            </address>
            <electronicMailAddress>nashiki@city.komatsu.lg.jp</electronicMailAddress>
        </creator>
        <metadataProvider>
            <individualName>
                <givenName>Yukimasa</givenName>
                <surName>Nashiki</surName>
            </individualName>
            <organizationName>Komatsu City Museum</organizationName>
            <positionName>Curator</positionName>
            <address>
                <country>JAPAN</country>
            </address>
            <electronicMailAddress>nashiki@city.komatsu.lg.jp</electronicMailAddress>
        </metadataProvider>
        <pubDate>
                2025-02-14
        </pubDate>
        <language>ENGLISH</language>
        <abstract>
            <para>Plant specimens deposited in Komatsu City Museum</para>
        </abstract>
        <keywordSet>
            <keyword>Occurrence</keyword>
            <keywordThesaurus>GBIF Dataset Type Vocabulary: http://rs.gbif.org/vocabulary/gbif/dataset_type_2015-07-10.xml</keywordThesaurus>
        </keywordSet>
        <intellectualRights>
            <para>This work is licensed under a <ulink url="http://creativecommons.org/licenses/by/4.0/legalcode"><citetitle>Creative Commons Attribution (CC-BY) 4.0 License</citetitle></ulink>.</para>
        </intellectualRights>
        <licensed>
            <licenseName>Creative Commons Attribution 4.0 International</licenseName>
            <url>https://spdx.org/licenses/CC-BY-4.0.html</url>
            <identifier>CC-BY-4.0</identifier>
        </licensed>
        <distribution scope="document">
            <online>
                <url function="download">https://science-net.kahaku.go.jp/ipt2/archive.do?r=snet-1138-104</url>
            </online>
        </distribution>
        <maintenance>
            <description>
                <para></para>
            </description>
            <maintenanceUpdateFrequency>unkown</maintenanceUpdateFrequency>
        </maintenance>
        <contact>
            <individualName>
                <givenName>Yukimasa</givenName>
                <surName>Nashiki</surName>
            </individualName>
            <organizationName>Komatsu City Museum</organizationName>
            <positionName>Curator</positionName>
            <address>
                <country>JAPAN</country>
            </address>
            <electronicMailAddress>nashiki@city.komatsu.lg.jp</electronicMailAddress>
        </contact>

    </dataset>

    <additionalMetadata>
        <metadata>
            <gbif>
                <dateStamp>2025-07-16T11:47:21Z</dateStamp>
                <citation>Nashiki Y (2025). Plant specimens of Komatsu City Museum. Version 1.4. National Museum of Nature and Science, Japan. Occurrence dataset https://doi.org/10.15468/xrjeh0 accessed via GBIF.org on 2025-07-16.</citation>
            </gbif>
        </metadata>
    </additionalMetadata>
    </eml:eml>
