<?xml version="1.0" encoding="utf-8"?>
<eml:eml xmlns:eml="https://eml.ecoinformatics.org/eml-2.2.0" xmlns:xsi="http://www.w3.org/2001/XMLSchema-instance"
         xsi:schemaLocation="https://eml.ecoinformatics.org/eml-2.2.0 https://rs.gbif.org/schema/eml-gbif-profile/1.3/eml.xsd"
packageId="5d562555-3f19-4da6-9a37-556aa70f691b"  system="http://gbif.org" scope="system"
xml:lang="en">
    <dataset>
        <alternateIdentifier>10.15468/hdpmbj</alternateIdentifier>
        <alternateIdentifier>https://soroherbaria.org/portal/collections/misc/collprofiles.php?collid=388</alternateIdentifier>
        <alternateIdentifier>https://www.soroherbaria.org/portal/collections/misc/collprofiles.php?collid=388</alternateIdentifier>
        <title>University of Northern Colorado Herbarium</title>
        <creator>
            <organizationName>Southern Rocky Mountain Herbaria</organizationName>
            <electronicMailAddress>james.r.allen@colorado.edu</electronicMailAddress>
            <onlineUrl>https://www.soroherbaria.org/portal/index.php</onlineUrl>
        </creator>
        <metadataProvider>
            <organizationName>Southern Rocky Mountain Herbaria</organizationName>
            <electronicMailAddress>james.r.allen@colorado.edu</electronicMailAddress>
            <onlineUrl>https://www.soroherbaria.org/portal/index.php</onlineUrl>
        </metadataProvider>
        <associatedParty>
            <individualName>
                <surName>Mitchell McGlaughlin</surName>
            </individualName>
            <electronicMailAddress>Mitchell.McGlaughlin@unco.edu</electronicMailAddress>
            <role>CONTENT_PROVIDER</role>
        </associatedParty>
        <pubDate>
                2024-12-03
        </pubDate>
        <language>ENGLISH</language>
        <abstract>
            <para>GREE (shortened from &amp;#34;Greeley&amp;#34;) is the standard acronym for the UNC Herbarium, which currently has about 35,000 specimens, about 10,000 of which are backlogged (not mounted and filed). Over the past eight years GREE has been the fastest growing herbarium in the region on a percentage basis, having increased its holdings by over 300%. Estimated specimens by geographical origin include: Southern Rockies - 75%, High Plains - 5%, North America at large - 15%, world at large - 5%. Our facilities include were newly renovated in 2002 and currently provide storage capacity for about 65,000 specimens.</para>
        </abstract>
        <intellectualRights>
            <para>This work is licensed under a <ulink url="http://creativecommons.org/licenses/by-nc/4.0/legalcode"><citetitle>Creative Commons Attribution Non Commercial (CC-BY-NC) 4.0 License</citetitle></ulink>.</para>
        </intellectualRights>
        <licensed>
            <licenseName>Creative Commons Attribution Non Commercial 4.0 International</licenseName>
            <url>https://spdx.org/licenses/CC-BY-NC-4.0.html</url>
            <identifier>CC-BY-NC-4.0</identifier>
        </licensed>
        <distribution scope="document">
            <online>
                <url function="download">https://www.soroherbaria.org/portal/content/dwca/GREE-GREE_DwC-A.zip</url>
            </online>
        </distribution>
        <contact>
            <organizationName>University of Northern Colorado Herbarium</organizationName>
            <electronicMailAddress>Mitchell.McGlaughlin@unco.edu</electronicMailAddress>
            <onlineUrl>http://www.unco.edu/biology/herbarium/</onlineUrl>
        </contact>

    </dataset>

    <additionalMetadata>
        <metadata>
            <gbif>
                <dateStamp>2025-07-16T11:43:32Z</dateStamp>
                <citation>University of Northern Colorado (2024). University of Northern Colorado Herbarium. Occurrence dataset https://doi.org/10.15468/hdpmbj accessed via GBIF.org on 2025-07-16.</citation>
            </gbif>
        </metadata>
    </additionalMetadata>
    </eml:eml>
