<?xml version="1.0" encoding="utf-8"?>
<eml:eml xmlns:eml="https://eml.ecoinformatics.org/eml-2.2.0" xmlns:xsi="http://www.w3.org/2001/XMLSchema-instance"
         xsi:schemaLocation="https://eml.ecoinformatics.org/eml-2.2.0 https://rs.gbif.org/schema/eml-gbif-profile/1.3/eml.xsd"
packageId="67f33aea-2c4b-475b-b243-91ca1b9dd29a"  system="http://gbif.org" scope="system"
xml:lang="pt">
    <dataset>
        <alternateIdentifier>10.15468/tbtrr3</alternateIdentifier>
        <alternateIdentifier>https://ipt.jbrj.gov.br/reflora/resource?r=alcb_herbarium</alternateIdentifier>
        <alternateIdentifier>67f33aea-2c4b-475b-b243-91ca1b9dd29a</alternateIdentifier>
        <alternateIdentifier>http://ipt.jbrj.gov.br/reflora/resource?r=alcb_herbarium</alternateIdentifier>
        <title>ALCB herbarium - Universidade Federal da Bahia - Herbário Virtual REFLORA</title>
        <creator>
            <individualName>
                <givenName>José Marcos Castro</givenName>
                <surName>Nunes</surName>
            </individualName>
            <organizationName>Universidade Federal da Bahia</organizationName>
            <positionName>Curator</positionName>
            <address>
                <deliveryPoint>Universidade Federal da Bahia Instituto de Biologia - Herbário ALCB Rua Barão de Jeremoabo s/n - Campus de Ondina</deliveryPoint>
                <city>Salvador</city>
                <administrativeArea>Bahia</administrativeArea>
                <country>BRAZIL</country>
            </address>
            <electronicMailAddress>jmcnunes2000@gmail.com</electronicMailAddress>
        </creator>
        <metadataProvider>
            <individualName>
                <givenName>Angelis Farias da Silva</givenName>
                <surName>Nascimento</surName>
            </individualName>
            <organizationName>Universidade Federal da Bahia</organizationName>
            <positionName>Assistant</positionName>
            <address>
                <deliveryPoint>Universidade Federal da Bahia Instituto de Biologia - Herbário ALCB Rua Barão de Jeremoabo s/n - Campus de Ondina</deliveryPoint>
                <city>Salvador</city>
                <administrativeArea>Bahia</administrativeArea>
                <postalCode>40.170-115</postalCode>
                <country>BRAZIL</country>
            </address>
            <electronicMailAddress>angelisfa2@yahoo.com.br</electronicMailAddress>
        </metadataProvider>
        <pubDate>
                2025-07-01
        </pubDate>
        <language>PORTUGUESE</language>
        <abstract>
            <para>The ALCB Herbarium was founded in 1950 by Prof. Dr. Alexandre Leal Costa and was initially conceived to house several historical collections, including those of the Joaquim Monteiro Caminhoá Herbarium (Faculty of Medicine of Bahia – established in 1808 upon the arrival of D. João VI in Brazil), the Herbarium of the Faculty of Philosophy of UFBA (also initiated in 1808), the Herbarium of Colégio Padre Antonio Vieira (founded in 1911), and the collection of Pierre Verger (1902–1996). Verger, an ethnographer, photographer, anthropologist, historian, ethnobotanist, and professor at UFBA, collected plants from candomblé terreiros in Bahia. He personally donated his complete collection to the ALCB Herbarium in 1976, which represents an important part of the cultural and historical heritage of the people of Bahia. The ALCB collection comprises approximately 136,087 specimens, making it the 14th largest herbarium in Brazil and the third largest in Bahia. It includes specimens from all ecosystems in the state, the largest bryophyte collection in the Brazilian Northeast, the fourth-largest marine macroalgae collection in Brazil (and the largest in the North and Northeast regions), and the most extensive collection of macroscopic fungi in the Northeast. Lastly, the ALCB collection is fully digitized, with 37% of the specimens photographed in high definition (HD). The database and images are available on four digital platforms, including speciesLink, SiBBr, Reflora, and GBIF.
</para><para>
#--------------------
</para><para>
O ALCB foi fundado em 1950 pelo Prof. Dr. Alexandre Leal Costa e foi inicialmente concebido para abrigar várias coleções históricas, entre elas as do Herbário de Joaquim Monteiro Caminhoá (Faculdade de Medicina da Bahia - iniciada em 1808 quando da chegada de D. João VI ao Brasil), Herbário da Faculdade de Filosofia da UFBA (iniciada em 1808), Herbário do Colégio Padre Antonio Vieira (fundado em 1911) e a coleção de Pierre Verger (1902-1996), etnógrafo, fotógrafo, antropólogo, historiador, etnobotânico e professor da UFBA, que coletou as plantas nos terreiros de candomblés da Bahia. A coleção completa foi doada pelo próprio Verger ao Herbário ALCB em 1976 e representa parte da cultura e memória do povo do estado da Bahia. O acervo do ALCB inclui cerca de 136.087 espécimes, o que o torna o 14º maior herbário do Brasil e o terceiro maior da Bahia. O herbário tem coletas abrangentes em todos os ecossistemas no estado, a maior coleção de briófitas do Nordeste brasileiro, a 4ª maior coleção de macroalgas marinhas do Brasil e a maior do Norte e Nordeste do país, além da maior coleção de fungos macroscópicos da região Nordeste. Por fim, o acervo do ALCB está totalmente informatizado e 37% está fotografado em imagens HD, sendo que o banco de dados e as imagens estão disponibilizados em quatro plataformas digitais (e.g., speciesLink, SiBBr, Reflora, GBIF).</para>
        </abstract>
        <keywordSet>
            <keyword>Occurrence</keyword>
            <keywordThesaurus>GBIF Dataset Type Vocabulary: http://rs.gbif.org/vocabulary/gbif/dataset_type.xml</keywordThesaurus>
        </keywordSet>
        <keywordSet>
            <keyword>Specimen</keyword>
            <keywordThesaurus>GBIF Dataset Subtype Vocabulary: http://rs.gbif.org/vocabulary/gbif/dataset_subtype.xml</keywordThesaurus>
        </keywordSet>
        <keywordSet>
            <keyword>Occurrence</keyword>
            <keywordThesaurus>GBIF Dataset Type Vocabulary: http://rs.gbif.org/vocabulary/gbif/dataset_type_2015-07-10.xml</keywordThesaurus>
        </keywordSet>
        <intellectualRights>
            <para>This work is licensed under a <ulink url="http://creativecommons.org/licenses/by/4.0/legalcode"><citetitle>Creative Commons Attribution (CC-BY) 4.0 License</citetitle></ulink>.</para>
        </intellectualRights>
        <licensed>
            <licenseName>Creative Commons Attribution 4.0 International</licenseName>
            <url>https://spdx.org/licenses/CC-BY-4.0.html</url>
            <identifier>CC-BY-4.0</identifier>
        </licensed>
        <distribution scope="document">
            <online>
                <url function="download">https://ipt.jbrj.gov.br/reflora/archive.do?r=alcb_herbarium</url>
            </online>
        </distribution>
        <coverage>
            <geographicCoverage>
                <geographicDescription>Abrangência em todo o estado da Bahia</geographicDescription>
                <boundingCoordinates>
                    <westBoundingCoordinate>-46.604</westBoundingCoordinate>
                    <eastBoundingCoordinate>-37.222</eastBoundingCoordinate>
                    <northBoundingCoordinate>-8.472</northBoundingCoordinate>
                    <southBoundingCoordinate>-18.334</southBoundingCoordinate>
                </boundingCoordinates>
            </geographicCoverage>
        </coverage>
        <maintenance>
            <description>
                <para></para>
            </description>
            <maintenanceUpdateFrequency>weekly</maintenanceUpdateFrequency>
        </maintenance>
        <contact>
            <individualName>
                <givenName>José Marcos Castro</givenName>
                <surName>Nunes</surName>
            </individualName>
            <organizationName>Universidade Federal da Bahia</organizationName>
            <positionName>Curator</positionName>
            <address>
                <deliveryPoint>Universidade Federal da Bahia, Instituto de Biologia, Herbário ALCB, Rua Barão de Jeremoabo s/n - Campus de Ondina</deliveryPoint>
                <city>Salvador</city>
                <administrativeArea>Bahia</administrativeArea>
                <postalCode>40.170-115</postalCode>
                <country>BRAZIL</country>
            </address>
            <electronicMailAddress>jmcnunes2000@gmail.com</electronicMailAddress>
        </contact>
        <contact>
            <individualName>
                <givenName>Rafaela</givenName>
                <surName>Forzza</surName>
            </individualName>
            <organizationName>Rio de Janeiro Botanical Garden</organizationName>
            <positionName>Reflora coordinator</positionName>
            <address>
                <deliveryPoint>Rua Pacheco Leão 915</deliveryPoint>
                <city>Rio de Janeiro</city>
                <administrativeArea>RJ</administrativeArea>
                <postalCode>22460-030</postalCode>
                <country>BRAZIL</country>
            </address>
            <phone>+552132042082</phone>
            <electronicMailAddress>reflora@jbrj.gov.br</electronicMailAddress>
        </contact>
        <methods>
            <methodStep>
                <description>
                    <para>Step description</para>
                </description>
            </methodStep>
            <qualityControl>
                <description>
                    <para>O espécime introduzido deve estar fértil, com descrição completa da localidade de coleta e coletores e, preferencialmente, com coordenadas geográficas e altitude.</para>
                </description>
            </qualityControl>
        </methods>

    </dataset>

    <additionalMetadata>
        <metadata>
            <gbif>
                <dateStamp>2025-07-16T11:47:23Z</dateStamp>
                <citation>Nunes J M C, Nascimento A F D S (2025). ALCB herbarium - Universidade Federal da Bahia - Herbário Virtual REFLORA. Version 1.281. Instituto de Pesquisas Jardim Botanico do Rio de Janeiro. Occurrence dataset https://doi.org/10.15468/tbtrr3 accessed via GBIF.org on 2025-07-16.</citation>
                <resourceLogoUrl>http://ipt.jbrj.gov.br/reflora/logo.do?r=alcb_herbarium</resourceLogoUrl>
            </gbif>
        </metadata>
    </additionalMetadata>
    </eml:eml>
