<?xml version="1.0" encoding="utf-8"?>
<eml:eml xmlns:eml="https://eml.ecoinformatics.org/eml-2.2.0" xmlns:xsi="http://www.w3.org/2001/XMLSchema-instance"
         xsi:schemaLocation="https://eml.ecoinformatics.org/eml-2.2.0 https://rs.gbif.org/schema/eml-gbif-profile/1.3/eml.xsd"
packageId="7b9b21da-f762-11e1-a439-00145eb45e9a"  system="http://gbif.org" scope="system"
xml:lang="en">
    <dataset>
        <alternateIdentifier>10.15468/2l5qts</alternateIdentifier>
        <alternateIdentifier>http://id.snsb.info/snsb/projects/374</alternateIdentifier>
        <alternateIdentifier>11997</alternateIdentifier>
        <title>IBF Monitoring of Vascular Plants</title>
        <creator>
            <individualName>
                <surName>Jürgen Klotz</surName>
            </individualName>
            <electronicMailAddress>juergen.klotz@biologie.uni-regensburg.de</electronicMailAddress>
        </creator>
        <creator>
            <individualName>
                <surName>Wolfgang Ahlmer</surName>
            </individualName>
            <electronicMailAddress>ahlmer@snsb.de</electronicMailAddress>
        </creator>
        <associatedParty>
            <individualName>
                <surName>Staatliche Naturwissenschaftliche Sammlungen Bayerns – SNSB IT Center, München</surName>
            </individualName>
            <electronicMailAddress>snsb-it-center@snsb.de</electronicMailAddress>
            <role>TECHNICAL_POINT_OF_CONTACT</role>
        </associatedParty>
        <language>en</language>
        <abstract>
            http://www.diversitymobile.net/wiki/IBFplantscoll_About
        </abstract>
        <intellectualRights>
            <para>This work is licensed under a <ulink url="http://creativecommons.org/licenses/by/4.0/legalcode"><citetitle>Creative Commons Attribution (CC-BY) 4.0 License</citetitle></ulink>.</para>
        </intellectualRights>
        <licensed>
            <licenseName>Creative Commons Attribution 4.0 International</licenseName>
            <url>https://spdx.org/licenses/CC-BY-4.0.html</url>
            <identifier>CC-BY-4.0</identifier>
        </licensed>
        <distribution scope="document">
            <online>
                <url function="information">http://www.diversitymobile.net/wiki/IBFplantscoll_About</url>
            </online>
        </distribution>
        <contact>
            <individualName>
                <surName>Jürgen Klotz</surName>
            </individualName>
            <electronicMailAddress>juergen.klotz@biologie.uni-regensburg.de</electronicMailAddress>
        </contact>
        <contact>
            <individualName>
                <surName>Wolfgang Ahlmer</surName>
            </individualName>
            <electronicMailAddress>ahlmer@snsb.de</electronicMailAddress>
        </contact>

    </dataset>

    <additionalMetadata>
        <metadata>
            <gbif>
                <dateStamp>2025-07-16T11:42:16Z</dateStamp>
                <citation>Staatliche Naturwissenschaftliche Sammlungen Bayerns. IBF Monitoring of Vascular Plants. Occurrence dataset https://doi.org/10.15468/2l5qts accessed via GBIF.org on 2025-07-16.</citation>
            </gbif>
        </metadata>
    </additionalMetadata>
    </eml:eml>
