<?xml version="1.0" encoding="utf-8"?>
<eml:eml xmlns:eml="https://eml.ecoinformatics.org/eml-2.2.0" xmlns:xsi="http://www.w3.org/2001/XMLSchema-instance"
         xsi:schemaLocation="https://eml.ecoinformatics.org/eml-2.2.0 https://rs.gbif.org/schema/eml-gbif-profile/1.3/eml.xsd"
packageId="7f8fd849-af78-4eb4-b764-5b11346aa193"  system="http://gbif.org" scope="system"
xml:lang="en">
    <dataset>
        <alternateIdentifier>10.15468/5yc69s</alternateIdentifier>
        <alternateIdentifier>7f8fd849-af78-4eb4-b764-5b11346aa193</alternateIdentifier>
        <alternateIdentifier>https://registry.nbnatlas.org/public/show/dr3310</alternateIdentifier>
        <alternateIdentifier>8829fa45-83c5-36f7-b901-69e5379b2da9</alternateIdentifier>
        <title>Record species dataset covering Cheshire, Halton, Warrington &amp; Wirral</title>
        <creator>
            <organizationName>Record</organizationName>
        </creator>
        <metadataProvider>
            <organizationName>Record</organizationName>
        </metadataProvider>
        <associatedParty>
            <organizationName>NBN Atlas</organizationName>
            <address>
                <deliveryPoint>27 Old Gloucester St, Holborn</deliveryPoint>
                <city>London</city>
                <administrativeArea>London</administrativeArea>
                <postalCode>WC1N 3AX</postalCode>
                <country>UNITED_KINGDOM</country>
            </address>
            <electronicMailAddress>admin@nbnatlas.org</electronicMailAddress>
            <role>DISTRIBUTOR</role>
        </associatedParty>
        <pubDate>
                2025-05-08
        </pubDate>
        <language>ENGLISH</language>
        <abstract>
            <para>Species data covering multiple taxa from the 1800&amp;#39;s to present for the geographical areas of Cheshire, Halton, Warrington and Wirral.</para>
        </abstract>
        <intellectualRights>
            <para>This work is licensed under a <ulink url="http://creativecommons.org/licenses/by-nc/4.0/legalcode"><citetitle>Creative Commons Attribution Non Commercial (CC-BY-NC) 4.0 License</citetitle></ulink>.</para>
        </intellectualRights>
        <licensed>
            <licenseName>Creative Commons Attribution Non Commercial 4.0 International</licenseName>
            <url>https://spdx.org/licenses/CC-BY-NC-4.0.html</url>
            <identifier>CC-BY-NC-4.0</identifier>
        </licensed>
        <distribution scope="document">
            <online>
                <url function="information">https://registry.nbnatlas.org/public/show/dr3310</url>
            </online>
        </distribution>
        <distribution scope="document">
            <online>
                <url function="download">https://registry.nbnatlas.org/archives/dr3310/dr3310.zip</url>
            </online>
        </distribution>
        <purpose>&lt;para/&gt;</purpose>
        <contact>
            <positionName>editor</positionName>
            <electronicMailAddress>Info@record-lrc.co.uk</electronicMailAddress>
        </contact>

    </dataset>

    <additionalMetadata>
        <metadata>
            <gbif>
                <dateStamp>2025-07-16T11:40:57Z</dateStamp>
                <citation>Record (2025). Record species dataset covering Cheshire, Halton, Warrington &amp; Wirral. Occurrence dataset https://doi.org/10.15468/5yc69s accessed via GBIF.org on 2025-07-16.</citation>
                <resourceLogoUrl>https://registry.nbnatlas.org/data/dataProvider/record1.jpg</resourceLogoUrl>
            </gbif>
        </metadata>
    </additionalMetadata>
    </eml:eml>
