<?xml version="1.0" encoding="utf-8"?>
<eml:eml xmlns:eml="https://eml.ecoinformatics.org/eml-2.2.0" xmlns:xsi="http://www.w3.org/2001/XMLSchema-instance"
         xsi:schemaLocation="https://eml.ecoinformatics.org/eml-2.2.0 https://rs.gbif.org/schema/eml-gbif-profile/1.3/eml.xsd"
packageId="95f4f542-f762-11e1-a439-00145eb45e9a"  system="http://gbif.org" scope="system"
xml:lang="en">
    <dataset>
        <alternateIdentifier>10.15468/ordd9f</alternateIdentifier>
        <alternateIdentifier>https://science-net.kahaku.go.jp/ipt2/resource?r=snet-1039-101</alternateIdentifier>
        <alternateIdentifier>http://science-net.kahaku.go.jp/ipt2/resource?r=snet-1039-101</alternateIdentifier>
        <alternateIdentifier>http://gbif.science-net.kahaku.go.jp:8081/ipt2/resource?r=snet-1039-101</alternateIdentifier>
        <alternateIdentifier>95f4f542-f762-11e1-a439-00145eb45e9a</alternateIdentifier>
        <alternateIdentifier>8018</alternateIdentifier>
        <title>Gunma Museum of Natural History, Vascular Plant Specimen</title>
        <creator>
            <individualName>
                <givenName>Takehiro</givenName>
                <surName>Ohmori</surName>
            </individualName>
            <organizationName>Gunma Museum of Natural History</organizationName>
            <positionName>Educator, Dr.</positionName>
            <address>
                <country>JAPAN</country>
            </address>
            <electronicMailAddress>ohmori@gmnh.pref.gunma.jp</electronicMailAddress>
        </creator>
        <metadataProvider>
            <individualName>
                <givenName>Toshiyuki</givenName>
                <surName>Kimura</surName>
            </individualName>
            <organizationName>Gunma Museum of Natural History</organizationName>
            <positionName>Curator, Dr.</positionName>
            <address>
                <country>JAPAN</country>
            </address>
            <electronicMailAddress>kimura@gmnh.pref.gunma.jp</electronicMailAddress>
        </metadataProvider>
        <pubDate>
                2025-02-10
        </pubDate>
        <language>ENGLISH</language>
        <abstract>
            <para>Vascular plant specimens deposited at Gunma Museum of Natural History.</para>
        </abstract>
        <keywordSet>
            <keyword>Occurrence</keyword>
            <keywordThesaurus>GBIF Dataset Type Vocabulary: http://rs.gbif.org/vocabulary/gbif/dataset_type_2015-07-10.xml</keywordThesaurus>
        </keywordSet>
        <intellectualRights>
            <para>This work is licensed under a <ulink url="http://creativecommons.org/licenses/by/4.0/legalcode"><citetitle>Creative Commons Attribution (CC-BY) 4.0 License</citetitle></ulink>.</para>
        </intellectualRights>
        <licensed>
            <licenseName>Creative Commons Attribution 4.0 International</licenseName>
            <url>https://spdx.org/licenses/CC-BY-4.0.html</url>
            <identifier>CC-BY-4.0</identifier>
        </licensed>
        <distribution scope="document">
            <online>
                <url function="information">http://www.gmnh.pref.gunma.jp/</url>
            </online>
        </distribution>
        <distribution scope="document">
            <online>
                <url function="download">https://science-net.kahaku.go.jp/ipt2/archive.do?r=snet-1039-101</url>
            </online>
        </distribution>
        <maintenance>
            <description>
                <para></para>
            </description>
            <maintenanceUpdateFrequency>unkown</maintenanceUpdateFrequency>
        </maintenance>
        <contact>
            <individualName>
                <givenName>Toshiyuki</givenName>
                <surName>Kimura</surName>
            </individualName>
            <organizationName>Gunma Museum of Natural History</organizationName>
            <positionName>Curator, Dr.</positionName>
            <address>
                <country>JAPAN</country>
            </address>
            <electronicMailAddress>kimura@gmnh.pref.gunma.jp</electronicMailAddress>
        </contact>

    </dataset>

    <additionalMetadata>
        <metadata>
            <gbif>
                <dateStamp>2025-07-16T11:47:22Z</dateStamp>
                <citation>Ohmori T, Kimura T (2025). Gunma Museum of Natural History, Vascular Plant Specimen. National Museum of Nature and Science, Japan. Occurrence dataset https://doi.org/10.15468/ordd9f accessed via GBIF.org on 2025-07-16.</citation>
            </gbif>
        </metadata>
    </additionalMetadata>
    </eml:eml>
