<?xml version="1.0" encoding="utf-8"?>
<eml:eml xmlns:eml="https://eml.ecoinformatics.org/eml-2.2.0" xmlns:xsi="http://www.w3.org/2001/XMLSchema-instance"
         xsi:schemaLocation="https://eml.ecoinformatics.org/eml-2.2.0 https://rs.gbif.org/schema/eml-gbif-profile/1.3/eml.xsd"
packageId="9603ec46-f762-11e1-a439-00145eb45e9a"  system="http://gbif.org" scope="system"
xml:lang="en">
    <dataset>
        <alternateIdentifier>10.15468/gbvjsx</alternateIdentifier>
        <alternateIdentifier>https://science-net.kahaku.go.jp/ipt2/resource?r=snet-1058-102</alternateIdentifier>
        <alternateIdentifier>http://science-net.kahaku.go.jp/ipt2/resource?r=snet-1058-102</alternateIdentifier>
        <alternateIdentifier>http://gbif.science-net.kahaku.go.jp:8081/ipt2/resource?r=snet-1058-102</alternateIdentifier>
        <alternateIdentifier>9603ec46-f762-11e1-a439-00145eb45e9a</alternateIdentifier>
        <alternateIdentifier>8034</alternateIdentifier>
        <title>Vascular plants collection of Hiratsuka City Museum</title>
        <creator>
            <individualName>
                <givenName>Noriiko</givenName>
                <surName>Matsumoto</surName>
            </individualName>
            <organizationName>Hiratsuka City Museum</organizationName>
            <positionName>Curator</positionName>
            <address>
                <country>JAPAN</country>
            </address>
            <electronicMailAddress>muse@city.hiratsuka.kanagawa.jp</electronicMailAddress>
        </creator>
        <metadataProvider>
            <individualName>
                <givenName>Noriiko</givenName>
                <surName>Matsumoto</surName>
            </individualName>
            <organizationName>Hiratsuka City Museum</organizationName>
            <positionName>Curator</positionName>
            <address>
                <country>JAPAN</country>
            </address>
            <electronicMailAddress>muse@city.hiratsuka.kanagawa.jp</electronicMailAddress>
        </metadataProvider>
        <pubDate>
                2023-03-22
        </pubDate>
        <language>ENGLISH</language>
        <abstract>
            Vascular plants collection deposited in Hiratsuka City Museum
        </abstract>
        <keywordSet>
            <keyword>Occurrence</keyword>
            <keywordThesaurus>GBIF Dataset Type Vocabulary: http://rs.gbif.org/vocabulary/gbif/dataset_type_2015-07-10.xml</keywordThesaurus>
        </keywordSet>
        <intellectualRights>
            <para>This work is licensed under a <ulink url="http://creativecommons.org/licenses/by/4.0/legalcode"><citetitle>Creative Commons Attribution (CC-BY) 4.0 License</citetitle></ulink>.</para>
        </intellectualRights>
        <licensed>
            <licenseName>Creative Commons Attribution 4.0 International</licenseName>
            <url>https://spdx.org/licenses/CC-BY-4.0.html</url>
            <identifier>CC-BY-4.0</identifier>
        </licensed>
        <distribution scope="document">
            <online>
                <url function="information">http://www.hirahaku.jp/english/</url>
            </online>
        </distribution>
        <distribution scope="document">
            <online>
                <url function="download">https://science-net.kahaku.go.jp/ipt2/archive.do?r=snet-1058-102</url>
            </online>
        </distribution>
        <maintenance>
            <description>
                <para></para>
            </description>
            <maintenanceUpdateFrequency>unkown</maintenanceUpdateFrequency>
        </maintenance>
        <contact>
            <individualName>
                <givenName>Noriiko</givenName>
                <surName>Matsumoto</surName>
            </individualName>
            <organizationName>Hiratsuka City Museum</organizationName>
            <positionName>Curator</positionName>
            <address>
                <country>JAPAN</country>
            </address>
            <electronicMailAddress>muse@city.hiratsuka.kanagawa.jp</electronicMailAddress>
        </contact>

    </dataset>

    <additionalMetadata>
        <metadata>
            <gbif>
                <dateStamp>2025-07-16T11:47:24Z</dateStamp>
                <citation>Matsumoto N (2023). Vascular plants collection of Hiratsuka City Museum. National Museum of Nature and Science, Japan. Occurrence dataset https://doi.org/10.15468/gbvjsx accessed via GBIF.org on 2025-07-16.</citation>
            </gbif>
        </metadata>
    </additionalMetadata>
    </eml:eml>
