<?xml version="1.0" encoding="utf-8"?>
<eml:eml xmlns:eml="https://eml.ecoinformatics.org/eml-2.2.0" xmlns:xsi="http://www.w3.org/2001/XMLSchema-instance"
         xsi:schemaLocation="https://eml.ecoinformatics.org/eml-2.2.0 https://rs.gbif.org/schema/eml-gbif-profile/1.3/eml.xsd"
packageId="97695324-8a6d-4a1c-98aa-16dbac2eb167"  system="http://gbif.org" scope="system"
xml:lang="en">
    <dataset>
        <alternateIdentifier>10.15468/wrrrke</alternateIdentifier>
        <alternateIdentifier>https://ngpherbaria.org/portal/collections/misc/collprofiles.php?collid=163</alternateIdentifier>
        <title>Chadron State College, High Plains Herbarium</title>
        <creator>
            <organizationName>Great Plains Herbaria</organizationName>
            <electronicMailAddress>seinetAdmin@asu.edu</electronicMailAddress>
            <onlineUrl>https://ngpherbaria.org/portal/index.php</onlineUrl>
        </creator>
        <metadataProvider>
            <organizationName>Great Plains Herbaria</organizationName>
            <electronicMailAddress>seinetAdmin@asu.edu</electronicMailAddress>
            <onlineUrl>https://ngpherbaria.org/portal/index.php</onlineUrl>
        </metadataProvider>
        <associatedParty>
            <individualName>
                <surName>Steven B. Rolfsmeier</surName>
            </individualName>
            <electronicMailAddress>srolfsmeier@csc.edu</electronicMailAddress>
            <role>CONTENT_PROVIDER</role>
        </associatedParty>
        <pubDate>
                2025-06-03
        </pubDate>
        <language>ENGLISH</language>
        <abstract>
            <para>Founded in 1958, the High Plains Herbarium at Chadron State College (CSCN) houses over 60,000 plant specimens and is the second largest collection in Nebraska. Historically our focus has been on the vascular flora of the Nebraska Panhandle, southwestern South Dakota and eastern Wyoming, with special emphasis on the Nebraska Pine Ridge escarpment and Sandhills. We also have a strong representation of material from the central Great Plains, particularly Nebraska and Kansas as well as the Rocky Mountains. In recent years we have expanded our holdings to include over 2000 bryophyte and nearly 1000 lichen specimens, mostly from the Nebraska Panhandle. The herbarium also houses the personal herbarium and library of plantsman Claude A. Barr and the personal papers of ethnobotanist George Morgan, in addition an extensive historic pharmaceutical collection.</para>
        </abstract>
        <intellectualRights>
            <para>This work is licensed under a <ulink url="http://creativecommons.org/licenses/by-nc/4.0/legalcode"><citetitle>Creative Commons Attribution Non Commercial (CC-BY-NC) 4.0 License</citetitle></ulink>.</para>
        </intellectualRights>
        <licensed>
            <licenseName>Creative Commons Attribution Non Commercial 4.0 International</licenseName>
            <url>https://spdx.org/licenses/CC-BY-NC-4.0.html</url>
            <identifier>CC-BY-NC-4.0</identifier>
        </licensed>
        <distribution scope="document">
            <online>
                <url function="download">https://ngpherbaria.org/portal/content/dwca/CSCN_DwC-A.zip</url>
            </online>
        </distribution>
        <contact>
            <organizationName>Chadron State College, High Plains Herbarium</organizationName>
            <phone>[1] (308) 432-6385</phone>
            <electronicMailAddress>srolfsmeier@csc.edu</electronicMailAddress>
            <onlineUrl>https://www.csc.edu/academics/biology/herbarium/</onlineUrl>
        </contact>

    </dataset>

    <additionalMetadata>
        <metadata>
            <gbif>
                <dateStamp>2025-07-16T11:43:20Z</dateStamp>
                <citation>High Plains Herbarium at Chadron State College (2025). Chadron State College, High Plains Herbarium. Occurrence dataset https://doi.org/10.15468/wrrrke accessed via GBIF.org on 2025-07-16.</citation>
            </gbif>
        </metadata>
    </additionalMetadata>
    </eml:eml>
