<?xml version="1.0" encoding="utf-8"?>
<eml:eml xmlns:eml="https://eml.ecoinformatics.org/eml-2.2.0" xmlns:xsi="http://www.w3.org/2001/XMLSchema-instance"
         xsi:schemaLocation="https://eml.ecoinformatics.org/eml-2.2.0 https://rs.gbif.org/schema/eml-gbif-profile/1.3/eml.xsd"
packageId="af0c5d8a-7aca-4cc9-bc9a-2d9495fc1bf2"  system="http://gbif.org" scope="system"
xml:lang="en">
    <dataset>
        <alternateIdentifier>10.15468/7nmt43</alternateIdentifier>
        <alternateIdentifier>https://science-net.kahaku.go.jp/ipt2/resource?r=snet-1204-101</alternateIdentifier>
        <alternateIdentifier>af0c5d8a-7aca-4cc9-bc9a-2d9495fc1bf2</alternateIdentifier>
        <alternateIdentifier>http://science-net.kahaku.go.jp/ipt2/resource?r=snet-1204-101</alternateIdentifier>
        <title>Vascular Plant Specimens of the RYU Herbarium (Faculty of Science, University of the Ryukyus)</title>
        <creator>
            <individualName>
                <givenName>Masatsugu</givenName>
                <surName>Yokota</surName>
            </individualName>
            <organizationName>University of the Ryukyus (Faculty of Science)</organizationName>
            <positionName>Professor</positionName>
            <address>
                <country>JAPAN</country>
            </address>
            <electronicMailAddress>yokota@sci.u-ryukyu.ac.jp</electronicMailAddress>
        </creator>
        <metadataProvider>
            <individualName>
                <givenName>Masatsugu</givenName>
                <surName>Yokota</surName>
            </individualName>
            <organizationName>University of the Ryukyus (Faculty of Science)</organizationName>
            <positionName>Professor</positionName>
            <address>
                <country>JAPAN</country>
            </address>
            <electronicMailAddress>yokota@sci.u-ryukyu.ac.jp</electronicMailAddress>
        </metadataProvider>
        <pubDate>
                2025-02-14
        </pubDate>
        <language>ENGLISH</language>
        <abstract>
            <para>Vascular plant Specimens deposited in the Herbarium, Faculty of Science, University of the Ryukyus (RYU)</para>
        </abstract>
        <keywordSet>
            <keyword>Occurrence</keyword>
            <keywordThesaurus>GBIF Dataset Type Vocabulary: http://rs.gbif.org/vocabulary/gbif/dataset_type_2015-07-10.xml</keywordThesaurus>
        </keywordSet>
        <intellectualRights>
            <para>This work is licensed under a <ulink url="http://creativecommons.org/licenses/by/4.0/legalcode"><citetitle>Creative Commons Attribution (CC-BY) 4.0 License</citetitle></ulink>.</para>
        </intellectualRights>
        <licensed>
            <licenseName>Creative Commons Attribution 4.0 International</licenseName>
            <url>https://spdx.org/licenses/CC-BY-4.0.html</url>
            <identifier>CC-BY-4.0</identifier>
        </licensed>
        <distribution scope="document">
            <online>
                <url function="download">https://science-net.kahaku.go.jp/ipt2/archive.do?r=snet-1204-101</url>
            </online>
        </distribution>
        <maintenance>
            <description>
                <para></para>
            </description>
            <maintenanceUpdateFrequency>unkown</maintenanceUpdateFrequency>
        </maintenance>
        <contact>
            <individualName>
                <givenName>Masatsugu</givenName>
                <surName>Yokota</surName>
            </individualName>
            <organizationName>University of the Ryukyus (Faculty of Science)</organizationName>
            <positionName>Professor</positionName>
            <address>
                <country>JAPAN</country>
            </address>
            <electronicMailAddress>yokota@sci.u-ryukyu.ac.jp</electronicMailAddress>
        </contact>

    </dataset>

    <additionalMetadata>
        <metadata>
            <gbif>
                <dateStamp>2025-07-16T11:47:23Z</dateStamp>
                <citation>Yokota M (2025). Vascular Plant Specimens of the RYU Herbarium (Faculty of Science, University of the Ryukyus). Version 1.2. National Museum of Nature and Science, Japan. Occurrence dataset https://doi.org/10.15468/7nmt43 accessed via GBIF.org on 2025-07-16.</citation>
            </gbif>
        </metadata>
    </additionalMetadata>
    </eml:eml>
