<?xml version="1.0" encoding="utf-8"?>
<eml:eml xmlns:eml="https://eml.ecoinformatics.org/eml-2.2.0" xmlns:xsi="http://www.w3.org/2001/XMLSchema-instance"
         xsi:schemaLocation="https://eml.ecoinformatics.org/eml-2.2.0 https://rs.gbif.org/schema/eml-gbif-profile/1.3/eml.xsd"
packageId="b42c906d-28ef-4456-8fd6-d13d34bd50a7"  system="http://gbif.org" scope="system"
xml:lang="en">
    <dataset>
        <alternateIdentifier>10.15468/5wne5z</alternateIdentifier>
        <alternateIdentifier>https://neherbaria.org/portal/collections/misc/collprofiles.php?collid=7</alternateIdentifier>
        <title>Albion R. Hodgdon Herbarium, University of New Hampshire</title>
        <creator>
            <organizationName>CNH Portal</organizationName>
            <electronicMailAddress>patrick.sweeney@yale.edu</electronicMailAddress>
            <onlineUrl>https://neherbaria.org/portal/index.php</onlineUrl>
        </creator>
        <metadataProvider>
            <organizationName>CNH Portal</organizationName>
            <electronicMailAddress>patrick.sweeney@yale.edu</electronicMailAddress>
            <onlineUrl>https://neherbaria.org/portal/index.php</onlineUrl>
        </metadataProvider>
        <associatedParty>
            <individualName>
                <givenName>Chris</givenName>
                <surName>Neefus</surName>
            </individualName>
            <positionName>Director</positionName>
            <electronicMailAddress>chris.neefus@unh.edu</electronicMailAddress>
            <role>CONTENT_PROVIDER</role>
        </associatedParty>
        <associatedParty>
            <individualName>
                <givenName>Erin</givenName>
                <surName>Sigel</surName>
            </individualName>
            <electronicMailAddress>Erin.Sigel@unh.edu</electronicMailAddress>
            <role>CONTENT_PROVIDER</role>
        </associatedParty>
        <pubDate>
                2025-07-02
        </pubDate>
        <language>ENGLISH</language>
        <abstract>
            <para>The NHA herbarium comprises approximately 200,000 specimens (120,000 vascular plants, 80,000 marine algae, and 550 bryophytes and lichens). The collection contains a combination of historic and recently collected specimens, including 97 nomenclatural type specimens and voucher specimens supporting taxonomic, ecological, and biogeographic research. While our specimens represent plant species worldwide, the collections emphasize northeastern North America and are especially strong in representing freshwater and marine habitats. An additional strength is our extensive collection of Neotropical aquatic species.</para>
        </abstract>
        <intellectualRights>
            <para>To the extent possible under law, the publisher has waived all rights to these data and has dedicated them to the <ulink url="http://creativecommons.org/publicdomain/zero/1.0/legalcode"><citetitle>Public Domain (CC0 1.0)</citetitle></ulink>. Users may copy, modify, distribute and use the work, including for commercial purposes, without restriction.</para>
        </intellectualRights>
        <licensed>
            <licenseName>Creative Commons Zero v1.0 Universal</licenseName>
            <url>https://spdx.org/licenses/CC0-1.0.html</url>
            <identifier>CC0-1.0</identifier>
        </licensed>
        <distribution scope="document">
            <online>
                <url function="download">https://neherbaria.org/portal/content/dwca/UniversityofNewHampshire-NHA_DwC-A.zip</url>
            </online>
        </distribution>
        <contact>
            <organizationName>Albion R. Hodgdon Herbarium, University of New Hampshire</organizationName>
            <electronicMailAddress>chris.neefus@unh.edu</electronicMailAddress>
            <onlineUrl>http://www.unh.edu/herbarium/</onlineUrl>
        </contact>

    </dataset>

    <additionalMetadata>
        <metadata>
            <gbif>
                <dateStamp>2025-07-16T11:43:11Z</dateStamp>
                <citation>University of New Hampshire Nature History Collections (2025). Albion R. Hodgdon Herbarium, University of New Hampshire. Occurrence dataset https://doi.org/10.15468/5wne5z accessed via GBIF.org on 2025-07-16.</citation>
            </gbif>
        </metadata>
    </additionalMetadata>
    </eml:eml>
