<?xml version="1.0" encoding="utf-8"?>
<eml:eml xmlns:eml="https://eml.ecoinformatics.org/eml-2.2.0" xmlns:xsi="http://www.w3.org/2001/XMLSchema-instance"
         xsi:schemaLocation="https://eml.ecoinformatics.org/eml-2.2.0 https://rs.gbif.org/schema/eml-gbif-profile/1.3/eml.xsd"
packageId="bf97ab5c-c909-4d0b-ae3c-7d34775770f9"  system="http://gbif.org" scope="system"
xml:lang="en">
    <dataset>
        <alternateIdentifier>10.15468/cfhmbw</alternateIdentifier>
        <title>Wikiplantbase #Italia</title>
        <associatedParty>
            <individualName>
                <surName>Gianni Bedini</surName>
            </individualName>
            <address>
                <deliveryPoint>Dipartimento di Biologia, Università di Pisa, via Derna 1, I-56126 Pisa, Italy</deliveryPoint>
            </address>
            <phone>+39 050 2211 314</phone>
            <electronicMailAddress>gianni.bedini@unipi.it</electronicMailAddress>
            <role>TECHNICAL_POINT_OF_CONTACT</role>
        </associatedParty>
        <pubDate>
                2020-01-01
        </pubDate>
        <language>en</language>
        <abstract>
            A project for the whole national territory
        </abstract>
        <intellectualRights>
            <para>To the extent possible under law, the publisher has waived all rights to these data and has dedicated them to the <ulink url="http://creativecommons.org/publicdomain/zero/1.0/legalcode"><citetitle>Public Domain (CC0 1.0)</citetitle></ulink>. Users may copy, modify, distribute and use the work, including for commercial purposes, without restriction.</para>
        </intellectualRights>
        <licensed>
            <licenseName>Creative Commons Zero v1.0 Universal</licenseName>
            <url>https://spdx.org/licenses/CC0-1.0.html</url>
            <identifier>CC0-1.0</identifier>
        </licensed>
        <contact>
            <individualName>
                <surName>Gianni Bedini</surName>
            </individualName>
            <address>
                <deliveryPoint>Dipartimento di Biologia, via Derna 1, I-56126 Pisa, Italia</deliveryPoint>
            </address>
            <phone>+390502211314</phone>
            <electronicMailAddress>Gianni.bedini@unipi.it</electronicMailAddress>
        </contact>

    </dataset>

    <additionalMetadata>
        <metadata>
            <gbif>
                <dateStamp>2025-07-16T11:46:59Z</dateStamp>
                <citation>Dipartimento di Biologia, Università di Pisa (2020). Wikiplantbase #Italia. Occurrence dataset https://doi.org/10.15468/cfhmbw accessed via GBIF.org on 2025-07-16.</citation>
            </gbif>
        </metadata>
    </additionalMetadata>
    </eml:eml>
