<?xml version="1.0" encoding="utf-8"?>
<eml:eml xmlns:eml="https://eml.ecoinformatics.org/eml-2.2.0" xmlns:xsi="http://www.w3.org/2001/XMLSchema-instance"
         xsi:schemaLocation="https://eml.ecoinformatics.org/eml-2.2.0 https://rs.gbif.org/schema/eml-gbif-profile/1.3/eml.xsd"
packageId="e45c7d91-81c6-4455-86e3-2965a5739b1f"  system="http://gbif.org" scope="system"
xml:lang="en">
    <dataset>
        <alternateIdentifier>10.15468/wtlymk</alternateIdentifier>
        <alternateIdentifier>https://ipt.gbif.no/resource?r=o_vascular</alternateIdentifier>
        <alternateIdentifier>e45c7d91-81c6-4455-86e3-2965a5739b1f</alternateIdentifier>
        <alternateIdentifier>1078</alternateIdentifier>
        <title>Vascular Plant Herbarium, Oslo (O) UiO</title>
        <creator>
            <organizationName>UiO Vascular Plants Herbarium, Natural History Museum, University of Oslo</organizationName>
            <address>
                <deliveryPoint>Sars gate 1</deliveryPoint>
                <city>Oslo</city>
                <postalCode>0562</postalCode>
                <country>NORWAY</country>
            </address>
            <phone>+4722851630</phone>
            <electronicMailAddress>postmottak@nhm.uio.no</electronicMailAddress>
            <onlineUrl>https://www.nhm.uio.no/forskning/samlinger/botanikk/karplanteherbariet/</onlineUrl>
        </creator>
        <metadataProvider>
            <organizationName>GBIF Norway</organizationName>
            <address>
                <deliveryPoint>Sars gate 1</deliveryPoint>
                <city>Oslo</city>
                <administrativeArea>Norway</administrativeArea>
                <postalCode>0562</postalCode>
                <country>NORWAY</country>
            </address>
            <phone>+4722851620</phone>
            <electronicMailAddress>helpdesk@gbif.no</electronicMailAddress>
            <onlineUrl>https://www.gbif.no</onlineUrl>
        </metadataProvider>
        <associatedParty>
            <organizationName>GBIF Norway</organizationName>
            <address>
                <deliveryPoint>Sars gate 1</deliveryPoint>
                <city>Oslo</city>
                <administrativeArea>Norway</administrativeArea>
                <postalCode>0562</postalCode>
                <country>NORWAY</country>
            </address>
            <phone>22851620</phone>
            <electronicMailAddress>helpdesk@gbif.no</electronicMailAddress>
            <onlineUrl>https://www.gbif.no</onlineUrl>
            <role>USER</role>
        </associatedParty>
        <associatedParty>
            <individualName>
                <givenName>Bjørn-Petter</givenName>
                <surName>Løfall</surName>
            </individualName>
            <organizationName>UiO Natural History Museum, University of Oslo</organizationName>
            <positionName>Head engineer</positionName>
            <address>
                <deliveryPoint>Sars gate 1</deliveryPoint>
                <city>Oslo</city>
                <postalCode>0562</postalCode>
                <country>NORWAY</country>
            </address>
            <phone>+47-22851619</phone>
            <electronicMailAddress>b.p.lofall@nhm.uio.no</electronicMailAddress>
            <onlineUrl>https://www.nhm.uio.no/english/about/organization/technical-scientific-conservation/people/bplofall/index.html</onlineUrl>
            <role>POINT_OF_CONTACT</role>
        </associatedParty>
        <associatedParty>
            <individualName>
                <givenName>Charlotte Sletten</givenName>
                <surName>Bjorå</surName>
            </individualName>
            <organizationName>UiO Natural History Museum</organizationName>
            <positionName>Associate professor, curator</positionName>
            <address>
                <deliveryPoint>Sars gate 1</deliveryPoint>
                <city>Oslo</city>
                <postalCode>0562</postalCode>
                <country>NORWAY</country>
            </address>
            <phone>+47-22851718</phone>
            <electronicMailAddress>csletten@nhm.uio.no</electronicMailAddress>
            <onlineUrl>https://www.nhm.uio.no/english/about/organization/research-collections/people/csletten/</onlineUrl>
            <userId directory="http://orcid.org/">0000-0001-5750-0127</userId>
            <role>CURATOR</role>
        </associatedParty>
        <associatedParty>
            <individualName>
                <givenName>Reidar</givenName>
                <surName>Elven</surName>
            </individualName>
            <organizationName>UiO Natural History Museum, University of Oslo</organizationName>
            <positionName>Professor emeritus</positionName>
            <address>
                <city>Oslo</city>
                <country>NORWAY</country>
            </address>
            <electronicMailAddress>reidar.elven@nhm.uio.no</electronicMailAddress>
            <role>CONTENT_PROVIDER</role>
        </associatedParty>
        <associatedParty>
            <individualName>
                <givenName>Jan Erik</givenName>
                <surName>Eriksen</surName>
            </individualName>
            <organizationName>UiO Natural History Museum</organizationName>
            <positionName>Principal Engineer</positionName>
            <address>
                <city>Oslo</city>
                <country>NORWAY</country>
            </address>
            <electronicMailAddress>j.e.eriksen@nhm.uio.no</electronicMailAddress>
            <onlineUrl>https://www.nhm.uio.no/english/about/organization/technical-scientific-conservation/people/jane/index.html</onlineUrl>
            <role>CONTENT_PROVIDER</role>
        </associatedParty>
        <pubDate>
                2025-07-14
        </pubDate>
        <language>ENGLISH</language>
        <abstract>
            <para>Natural History Museum, University of Oslo.
Vascular plant collection.</para>
        </abstract>
        <keywordSet>
            <keyword>Occurrence</keyword>
            <keywordThesaurus>GBIF Dataset Type Vocabulary: http://rs.gbif.org/vocabulary/gbif/dataset_type.xml</keywordThesaurus>
        </keywordSet>
        <keywordSet>
            <keyword>Specimen</keyword>
            <keywordThesaurus>GBIF Dataset Subtype Vocabulary: http://rs.gbif.org/vocabulary/gbif/dataset_subtype.xml</keywordThesaurus>
        </keywordSet>
        <keywordSet>
            <keyword>Occurrence</keyword>
            <keywordThesaurus>GBIF Dataset Type Vocabulary: http://rs.gbif.org/vocabulary/gbif/dataset_type_2015-07-10.xml</keywordThesaurus>
        </keywordSet>
        <keywordSet>
            <keyword>musit-norway</keyword>
            <keywordThesaurus>n/a</keywordThesaurus>
        </keywordSet>
        <intellectualRights>
            <para>This work is licensed under a <ulink url="http://creativecommons.org/licenses/by/4.0/legalcode"><citetitle>Creative Commons Attribution (CC-BY) 4.0 License</citetitle></ulink>.</para>
        </intellectualRights>
        <licensed>
            <licenseName>Creative Commons Attribution 4.0 International</licenseName>
            <url>https://spdx.org/licenses/CC-BY-4.0.html</url>
            <identifier>CC-BY-4.0</identifier>
        </licensed>
        <distribution scope="document">
            <online>
                <url function="information">https://www.nhm.uio.no/samlinger/botanikk/karplanteherbariet/</url>
            </online>
        </distribution>
        <distribution scope="document">
            <online>
                <url function="download">https://ipt.gbif.no/archive.do?r=o_vascular</url>
            </online>
        </distribution>
        <coverage>
            <geographicCoverage>
                <geographicDescription>Most of the material in the collection is from Norway (including Svalbard)</geographicDescription>
                <boundingCoordinates>
                    <westBoundingCoordinate>-180</westBoundingCoordinate>
                    <eastBoundingCoordinate>180</eastBoundingCoordinate>
                    <northBoundingCoordinate>90</northBoundingCoordinate>
                    <southBoundingCoordinate>-90</southBoundingCoordinate>
                </boundingCoordinates>
            </geographicCoverage>
            <taxonomicCoverage>
                <taxonomicClassification>
                    <taxonRankName>Kingdom</taxonRankName>
                    <taxonRankValue>Plantae</taxonRankValue>
                    <commonName>Vascular plants</commonName>
                </taxonomicClassification>
            </taxonomicCoverage>
        </coverage>
        <maintenance>
            <description>
                <para></para>
            </description>
            <maintenanceUpdateFrequency>daily</maintenanceUpdateFrequency>
        </maintenance>
        <contact>
            <individualName>
                <givenName>Charlotte Sletten</givenName>
                <surName>Bjorå</surName>
            </individualName>
            <organizationName>UiO Natural History Museum, University of Oslo</organizationName>
            <address>
                <deliveryPoint>Sars gate 1</deliveryPoint>
                <city>Oslo</city>
                <administrativeArea>Norway</administrativeArea>
                <postalCode>0562</postalCode>
                <country>NORWAY</country>
            </address>
            <phone>+47-22851718</phone>
            <electronicMailAddress>charlotte.bjora@nhm.uio.no</electronicMailAddress>
            <onlineUrl>https://www.nhm.uio.no/english/about/organization/research-collections/people/csletten/</onlineUrl>
            <userId directory="http://orcid.org/">0000-0001-5750-0127</userId>
        </contact>

    </dataset>

    <additionalMetadata>
        <metadata>
            <gbif>
                <dateStamp>2025-07-16T11:43:29Z</dateStamp>
                <citation>University of Oslo (2025). Vascular Plant Herbarium, Oslo (O) UiO. Version 1.2262. Occurrence dataset https://doi.org/10.15468/wtlymk accessed via GBIF.org on 2025-07-16.</citation>
                <resourceLogoUrl>http://upload.wikimedia.org/wikipedia/commons/f/f4/UiO_logo.png</resourceLogoUrl>
                <collection>
                    <parentCollectionIdentifier>https://registry.gbif.org/collection/8bc83867-c9d2-4350-bedf-d8652f548f6f</parentCollectionIdentifier>
                    <collectionIdentifier>https://registry.gbif.org/collection/b9a69abb-77e3-4ea4-a6da-89cd20502c66</collectionIdentifier>
                    <collectionName>Vascular Plant Herbarium, Oslo (O-V) UiO</collectionName>
                </collection>
                <formationPeriod>1800-current</formationPeriod>
                <specimenPreservationMethod>DRIED_AND_PRESSED</specimenPreservationMethod>
            </gbif>
        </metadata>
    </additionalMetadata>
    </eml:eml>
