<?xml version="1.0" encoding="utf-8"?>
<eml:eml xmlns:eml="https://eml.ecoinformatics.org/eml-2.2.0" xmlns:xsi="http://www.w3.org/2001/XMLSchema-instance"
         xsi:schemaLocation="https://eml.ecoinformatics.org/eml-2.2.0 https://rs.gbif.org/schema/eml-gbif-profile/1.3/eml.xsd"
packageId="e5d9d04e-ffd1-4395-9b10-76034f0c619c"  system="http://gbif.org" scope="system"
xml:lang="en">
    <dataset>
        <alternateIdentifier>10.15468/b7tfpa</alternateIdentifier>
        <alternateIdentifier>https://swbiodiversity.org/seinet/collections/misc/collprofiles.php?collid=3</alternateIdentifier>
        <title>Deaver Herbarium (Northern Arizona University)</title>
        <creator>
            <organizationName>SEINet Portal Network</organizationName>
            <electronicMailAddress>seinetAdmin@asu.edu</electronicMailAddress>
            <onlineUrl>https://swbiodiversity.org/seinet/index.php</onlineUrl>
        </creator>
        <metadataProvider>
            <organizationName>SEINet Portal Network</organizationName>
            <electronicMailAddress>seinetAdmin@asu.edu</electronicMailAddress>
            <onlineUrl>https://swbiodiversity.org/seinet/index.php</onlineUrl>
        </metadataProvider>
        <associatedParty>
            <individualName>
                <surName>General Contact</surName>
            </individualName>
            <electronicMailAddress>deaver.herbarium@nau.edu</electronicMailAddress>
            <role>CONTENT_PROVIDER</role>
        </associatedParty>
        <associatedParty>
            <individualName>
                <givenName>Richie</givenName>
                <surName>Hodel</surName>
            </individualName>
            <positionName>Curator</positionName>
            <electronicMailAddress>richard.hodel@nau.edu</electronicMailAddress>
            <role>CONTENT_PROVIDER</role>
        </associatedParty>
        <associatedParty>
            <individualName>
                <givenName>Tina</givenName>
                <surName>Ayers</surName>
            </individualName>
            <positionName>Curator Emeritus</positionName>
            <electronicMailAddress>tina.ayers@nau.edu</electronicMailAddress>
            <role>CONTENT_PROVIDER</role>
        </associatedParty>
        <pubDate>
                2025-07-09
        </pubDate>
        <language>ENGLISH</language>
        <abstract>
            <para>Number of Specimens: 125,000 Specialty: Colorado Plateau, especially northern Arizona; northeastern Mojave Desert; northern Arizona National Parks and Monuments; vascular plants of the San Francisco Peaks and Coconino National Forest. Important Collections: M. Baker; R. E. Collom; C. F. Deaver; D. Demaree; R. K. Gierisch; L. N. Goodding; G. Goodwin; H. D. Hammond; R. H. Hevly; M. E. Jones; T. H. Kearney; Max Licher; E. L. Little, Jr.; V. O. Mayes; A. M. Phillips; G. R. Rink; C. G. Schaack; J. J. Thornber; A. F. Whiting. Incorporated Herbaria: FSLF (1000 specimens) in 1989. Notes: Arizona State College changed to Northern Arizona University in 1966. ASC fungi transferred to MICH in 1998. ASC is temporarily housing NAVA. Date Founded: 1930.</para>
        </abstract>
        <intellectualRights>
            <para>This work is licensed under a <ulink url="http://creativecommons.org/licenses/by/4.0/legalcode"><citetitle>Creative Commons Attribution (CC-BY) 4.0 License</citetitle></ulink>.</para>
        </intellectualRights>
        <licensed>
            <licenseName>Creative Commons Attribution 4.0 International</licenseName>
            <url>https://spdx.org/licenses/CC-BY-4.0.html</url>
            <identifier>CC-BY-4.0</identifier>
        </licensed>
        <distribution scope="document">
            <online>
                <url function="download">https://swbiodiversity.org/seinet/content/dwca/ASC_DwC-A.zip</url>
            </online>
        </distribution>
        <contact>
            <organizationName>Deaver Herbarium (Northern Arizona University)</organizationName>
            <phone>928/523-9482</phone>
            <electronicMailAddress>deaver.herbarium@nau.edu</electronicMailAddress>
            <onlineUrl>https://nau.edu/biological-sciences/deaver-herbarium/</onlineUrl>
        </contact>

    </dataset>

    <additionalMetadata>
        <metadata>
            <gbif>
                <dateStamp>2025-07-16T11:43:14Z</dateStamp>
                <citation>Northern Arizona University (2025). Deaver Herbarium (Northern Arizona University). Occurrence dataset https://doi.org/10.15468/b7tfpa accessed via GBIF.org on 2025-07-16.</citation>
            </gbif>
        </metadata>
    </additionalMetadata>
    </eml:eml>
