<?xml version="1.0" encoding="utf-8"?>
<eml:eml xmlns:eml="https://eml.ecoinformatics.org/eml-2.2.0" xmlns:xsi="http://www.w3.org/2001/XMLSchema-instance"
         xsi:schemaLocation="https://eml.ecoinformatics.org/eml-2.2.0 https://rs.gbif.org/schema/eml-gbif-profile/1.3/eml.xsd"
packageId="f60e31a5-dc12-44c1-8358-098f131cd141"  system="http://gbif.org" scope="system"
xml:lang="en">
    <dataset>
        <alternateIdentifier>10.15468/rsvnif</alternateIdentifier>
        <alternateIdentifier>f60e31a5-dc12-44c1-8358-098f131cd141</alternateIdentifier>
        <alternateIdentifier>https://registry.nbnatlas.org/public/show/dr656</alternateIdentifier>
        <alternateIdentifier>198ce12e-2c9e-347a-a9bc-cdfa3af085be</alternateIdentifier>
        <title>Welsh BSBI data (ex-VPDB dataset) at hectad resolution</title>
        <creator>
            <organizationName>Botanical Society of Britain &amp; Ireland</organizationName>
        </creator>
        <metadataProvider>
            <organizationName>Botanical Society of Britain &amp; Ireland</organizationName>
        </metadataProvider>
        <associatedParty>
            <organizationName>NBN Atlas</organizationName>
            <address>
                <deliveryPoint>27 Old Gloucester St, Holborn</deliveryPoint>
                <city>London</city>
                <administrativeArea>London</administrativeArea>
                <postalCode>WC1N 3AX</postalCode>
                <country>UNITED_KINGDOM</country>
            </address>
            <electronicMailAddress>admin@nbnatlas.org</electronicMailAddress>
            <role>DISTRIBUTOR</role>
        </associatedParty>
        <pubDate>
                2023-09-19
        </pubDate>
        <language>ENGLISH</language>
        <intellectualRights>
            <para>This work is licensed under a <ulink url="http://creativecommons.org/licenses/by-nc/4.0/legalcode"><citetitle>Creative Commons Attribution Non Commercial (CC-BY-NC) 4.0 License</citetitle></ulink>.</para>
        </intellectualRights>
        <licensed>
            <licenseName>Creative Commons Attribution Non Commercial 4.0 International</licenseName>
            <url>https://spdx.org/licenses/CC-BY-NC-4.0.html</url>
            <identifier>CC-BY-NC-4.0</identifier>
        </licensed>
        <distribution scope="document">
            <online>
                <url function="information">https://registry.nbnatlas.org/public/show/dr656</url>
            </online>
        </distribution>
        <distribution scope="document">
            <online>
                <url function="download">https://registry.nbnatlas.org/archives/dr656/dr656.zip</url>
            </online>
        </distribution>
        <purpose>&lt;para/&gt;</purpose>
        <contact>
            <individualName>
                <givenName>Tom</givenName>
                <surName>Humphrey</surName>
            </individualName>
            <positionName>editor</positionName>
            <electronicMailAddress>tom.humphrey@bsbi.org</electronicMailAddress>
        </contact>

    </dataset>

    <additionalMetadata>
        <metadata>
            <gbif>
                <dateStamp>2025-07-16T11:46:57Z</dateStamp>
                <citation>Botanical Society of Britain &amp; Ireland (2023). Welsh BSBI data (ex-VPDB dataset) at hectad resolution. Occurrence dataset https://doi.org/10.15468/rsvnif accessed via GBIF.org on 2025-07-16.</citation>
                <resourceLogoUrl>https://registry.nbnatlas.org/data/dataProvider/BSBIstackedcolour.png</resourceLogoUrl>
            </gbif>
        </metadata>
    </additionalMetadata>
    </eml:eml>
